[2026-03-16 12:27:04] [*] 울트라 패스트 수집 시작: 대상 3574건 (병렬:12)
[2026-03-16 12:27:07]  [1/3574] [성공] Anvers Anvers The Warrior... | 분포:True
[2026-03-16 12:27:07]  [3/3574] [성공] Alpha Domus Merlot - Cabe... | 분포:True
[2026-03-16 12:27:07]  [2/3574] [성공] Matrot Bourgogne Chardonn... | 분포:True
[2026-03-16 12:27:07]  [5/3574] [성공] l'Octavin Grenabar 2023... | 분포:True
[2026-03-16 12:27:07]  [8/3574] [성공] Celler Laurona 6 Vinyes d... | 분포:True
[2026-03-16 12:27:07]  [4/3574] [성공] Kumeu River Coddington Ch... | 분포:True
[2026-03-16 12:27:07]  [6/3574] [성공] Yellow Tail Pink Moscato... | 분포:True
[2026-03-16 12:27:07]  [9/3574] [성공] St. Michael-Eppan Weissbu... | 분포:True
[2026-03-16 12:27:07]  [12/3574] [성공] Vignerons de Buxy Montagn... | 분포:True
[2026-03-16 12:27:08]  [7/3574] [성공] Rocca di Castagnoli Poggi... | 분포:True
[2026-03-16 12:27:08]  [10/3574] [성공] 47 Anno Domini Raboso 194... | 분포:True
[2026-03-16 12:27:08]  [11/3574] [성공] Destiny Bay Vineyards Mys... | 분포:True
[2026-03-16 12:27:09]  [14/3574] [성공] Takapoto Estate Reserve C... | 분포:True
[2026-03-16 12:27:09]  [13/3574] [성공] Franz Hirtzberger Hochrai... | 분포:True
[2026-03-16 12:27:10]  [15/3574] [성공] Hogue Merlot 2002... | 분포:False
[2026-03-16 12:27:10]  [20/3574] [성공] Rockburn Tigermoth Riesli... | 분포:True
[2026-03-16 12:27:10]  [16/3574] [성공] Fuligni Rosso di Montalci... | 분포:True
[2026-03-16 12:27:10]  [17/3574] [성공] Robert-Denogent Les Sardi... | 분포:True
[2026-03-16 12:27:10]  [18/3574] [성공] Weinert Cavas de Weinert ... | 분포:True
[2026-03-16 12:27:10]  [22/3574] [성공] Casa Silva 3 Cepas Reserv... | 분포:False
[2026-03-16 12:27:10]  [19/3574] [성공] Franz Hirtzberger Pluris ... | 분포:True
[2026-03-16 12:27:10]  [21/3574] [성공] Domaine Poisot Père & Fil... | 분포:True
[2026-03-16 12:27:10]  [24/3574] [성공] Mitchelton Preece Caberne... | 분포:True
[2026-03-16 12:27:10]  [23/3574] [성공] Trinity Hill Homage Syrah... | 분포:True
[2026-03-16 12:27:11]  [26/3574] [성공] Sensi Testardo Sangiovese... | 분포:True
[2026-03-16 12:27:11]  [25/3574] [성공] Château Teyssier Puissegu... | 분포:True
[2026-03-16 12:27:11]  [28/3574] [성공] Gaja Sito Moresco Langhe ... | 분포:True
[2026-03-16 12:27:12]  [27/3574] [성공] Cavalleri Blanc de Blancs... | 분포:True
[2026-03-16 12:27:12]  [29/3574] [성공] Salwey Grauburgunder Kais... | 분포:True
[2026-03-16 12:27:12]  [30/3574] [성공] Toro Albalá Marqués de Po... | 분포:True
[2026-03-16 12:27:12] --- 중간 저장: 누적 30건 ---
[2026-03-16 12:27:21]  [35/3574] [성공] Royal Tokaji Furmint 2008... | 분포:True
[2026-03-16 12:27:21]  [32/3574] [성공] Elena Walch Gewürztramine... | 분포:True
[2026-03-16 12:27:21]  [31/3574] [성공] Greywacke Wild Sauvignon ... | 분포:True
[2026-03-16 12:27:21]  [33/3574] [성공] Manu Sauvignon Blanc 2014... | 분포:True
[2026-03-16 12:27:21]  [34/3574] [성공] Best's Cabernet Sauvignon... | 분포:True
[2026-03-16 12:27:21]  [36/3574] [성공] l'Octavin Ivre de Vivre 2... | 분포:True
[2026-03-16 12:27:22]  [39/3574] [성공] Château Cissac Haut-Médoc... | 분포:True
[2026-03-16 12:27:22]  [37/3574] [성공] Cavalchina Custoza 2022... | 분포:True
[2026-03-16 12:27:22]  [40/3574] [성공] Braida Montebruna Barbera... | 분포:True
[2026-03-16 12:27:22]  [38/3574] [성공] Bodega Norton Barrel Sele... | 분포:True
[2026-03-16 12:27:22]  [41/3574] [성공] Château Croizet-Bages La ... | 분포:True
[2026-03-16 12:27:23]  [42/3574] [성공] Leveret Estate Sauvignon ... | 분포:True
[2026-03-16 12:27:24]  [43/3574] [성공] Egon Müller - Scharzhof S... | 분포:True
[2026-03-16 12:27:24]  [44/3574] [성공] Château Léoville Barton S... | 분포:True
[2026-03-16 12:27:24]  [47/3574] [성공] Wolf Blass Eaglehawk Shir... | 분포:True
[2026-03-16 12:27:24]  [48/3574] [성공] Masi Costasera Amarone de... | 분포:True
[2026-03-16 12:27:25]  [49/3574] [성공] Best's Bin No 0 Shiraz 20... | 분포:True
[2026-03-16 12:27:25]  [50/3574] [성공] Bodegas Muga Muga Blanco ... | 분포:True
[2026-03-16 12:27:25]  [52/3574] [성공] Weinert Malbec Estrella 1... | 분포:True
[2026-03-16 12:27:25]  [51/3574] [성공] Stonestreet Cabernet Sauv... | 분포:True
[2026-03-16 12:27:25]  [53/3574] [성공] Domaine Marquis d'Angervi... | 분포:True
[2026-03-16 12:27:25]  [46/3574] [성공] Château La Roque Côteaux ... | 분포:True
[2026-03-16 12:27:25]  [54/3574] [성공] Château Thieuley Bordeaux... | 분포:True
[2026-03-16 12:27:25]  [45/3574] [성공] Stone Cellars Zinfandel 2... | 분포:True
[2026-03-16 12:27:26]  [55/3574] [성공] Edgewood Estate Cabernet ... | 분포:True
[2026-03-16 12:27:26]  [60/3574] [성공] Rippon 'Rippon' Mature Vi... | 분포:True
[2026-03-16 12:27:27]  [58/3574] [성공] Vietti Arneis Roero 2018... | 분포:True
[2026-03-16 12:27:27]  [57/3574] [성공] Ascheri Barolo Sorano 200... | 분포:True
[2026-03-16 12:27:27]  [56/3574] [성공] J. Bouchon Merlot Reserva... | 분포:True
[2026-03-16 12:27:27]  [59/3574] [성공] 13th Street June's Vineya... | 분포:True
[2026-03-16 12:27:27] --- 중간 저장: 누적 60건 ---
[2026-03-16 12:27:35]  [65/3574] [성공] Roger Pouillon & Fils Bru... | 분포:True
[2026-03-16 12:27:36]  [62/3574] [성공] Prunotto Costamiòle Barbe... | 분포:True
[2026-03-16 12:27:36]  [70/3574] [성공] Ricasoli Castello di Brol... | 분포:True
[2026-03-16 12:27:36]  [61/3574] [성공] Château Léoville Barton S... | 분포:True
[2026-03-16 12:27:36]  [69/3574] [성공] Montes Montes Alpha Caber... | 분포:True
[2026-03-16 12:27:36]  [66/3574] [성공] Gibbston Valley Riesling ... | 분포:False
[2026-03-16 12:27:36]  [64/3574] [성공] Fond Cyprès Le Carignan d... | 분포:True
[2026-03-16 12:27:36]  [71/3574] [성공] Luigi Bosca Malbec 2023... | 분포:True
[2026-03-16 12:27:36]  [68/3574] [성공] Viña Maipo Dulzino Blush ... | 분포:True
[2026-03-16 12:27:37]  [67/3574] [성공] Veyder-Malberg Alter.Nati... | 분포:True
[2026-03-16 12:27:37]  [63/3574] [성공] Henri Bourgeois Sancerre ... | 분포:True
[2026-03-16 12:27:37]  [72/3574] [성공] Mamete Prevostini Opera B... | 분포:True
[2026-03-16 12:27:37]  [74/3574] [성공] Castello Nipozzano Chiant... | 분포:True
[2026-03-16 12:27:38]  [77/3574] [성공] Domaine Comte Georges de ... | 분포:True
[2026-03-16 12:27:39]  [73/3574] [성공] Brokenwood Shiraz 2004... | 분포:True
[2026-03-16 12:27:39]  [75/3574] [성공] Château Saint-Roch Chimèr... | 분포:True
[2026-03-16 12:27:40]  [76/3574] [성공] Paraduxx Rector Creek Vin... | 분포:True
[2026-03-16 12:27:40]  [78/3574] [성공] Mas de Daumas Gassac Haut... | 분포:True
[2026-03-16 12:27:40]  [81/3574] [성공] La Chablisienne Cuvée L. ... | 분포:True
[2026-03-16 12:27:41]  [83/3574] [성공] Stephane Montez - Domaine... | 분포:True
[2026-03-16 12:27:41]  [79/3574] [성공] Oriol Rossell Rocaplana S... | 분포:True
[2026-03-16 12:27:41]  [82/3574] [성공] Bodegas Tintoralba Higuer... | 분포:True
[2026-03-16 12:27:41]  [85/3574] [성공] Tantalus Évoque Reserve 2... | 분포:True
[2026-03-16 12:27:41]  [80/3574] [성공] Tatachilla Sauvignon Blan... | 분포:True
[2026-03-16 12:27:41]  [84/3574] [성공] Master One Gran Reserva C... | 분포:True
[2026-03-16 12:27:42]  [87/3574] [성공] Mitchelton Print Shiraz 2... | 분포:True
[2026-03-16 12:27:42]  [89/3574] [성공] Domaine Serene Evenstad R... | 분포:True
[2026-03-16 12:27:42]  [86/3574] [성공] Kaesler Cabernet Sauvigno... | 분포:True
[2026-03-16 12:27:43]  [88/3574] [성공] Chalk Hill Barbera 2011... | 분포:True
[2026-03-16 12:27:43]  [90/3574] [성공] Majoros Deák Tokaji Furmi... | 분포:True
[2026-03-16 12:27:43] --- 중간 저장: 누적 90건 ---
[2026-03-16 12:27:53]  [94/3574] [성공] Weingut Knoll Loibner Grü... | 분포:True
[2026-03-16 12:27:53]  [99/3574] [성공] A.F. Gros Gevrey-Chambert... | 분포:True
[2026-03-16 12:27:54]  [98/3574] [성공] Paraduxx Postmark Rector ... | 분포:True
[2026-03-16 12:27:54]  [93/3574] [성공] Col d'Orcia Brunello di M... | 분포:True
[2026-03-16 12:27:54]  [91/3574] [성공] Black Barn Single Vineyar... | 분포:True
[2026-03-16 12:27:54]  [92/3574] [성공] F.X. Pichler Unendlich Ri... | 분포:True
[2026-03-16 12:27:54]  [96/3574] [성공] Rutini Cabernet Sauvignon... | 분포:True
[2026-03-16 12:27:54]  [102/3574] [성공] Jermann Red Angel On The ... | 분포:True
[2026-03-16 12:27:54]  [101/3574] [성공] Beso de Vino Xmas Special... | 분포:True
[2026-03-16 12:27:54]  [100/3574] [성공] Franz Hirtzberger Ried St... | 분포:True
[2026-03-16 12:27:55]  [95/3574] [성공] Castello Nipozzano Chiant... | 분포:True
[2026-03-16 12:27:55]  [97/3574] [성공] Finca La Celia Supremo 20... | 분포:True
[2026-03-16 12:27:55]  [103/3574] [성공] Les Crêtes Torrette 2023... | 분포:True
[2026-03-16 12:27:56]  [104/3574] [성공] Mantlerhof Roter Veltline... | 분포:True
[2026-03-16 12:27:56]  [111/3574] [성공] Château Moulin de Blancho... | 분포:True
[2026-03-16 12:27:56]  [107/3574] [성공] Paul Achs Ungerberg Blauf... | 분포:True
[2026-03-16 12:27:57]  [105/3574] [성공] Domaine Tortochot Gevrey-... | 분포:True
[2026-03-16 12:27:57]  [110/3574] [성공] St. Michael-Eppan Pagis V... | 분포:True
[2026-03-16 12:27:57]  [108/3574] [성공] Weingut Max Ferd. Richter... | 분포:True
[2026-03-16 12:27:57]  [109/3574] [성공] Oxford Landing Cabernet S... | 분포:True
[2026-03-16 12:27:57]  [112/3574] [성공] Domaine Boris Champy Alti... | 분포:True
[2026-03-16 12:27:57]  [113/3574] [성공] Clos de la Vieille Eglise... | 분포:False
[2026-03-16 12:27:57]  [106/3574] [성공] Carrick Bannockburn Pinot... | 분포:True
[2026-03-16 12:27:58]  [117/3574] [성공] Mirador de Castilla Selec... | 분포:True
[2026-03-16 12:27:58]  [114/3574] [성공] Anakena ONA (Special Rese... | 분포:True
[2026-03-16 12:27:58]  [115/3574] [성공] Domaine de Chantegrive Ch... | 분포:True
[2026-03-16 12:27:58]  [119/3574] [성공] Domain Road Vineyard Defi... | 분포:True
[2026-03-16 12:27:59]  [118/3574] [성공] Famille Perrin Côtes-du-R... | 분포:True
[2026-03-16 12:27:59]  [120/3574] [성공] Coopers Creek Chardonnay ... | 분포:True
[2026-03-16 12:27:59]  [116/3574] [성공] Mamete Prevostini Marena ... | 분포:True
[2026-03-16 12:27:59] --- 중간 저장: 누적 120건 ---
[2026-03-16 12:28:07]  [127/3574] [성공] Paraduxx X2 2022... | 분포:True
[2026-03-16 12:28:07]  [123/3574] [성공] Pelee Island Winery Eco T... | 분포:True
[2026-03-16 12:28:07]  [129/3574] [성공] Clos de l'Oratoire Saint-... | 분포:True
[2026-03-16 12:28:07]  [130/3574] [성공] Penley Estate Phoenix Cab... | 분포:True
[2026-03-16 12:28:08]  [125/3574] [성공] Château Saint-André Corbi... | 분포:True
[2026-03-16 12:28:08]  [122/3574] [성공] Château Lynch-Bages Pauil... | 분포:True
[2026-03-16 12:28:08]  [131/3574] [성공] Nautilus Pinot Noir 2014... | 분포:True
[2026-03-16 12:28:08]  [121/3574] [성공] Lornano Rosso Toscano 201... | 분포:True
[2026-03-16 12:28:08]  [128/3574] [성공] Buffeteau Château Haut Da... | 분포:True
[2026-03-16 12:28:08]  [126/3574] [성공] Domaine Giachino Black Gi... | 분포:True
[2026-03-16 12:28:08]  [124/3574] [성공] Kendall-Jackson Vintner's... | 분포:True
[2026-03-16 12:28:09]  [133/3574] [성공] Elk Cove Mount Richmond P... | 분포:True
[2026-03-16 12:28:09]  [132/3574] [성공] J. Bouchon Malbec Reserva... | 분포:True
[2026-03-16 12:28:10]  [136/3574] [성공] Amisfield Lowburn Terrace... | 분포:True
[2026-03-16 12:28:10]  [135/3574] [성공] Rockburn Fumé Blanc 2024... | 분포:False
[2026-03-16 12:28:10]  [138/3574] [성공] Pierre-Yves Colin-Morey S... | 분포:True
[2026-03-16 12:28:10]  [134/3574] [성공] Moët & Chandon Nectar Imp... | 분포:True
[2026-03-16 12:28:11]  [139/3574] [성공] Argiano Brunello di Monta... | 분포:True
[2026-03-16 12:28:11]  [137/3574] [성공] La Taille Aux Loups Montl... | 분포:True
[2026-03-16 12:28:11]  [142/3574] [성공] F.X. Pichler Unendlich Gr... | 분포:True
[2026-03-16 12:28:11]  [144/3574] [성공] Perez Cruz Carmenère Limi... | 분포:True
[2026-03-16 12:28:11]  [143/3574] [성공] Cloudy Bay Pinot Noir 202... | 분포:True
[2026-03-16 12:28:12]  [149/3574] [성공] Santa Carolina Luis Perei... | 분포:True
[2026-03-16 12:28:12]  [141/3574] [성공] Domaine du Moulin-à-Vent ... | 분포:True
[2026-03-16 12:28:12]  [140/3574] [성공] Invivo Sauvignon Blanc 20... | 분포:True
[2026-03-16 12:28:12]  [145/3574] [성공] Cousiño-Macul Antiguas Re... | 분포:True
[2026-03-16 12:28:13]  [150/3574] [성공] Undurraga Aliwen Reserva ... | 분포:True
[2026-03-16 12:28:13]  [146/3574] [성공] Tardieu-Laurent Bandol 20... | 분포:True
[2026-03-16 12:28:13]  [148/3574] [성공] Casa Silva Cool Coast Sau... | 분포:True
[2026-03-16 12:28:13]  [147/3574] [성공] Michel Fonné Pinot Noir M... | 분포:True
[2026-03-16 12:28:14] --- 중간 저장: 누적 150건 ---
[2026-03-16 12:28:26]  [152/3574] [성공] Nomad at Hinterbrook Cabe... | 분포:True
[2026-03-16 12:28:26]  [156/3574] [성공] Domaine de la Fertine Côt... | 분포:True
[2026-03-16 12:28:26]  [159/3574] [성공] Dourthe Freres Numero 1 B... | 분포:False
[2026-03-16 12:28:26]  [162/3574] [성공] Paritua Red 2021... | 분포:True
[2026-03-16 12:28:26]  [161/3574] [성공] Piccini Memoro Rosso... | 분포:True
[2026-03-16 12:28:27]  [158/3574] [성공] Cloudy Bay Sauvignon Blan... | 분포:True
[2026-03-16 12:28:27]  [160/3574] [성공] Louis Roederer Rosé Brut ... | 분포:True
[2026-03-16 12:28:27]  [154/3574] [성공] Casablanca El Bosque Wine... | 분포:True
[2026-03-16 12:28:27]  [153/3574] [성공] Lapostolle Cuvée Alexandr... | 분포:True
[2026-03-16 12:28:27]  [151/3574] [성공] Hans Herzog - Hans Family... | 분포:True
[2026-03-16 12:28:27]  [157/3574] [성공] Norman Hardie Pinot Noir ... | 분포:True
[2026-03-16 12:28:27]  [155/3574] [성공] Cantina Bozen / Kellerei ... | 분포:True
[2026-03-16 12:28:29]  [165/3574] [성공] Domain Road Vineyard Pino... | 분포:True
[2026-03-16 12:28:29]  [163/3574] [성공] Casablanca El Bosque Wine... | 분포:True
[2026-03-16 12:28:29]  [164/3574] [성공] Delicato Cabernet Sauvign... | 분포:False
[2026-03-16 12:28:29]  [166/3574] [성공] Santalba Viña Hermosa Sel... | 분포:True
[2026-03-16 12:28:30]  [167/3574] [성공] Tenuta Marcianella Clusiu... | 분포:False
[2026-03-16 12:28:30]  [171/3574] [성공] Robert-Denogent La Croix ... | 분포:True
[2026-03-16 12:28:30]  [174/3574] [성공] Michel Sarrazin Rully 'Sa... | 분포:False
[2026-03-16 12:28:30]  [169/3574] [성공] Peregrine Pinot Noir 2023... | 분포:True
[2026-03-16 12:28:30]  [172/3574] [성공] Moric Blaufränkisch 2023... | 분포:True
[2026-03-16 12:28:30]  [173/3574] [성공] Ornellaia Le Volte 2021... | 분포:True
[2026-03-16 12:28:31]  [168/3574] [성공] Vista Alegre Fine Tawny P... | 분포:True
[2026-03-16 12:28:31]  [170/3574] [성공] TerraMater Altum Cabernet... | 분포:True
[2026-03-16 12:28:32]  [175/3574] [성공] Conterno Fantino Barolo S... | 분포:True
[2026-03-16 12:28:32]  [177/3574] [성공] Zehnthof Luckert Sulzfeld... | 분포:True
[2026-03-16 12:28:32]  [178/3574] [성공] Jean Foillard Morgon Côte... | 분포:True
[2026-03-16 12:28:32]  [176/3574] [성공] Wente Family Vineyards Ri... | 분포:True
[2026-03-16 12:28:33]  [179/3574] [성공] Castell del Remei ODA Neg... | 분포:True
[2026-03-16 12:28:34]  [180/3574] [성공] Château Lamartine Cahors ... | 분포:True
[2026-03-16 12:28:34] --- 중간 저장: 누적 180건 ---
[2026-03-16 12:28:44]  [181/3574] [성공] Franz Hirtzberger Ried Se... | 분포:True
[2026-03-16 12:28:44]  [182/3574] [성공] Vieux Château Perey Saint... | 분포:True
[2026-03-16 12:28:45]  [183/3574] [성공] Tenuta Regaleali Cavallo ... | 분포:True
[2026-03-16 12:28:45]  [186/3574] [성공] Jean Loron Bourgogne Pino... | 분포:True
[2026-03-16 12:28:45]  [187/3574] [성공] Cave Spring Estate Chardo... | 분포:True
[2026-03-16 12:28:45]  [192/3574] [성공] Domaine des Beaumont Char... | 분포:True
[2026-03-16 12:28:45]  [184/3574] [성공] Konyári Merlot 2013... | 분포:False
[2026-03-16 12:28:45]  [193/3574] [!] 데이터 없음: https://www.vivino.com/en/aromo-muscat-of-alexandria-late-harvest-artemisa/w/1617430?year=2009&price_id=13579487
[2026-03-16 12:28:45]  [194/3574] [!] 데이터 없음: https://www.vivino.com/en/kalleske-greenock-shiraz/w/16372?year=2013&price_id=21687586
[2026-03-16 12:28:46]  [191/3574] [성공] Banfi Brunello di Montalc... | 분포:True
[2026-03-16 12:28:46]  [188/3574] [성공] Planeta Chardonnay 2022... | 분포:True
[2026-03-16 12:28:46]  [197/3574] [!] 데이터 없음: https://www.vivino.com/en/domaine-poisot-pere-and-fils-corton-charlemagne-grand-cru/w/1635303?year=2022&price_id=37062877
[2026-03-16 12:28:46]  [195/3574] [!] 데이터 없음: https://www.vivino.com/en/prophet-s-rock-cuvee-aux-antipodes-blanc/w/8341584?year=2022&price_id=35624803
[2026-03-16 12:28:46]  [196/3574] [!] 데이터 없음: https://www.vivino.com/en/aromo-winemaker-s-selection-cabernet-sauvignon-syrah/w/1394493?year=2009&price_id=2804746
[2026-03-16 12:28:46]  [198/3574] [!] 데이터 없음: https://www.vivino.com/en/gibbston-valley-pinot-noir/w/1142375?year=2019&price_id=28635735
[2026-03-16 12:28:46]  [189/3574] [성공] Tokaj Classic Tokaji Aszú... | 분포:True
[2026-03-16 12:28:46]  [199/3574] [!] 데이터 없음: https://www.vivino.com/en/michel-fonne-tradition-sylvaner/w/2465086?year=2011&price_id=14023246
[2026-03-16 12:28:46]  [200/3574] [!] 데이터 없음: https://www.vivino.com/en/sa-prum-wehlener-sonnenuhr-riesling-auslese/w/88363?year=2018&price_id=37843991
[2026-03-16 12:28:46]  [201/3574] [!] 데이터 없음: https://www.vivino.com/en/bera-sassisto-langhe/w/1157503?year=2007&price_id=2804988
[2026-03-16 12:28:46]  [202/3574] [!] 데이터 없음: https://www.vivino.com/en/montes-montes-alpha-chardonnay-aconcagua-costa-white-wine-v-pnhvt/w/1244627?year=2007&price_id=14650559
[2026-03-16 12:28:46]  [203/3574] [!] 데이터 없음: https://www.vivino.com/en/remy-ferbras-cotes-du-rhone-rouge/w/1536577?year=2012&price_id=7944145
[2026-03-16 12:28:46]  [205/3574] [!] 데이터 없음: https://www.vivino.com/en/pyramid-valley-vineyards-earth-smoke-pinot-noir/w/1682074?year=2022&price_id=37229843
[2026-03-16 12:28:46]  [204/3574] [!] 데이터 없음: https://www.vivino.com/en/rippon-osteiner/w/1725863?year=2024&price_id=39663841
[2026-03-16 12:28:46]  [206/3574] [!] 데이터 없음: https://www.vivino.com/en/domaine-de-la-vougeraie-savigny-les-beaune/w/3563883?year=2022&price_id=38600276
[2026-03-16 12:28:46]  [207/3574] [!] 데이터 없음: https://www.vivino.com/en/cantina-zaccagnini-san-clemente-montepulciano-d-abruzzo-terre-di-casauria-riserva/w/2699?year=2006&price_id=14540780
[2026-03-16 12:28:47]  [208/3574] [!] 데이터 없음: https://www.vivino.com/en/ornellaia-bolgheri-superiore/w/22447?year=2019&price_id=39830171
[2026-03-16 12:28:47]  [209/3574] [!] 데이터 없음: https://www.vivino.com/en/chateau-cazebonne-bordeaux-graves-blanc/w/84003?year=2006&price_id=7953579
[2026-03-16 12:28:47]  [210/3574] [!] 데이터 없음: https://www.vivino.com/en/mastroberardino-taurasi-naturalis-historia-riserva/w/9253?year=2000&price_id=2804886
[2026-03-16 12:28:47]  [190/3574] [성공] Le Marchesine Franciacort... | 분포:True
[2026-03-16 12:28:47]  [185/3574] [성공] Biondi-Santi Rosso di Mon... | 분포:True
[2026-03-16 12:28:47] --- 중간 저장: 누적 192건 ---
[2026-03-16 12:28:57]  [211/3574] [!] 데이터 없음: https://www.vivino.com/en/fritz-haag-riesling-trocken-brauneberger-juffer-sonnenuhr-gg/w/2242419?year=2007&price_id=2894905
[2026-03-16 12:28:57]  [212/3574] [!] 데이터 없음: https://www.vivino.com/en/chateau-calon-segur-saint-estephe-grand-cru-classe/w/1126954?year=2008&price_id=37844030
[2026-03-16 12:28:57]  [213/3574] [!] 데이터 없음: https://www.vivino.com/en/sordo-barolo-ceretta-di-perno/w/1607907?year=2003&price_id=14650381
[2026-03-16 12:28:58]  [214/3574] [!] 데이터 없음: https://www.vivino.com/en/baroncini-cavalcante-sangiovese-di-toscana/w/40594?year=2011&price_id=14539809
[2026-03-16 12:28:58]  [215/3574] [!] 데이터 없음: https://www.vivino.com/en/donnhoff-hollenpfad-im-muhlenberg-riesling-gg/w/6659472?year=2023&price_id=37843552
[2026-03-16 12:28:58]  [216/3574] [!] 데이터 없음: https://www.vivino.com/en/domaine-combier-clos-des-grives-crozes-hermitage-rouge/w/1105466?year=2022&price_id=38566703
[2026-03-16 12:28:58]  [217/3574] [!] 데이터 없음: https://www.vivino.com/en/ravanal-rawen-reserva-chardonnay/w/1505697?year=2008&price_id=2895364
[2026-03-16 12:28:58]  [218/3574] [!] 데이터 없음: https://www.vivino.com/en/chateau-rieussec-sauternes-premier-grand-cru-classe/w/1135215?year=1989&price_id=38161865
[2026-03-16 12:28:58]  [219/3574] [!] 데이터 없음: https://www.vivino.com/en/schafer-frohlich-halenberg-riesling-gg/w/1613064?year=2023&price_id=37843621
[2026-03-16 12:28:58]  [220/3574] [!] 데이터 없음: https://www.vivino.com/en/rh-phillips-chardonnay/w/1133087?year=2002&price_id=11000428
[2026-03-16 12:28:58]  [221/3574] [!] 데이터 없음: https://www.vivino.com/en/gut-oggau-joschuari-rot/w/1232219?year=2023&price_id=38505520
[2026-03-16 12:28:58]  [222/3574] [!] 데이터 없음: https://www.vivino.com/en/domaine-du-colombier-chablis-premier-cru-chablis-premier-cru-vaucoupin/w/1795958?year=2023&price_id=40063567
[2026-03-16 12:28:58]  [223/3574] [!] 데이터 없음: https://www.vivino.com/en/firesteed-cellars-riesling/w/15707?year=2008&price_id=14650536
[2026-03-16 12:28:58]  [224/3574] [!] 데이터 없음: https://www.vivino.com/en/gotas-de-mar-albarino/w/3692236?year=2014&price_id=7953583
[2026-03-16 12:28:58]  [225/3574] [!] 데이터 없음: https://www.vivino.com/en/franz-hirtzberger-steinterrassen-riesling-federspiel/w/12569?year=2024&price_id=39191431
[2026-03-16 12:28:58]  [226/3574] [!] 데이터 없음: https://www.vivino.com/en/chateau-de-francs-francs-cotes-de-bordeaux/w/1172264?year=2018&price_id=37805335
[2026-03-16 12:28:58]  [227/3574] [!] 데이터 없음: https://www.vivino.com/en/von-winning-ozyetra/w/7641612?year=2021&price_id=37843702
[2026-03-16 12:28:58]  [228/3574] [!] 데이터 없음: https://www.vivino.com/en/weingut-knoll-ried-loibenberg-loibner-riesling-smaragd/w/1102929?year=2024&price_id=39978491
[2026-03-16 12:28:58]  [229/3574] [!] 데이터 없음: https://www.vivino.com/en/massena-the-eleventh-hour/w/1084158?year=2005&price_id=2895184
[2026-03-16 12:28:58]  [230/3574] [!] 데이터 없음: https://www.vivino.com/en/strohmeier-schilcher-frizzante/w/1508101?price_id=19995797
[2026-03-16 12:28:58]  [232/3574] [!] 데이터 없음: https://www.vivino.com/en/chateau-calon-segur-saint-estephe-grand-cru-classe/w/1126954?year=2000&price_id=37844083
[2026-03-16 12:28:58]  [234/3574] [!] 데이터 없음: https://www.vivino.com/en/donnafugata-bell-assai-sicilia-red-wine/w/5652966?year=2016&price_id=25868596
[2026-03-16 12:28:58]  [235/3574] [!] 데이터 없음: https://www.vivino.com/en/donnafugata-contessa-entellina-chiaranda/w/4788?year=2018&price_id=36485682
[2026-03-16 12:28:58]  [237/3574] [!] 데이터 없음: https://www.vivino.com/en/louis-m-martini-napa-valley-cabernet-sauvignon/w/83357?year=2014&price_id=24485784
[2026-03-16 12:28:58]  [238/3574] [!] 데이터 없음: https://www.vivino.com/en/christian-tschida-kapitel-i/w/1203170?year=2022&price_id=38505568
[2026-03-16 12:28:58]  [231/3574] [!] 데이터 없음: https://www.vivino.com/en/alpha-domus-the-aviator/w/1899109?year=2019&price_id=35624798
[2026-03-16 12:28:58]  [239/3574] [!] 데이터 없음: https://www.vivino.com/en/cl-urban-uco-torrontes/w/1516700?year=2011&price_id=2804730
[2026-03-16 12:28:59]  [240/3574] [!] 데이터 없음: https://www.vivino.com/en/rockburn-stolen-kiss-rose/w/1684401?year=2025&price_id=40564079
[2026-03-16 12:28:59]  [233/3574] [!] 데이터 없음: https://www.vivino.com/en/oller-del-mas-arnau-oller-seleccio-de-la-familia/w/1265499?year=2009&price_id=14650510
[2026-03-16 12:28:59]  [236/3574] [!] 데이터 없음: https://www.vivino.com/en/quinta-do-noval-douro/w/81401?year=2019&price_id=32790405
[2026-03-16 12:28:59] --- 중간 저장: 누적 192건 ---
[2026-03-16 12:29:08]  [241/3574] [!] 데이터 없음: https://www.vivino.com/en/destiny-bay-vineyards-mystae/w/1395058?year=2020&price_id=34771411
[2026-03-16 12:29:08]  [242/3574] [!] 데이터 없음: https://www.vivino.com/en/hawkshead-pinot-blanc/w/9049960?year=2024&price_id=39016780
[2026-03-16 12:29:08]  [243/3574] [!] 데이터 없음: https://www.vivino.com/en/donnhoff-hermannshohle-riesling-gg/w/1214613?year=2022&price_id=37843799
[2026-03-16 12:29:09]  [244/3574] [!] 데이터 없음: https://www.vivino.com/en/mt-rosa-rose/w/5341008?year=2024&price_id=37872708
[2026-03-16 12:29:09]  [245/3574] [!] 데이터 없음: https://www.vivino.com/en/domaine-du-coulet-matthieu-barret-brise-cailloux-cornas/w/1172595?year=2022&price_id=40462523
[2026-03-16 12:29:09]  [246/3574] [!] 데이터 없음: https://www.vivino.com/en/royal-tokaji-furmint-mezes-maly/w/2161935?year=2003&price_id=28072553
[2026-03-16 12:29:09]  [247/3574] [!] 데이터 없음: https://www.vivino.com/en/schmitt-sohne-gmbh-weinkellerei-riesling-relax/w/14758?year=2004&price_id=9353562
[2026-03-16 12:29:09]  [248/3574] [!] 데이터 없음: https://www.vivino.com/en/cloof-dusty-road-pinotage-shiraz/w/1276009?year=2011&price_id=2804608
[2026-03-16 12:29:09]  [249/3574] [!] 데이터 없음: https://www.vivino.com/en/chateau-marojallia-chateau-marojallia-margaux/w/1900635?year=2005&price_id=4206394
[2026-03-16 12:29:09]  [250/3574] [!] 데이터 없음: https://www.vivino.com/en/nautilus-estate-the-paper-nautilus-sauvignon-blanc/w/4967287?year=2022&price_id=36378979
[2026-03-16 12:29:09]  [251/3574] [!] 데이터 없음: https://www.vivino.com/en/azienda-agricola-conterno-fantino-barolo-ginestra-vigna-del-gris/w/16639?year=2018&price_id=37845842
[2026-03-16 12:29:09]  [252/3574] [!] 데이터 없음: https://www.vivino.com/en/becker-landgraf-j2-riesling-trocken/w/1847103?year=2024&price_id=39108214
[2026-03-16 12:29:09]  [253/3574] [!] 데이터 없음: https://www.vivino.com/en/casa-silva-sauvignon-blanc/w/1257021?year=2016&price_id=16730289
[2026-03-16 12:29:09]  [254/3574] [!] 데이터 없음: https://www.vivino.com/en/moet-chandon-reserve-imperiale-brut-champagne/w/1142824?price_id=3225275
[2026-03-16 12:29:09]  [255/3574] [!] 데이터 없음: https://www.vivino.com/en/arnozan-reserve-medoc-des-chartrons/w/1317349?year=2000&price_id=14549941
[2026-03-16 12:29:09]  [256/3574] [!] 데이터 없음: https://www.vivino.com/en/manfredi-moscato-d-asti/w/78198?year=2016&price_id=19011283
[2026-03-16 12:29:09]  [257/3574] [!] 데이터 없음: https://www.vivino.com/en/saltram-mamre-brook-shiraz/w/64174?year=2006&price_id=14650374
[2026-03-16 12:29:10]  [258/3574] [!] 데이터 없음: https://www.vivino.com/en/fantini-montepulciano-d-abruzzo/w/21651?year=2011&price_id=14650416
[2026-03-16 12:29:10]  [259/3574] [!] 데이터 없음: https://www.vivino.com/en/mitolo-savitar-shiraz/w/79011?year=2005&price_id=2804646
[2026-03-16 12:29:10]  [260/3574] [!] 데이터 없음: https://www.vivino.com/en/chateau-de-paraza-mmv/w/6127171?year=2014&price_id=16698530
[2026-03-16 12:29:10]  [261/3574] [!] 데이터 없음: https://www.vivino.com/en/esk-valley-the-terraces-red-blend/w/1217970?year=2018&price_id=38617054
[2026-03-16 12:29:10]  [266/3574] [!] 데이터 없음: https://www.vivino.com/en/frescobaldi-riserva-ferre-brunello-di-montalcino/w/2040317?year=1993&price_id=2805004
[2026-03-16 12:29:10]  [262/3574] [!] 데이터 없음: https://www.vivino.com/en/indomita-polero-cabernet-sauvignon/w/1743137?year=2007&price_id=2873658
[2026-03-16 12:29:10]  [264/3574] [!] 데이터 없음: https://www.vivino.com/en/di-majo-norante-contado-aglianico-riserva/w/1142199?year=2019&price_id=38554987
[2026-03-16 12:29:10]  [263/3574] [!] 데이터 없음: https://www.vivino.com/en/anvers-chardonnay/w/1122304?year=2009&price_id=31545273
[2026-03-16 12:29:10]  [268/3574] [!] 데이터 없음: https://www.vivino.com/en/la-granja-tempranillo/w/1139388?year=2014&price_id=15839107
[2026-03-16 12:29:10]  [270/3574] [!] 데이터 없음: https://www.vivino.com/en/domaine-du-tunnel-cornas/w/1105486?year=2022&price_id=38542971
[2026-03-16 12:29:10]  [265/3574] [!] 데이터 없음: https://www.vivino.com/en/mamete-prevostini-albareda-sforzato-di-valtellina/w/75711?year=2015&price_id=19059800
[2026-03-16 12:29:10]  [267/3574] [!] 데이터 없음: https://www.vivino.com/en/lucien-crochet-le-chene-sancerre/w/1686861?year=2013&price_id=7953580
[2026-03-16 12:29:10]  [269/3574] [!] 데이터 없음: https://www.vivino.com/en/argiolas-costamolino-vermentino-di-sardegna/w/82192?year=2023&price_id=38461530
[2026-03-16 12:29:10] --- 중간 저장: 누적 192건 ---
[2026-03-16 12:29:19]  [271/3574] [!] 데이터 없음: https://www.vivino.com/en/aromo-reserva-privada-chardonnay-maule-valley/w/42284?year=2009&price_id=2804824
[2026-03-16 12:29:19]  [272/3574] [!] 데이터 없음: https://www.vivino.com/en/pegasus-bay-winery-virtuoso-chardonnay/w/1553970?year=2021&price_id=40763191
[2026-03-16 12:29:19]  [273/3574] [!] 데이터 없음: https://www.vivino.com/en/cycles-gladiator-pinot-grigio/w/9887?year=2005&price_id=2754570
[2026-03-16 12:29:19]  [274/3574] [!] 데이터 없음: https://www.vivino.com/en/cable-bay-vineyards-reserve-syrah/w/1196266?year=2019&price_id=23385279
[2026-03-16 12:29:19]  [275/3574] [!] 데이터 없음: https://www.vivino.com/en/man-o-war-exiled/w/1751560?year=2025&price_id=40582561
[2026-03-16 12:29:19]  [276/3574] [!] 데이터 없음: https://www.vivino.com/en/mas-de-daumas-gassac-blanc/w/1772933?year=2023&price_id=37843650
[2026-03-16 12:29:19]  [277/3574] [!] 데이터 없음: https://www.vivino.com/en/vigneron-firmin-dezat-sancerre-blanc/w/10992843?year=2022&price_id=38520517
[2026-03-16 12:29:19]  [278/3574] [!] 데이터 없음: https://www.vivino.com/en/chateau-grand-puy-lacoste-pauillac-grand-cru-classe/w/1148035?year=2001&price_id=37843612
[2026-03-16 12:29:19]  [279/3574] [!] 데이터 없음: https://www.vivino.com/en/st-hallett-riesling/w/1938618?year=2008&price_id=14650359
[2026-03-16 12:29:19]  [280/3574] [!] 데이터 없음: https://www.vivino.com/en/dona-paula-estate-sauvignon-blanc/w/24195?year=2013&price_id=14541820
[2026-03-16 12:29:19]  [281/3574] [!] 데이터 없음: https://www.vivino.com/en/rutini-cabernet-malbec/w/16508?year=2015&price_id=15164023
[2026-03-16 12:29:19]  [282/3574] [!] 데이터 없음: https://www.vivino.com/en/franz-hirtzberger-singerriedel-riesling-smaragd/w/12574?year=2019&price_id=40823531
[2026-03-16 12:29:19]  [286/3574] [!] 데이터 없음: https://www.vivino.com/en/mt-rosa-pinot-noir-otago/w/1189569?year=2019&price_id=38793442
[2026-03-16 12:29:19]  [287/3574] [!] 데이터 없음: https://www.vivino.com/en/guido-berlucchi-sixtyone-franciacorta-saten/w/1185765?price_id=5666732
[2026-03-16 12:29:19]  [283/3574] [!] 데이터 없음: https://www.vivino.com/en/thummerer-egri-bikaver-superior/w/1175135?year=2009&price_id=9111242
[2026-03-16 12:29:20]  [284/3574] [!] 데이터 없음: https://www.vivino.com/en/casina-di-cornia-vigna-la-casina-chianti-classico-riserva/w/2487461?year=2005&price_id=2804666
[2026-03-16 12:29:20]  [293/3574] [!] 데이터 없음: https://www.vivino.com/en/breuil-clos-du-frere-etienne-blanc/w/2448716?year=2022&price_id=39613133
[2026-03-16 12:29:20]  [285/3574] [!] 데이터 없음: https://www.vivino.com/en/von-winning-sauvignon-blanc-500/w/2041250?year=2012&price_id=11056152
[2026-03-16 12:29:20]  [288/3574] [!] 데이터 없음: https://www.vivino.com/en/moritz-kissinger-null-ohm-weiss/w/10569502?year=2022&price_id=37843769
[2026-03-16 12:29:20]  [289/3574] [!] 데이터 없음: https://www.vivino.com/en/azienda-agricola-conterno-fantino-dolcetto-d-alba-bricco-bastia/w/16648?year=2023&price_id=40825913
[2026-03-16 12:29:20]  [290/3574] [!] 데이터 없음: https://www.vivino.com/en/destiny-bay-vineyards-magna-praemia/w/1601698?year=2020&price_id=34771401
[2026-03-16 12:29:20]  [291/3574] [!] 데이터 없음: https://www.vivino.com/en/schild-estate-shiraz/w/1479442?year=2014&price_id=15446448
[2026-03-16 12:29:20]  [292/3574] [!] 데이터 없음: https://www.vivino.com/en/coal-pit-tiwha-pinot-noir/w/1310063?year=2022&price_id=37845090
[2026-03-16 12:29:20]  [294/3574] [!] 데이터 없음: https://www.vivino.com/en/antinori-tuscany-badia-a-passignano-gran-selezione-chianti-classico/w/1653?year=2020&price_id=36736873
[2026-03-16 12:29:20]  [295/3574] [!] 데이터 없음: https://www.vivino.com/en/au-brokenwood-rayner-vineyard-shiraz/w/31324?year=2003&price_id=14650514
[2026-03-16 12:29:20]  [296/3574] [!] 데이터 없음: https://www.vivino.com/en/domaine-de-fa-beaujolais-en-besset/w/4020375?year=2022&price_id=38774114
[2026-03-16 12:29:20]  [297/3574] [!] 데이터 없음: https://www.vivino.com/en/chapel-hill-bush-vine-grenache/w/40534?year=2009&price_id=14650406
[2026-03-16 12:29:20]  [298/3574] [!] 데이터 없음: https://www.vivino.com/en/felton-road-calvert-pinot-noir/w/88319?year=2022&price_id=34460464
[2026-03-16 12:29:20]  [299/3574] [!] 데이터 없음: https://www.vivino.com/en/domaine-ogereau-l-enjouee-rouge-vin-de-pays-vignobles-de-france/w/5408101?year=2023&price_id=38566702
[2026-03-16 12:29:20]  [300/3574] [!] 데이터 없음: https://www.vivino.com/en/smith-sheth-cru-heretaunga-albarino/w/7100455?year=2024&price_id=39388050
[2026-03-16 12:29:21] --- 중간 저장: 누적 192건 ---
[2026-03-16 12:29:29]  [301/3574] [!] 데이터 없음: https://www.vivino.com/en/alessio-dorigo-chardonnay/w/83981?year=2000&price_id=14540176
[2026-03-16 12:29:29]  [302/3574] [!] 데이터 없음: https://www.vivino.com/en/donoso-eighteen-ten-cabernet-sauvignon-carmenere/w/15910?year=2009&price_id=2804929
[2026-03-16 12:29:29]  [303/3574] [!] 데이터 없음: https://www.vivino.com/en/tenuta-san-guido-sassicaia/w/5078?year=2020&price_id=37843986
[2026-03-16 12:29:29]  [304/3574] [!] 데이터 없음: https://www.vivino.com/en/chateau-fontesteau-haut-medoc/w/1143498?year=2015&price_id=39958302
[2026-03-16 12:29:29]  [305/3574] [!] 데이터 없음: https://www.vivino.com/en/tabali-payen/w/1246501?year=2011&price_id=16730165
[2026-03-16 12:29:29]  [306/3574] [!] 데이터 없음: https://www.vivino.com/en/montes-late-harvest-gewurztraminer/w/71424?year=2008&price_id=14650370
[2026-03-16 12:29:29]  [307/3574] [!] 데이터 없음: https://www.vivino.com/en/la-tunella-refosco-dal-peduncolo-rosso/w/1084765?year=2018&price_id=36485494
[2026-03-16 12:29:29]  [308/3574] [!] 데이터 없음: https://www.vivino.com/en/mudbrick-marlborough-sauvignon-blanc/w/1526401?year=2024&price_id=38597731
[2026-03-16 12:29:29]  [309/3574] [!] 데이터 없음: https://www.vivino.com/en/bodegas-langa-pasion/w/4305839?year=2013&price_id=7953780
[2026-03-16 12:29:29]  [310/3574] [!] 데이터 없음: https://www.vivino.com/en/domaine-du-clos-des-fees-les-sorcieres-cotes-du-roussillon-rouge/w/6625?year=2024&price_id=39273181
[2026-03-16 12:29:29]  [311/3574] [!] 데이터 없음: https://www.vivino.com/en/ruinart-blanc-de-blancs-brut-champagne/w/1857637?price_id=275556
[2026-03-16 12:29:29]  [312/3574] [!] 데이터 없음: https://www.vivino.com/en/kopke-porto-reserve-tawny/w/1234519?price_id=26433275
[2026-03-16 12:29:30]  [316/3574] [!] 데이터 없음: https://www.vivino.com/en/robert-denogent-la-croix-vieilles-vignes-pouilly-fuisse/w/1705838?year=2023&price_id=40475576
[2026-03-16 12:29:30]  [318/3574] [!] 데이터 없음: https://www.vivino.com/en/el-coto-blanco/w/8617?year=2006&price_id=16059718
[2026-03-16 12:29:30]  [313/3574] [!] 데이터 없음: https://www.vivino.com/en/allegrini-valpolicella-classico/w/8180?year=2022&price_id=36485676
[2026-03-16 12:29:30]  [314/3574] [!] 데이터 없음: https://www.vivino.com/en/domaine-leflaive-pouilly-fuisse/w/4271754?year=2021&price_id=37844033
[2026-03-16 12:29:30]  [315/3574] [!] 데이터 없음: https://www.vivino.com/en/antonio-gismondi-crucella/w/10222536?year=2023&price_id=40477693
[2026-03-16 12:29:30]  [317/3574] [!] 데이터 없음: https://www.vivino.com/en/famille-lieubeau-chateau-thebaud-muscadet-sevre-et-maine-muscadet-de-sevre-et-maine/w/3572173?year=2021&price_id=38542967
[2026-03-16 12:29:30]  [319/3574] [!] 데이터 없음: https://www.vivino.com/en/ruffino-libaio-chardonnay/w/2193?year=2004&price_id=2804609
[2026-03-16 12:29:30]  [320/3574] [!] 데이터 없음: https://www.vivino.com/en/domaine-de-la-roche-bleue-jasnieres-sec/w/1445862?year=2022&price_id=38542970
[2026-03-16 12:29:30]  [321/3574] [!] 데이터 없음: https://www.vivino.com/en/julien-sunier-fleurie/w/1270296?year=2023&price_id=38774113
[2026-03-16 12:29:30]  [322/3574] [!] 데이터 없음: https://www.vivino.com/en/domaine-rewa-chardonnay/w/3681444?year=2023&price_id=38101646
[2026-03-16 12:29:30]  [323/3574] [!] 데이터 없음: https://www.vivino.com/en/chelti-winery-saperavi-qvevri-family-collection/w/4906692?year=2020&price_id=41144051
[2026-03-16 12:29:30]  [324/3574] [!] 데이터 없음: https://www.vivino.com/en/casa-silva-coleccion-cabernet-sauvignon/w/1646086?year=2015&price_id=16698533
[2026-03-16 12:29:30]  [325/3574] [!] 데이터 없음: https://www.vivino.com/en/domaine-comte-georges-de-vogue-bonnes-mares-grand-cru/w/83444?year=2021&price_id=37843886
[2026-03-16 12:29:30]  [326/3574] [!] 데이터 없음: https://www.vivino.com/en/destiny-bay-vineyards-destinae/w/2938880?year=2020&price_id=34771409
[2026-03-16 12:29:31]  [327/3574] [!] 데이터 없음: https://www.vivino.com/en/duval-leroy-brut-reserve-champagne/w/3715162?price_id=29434195
[2026-03-16 12:29:31]  [328/3574] [!] 데이터 없음: https://www.vivino.com/en/albert-grivault-clos-blanc-pommard-1er-cru/w/1597099?year=2021&price_id=37843951
[2026-03-16 12:29:31]  [329/3574] [!] 데이터 없음: https://www.vivino.com/en/yellow-tail-cabernet-sauvignon/w/2549?year=2018&price_id=26506383
[2026-03-16 12:29:31]  [330/3574] [!] 데이터 없음: https://www.vivino.com/en/weingut-jakob-schneider-niederhauser-felsensteyer-riesling-trocken/w/3756275?year=2023&price_id=39887819
[2026-03-16 12:29:31] --- 중간 저장: 누적 192건 ---
[2026-03-16 12:29:38]  [331/3574] [!] 데이터 없음: https://www.vivino.com/en/ar-flechas-de-los-andes-gran-corte/w/1154129?year=2018&price_id=25051529
[2026-03-16 12:29:38]  [332/3574] [!] 데이터 없음: https://www.vivino.com/en/louise-dubois-eighteen-eightyfive-pinot-noir/w/5221151?year=2018&price_id=39945185
[2026-03-16 12:29:38]  [333/3574] [!] 데이터 없음: https://www.vivino.com/en/kollwentz-chardonnay-leithakalk/w/2581378?year=2023&price_id=38716185
[2026-03-16 12:29:39]  [334/3574] [!] 데이터 없음: https://www.vivino.com/en/chateau-musar-rouge-gaston-hochar/w/75190?year=2001&price_id=38634833
[2026-03-16 12:29:39]  [335/3574] [!] 데이터 없음: https://www.vivino.com/en/robert-denogent-vieilles-vignes-pouilly-fuisse-les-reisses/w/1691820?year=2022&price_id=39117953
[2026-03-16 12:29:39]  [336/3574] [!] 데이터 없음: https://www.vivino.com/en/niepoort-tawny-port/w/1851983?price_id=22141566
[2026-03-16 12:29:39]  [338/3574] [!] 데이터 없음: https://www.vivino.com/en/chateau-vartely-muscat-demidulce-alb/w/2497921?year=2011&price_id=2873631
[2026-03-16 12:29:39]  [339/3574] [!] 데이터 없음: https://www.vivino.com/en/pegasus-bay-winery-maestro-merlot-malbec/w/1224790?year=2020&price_id=37481323
[2026-03-16 12:29:39]  [340/3574] [!] 데이터 없음: https://www.vivino.com/en/jean-louis-trocard-bordeaux-superieur/w/2117176?year=2015&price_id=23261028
[2026-03-16 12:29:39]  [341/3574] [!] 데이터 없음: https://www.vivino.com/en/ernst-bretz-spatburgunder-rose-eiswein/w/1209719?year=2002&price_id=14550284
[2026-03-16 12:29:39]  [342/3574] [!] 데이터 없음: https://www.vivino.com/en/planeta-passito-di-noto/w/1203830?year=2022&price_id=38546958
[2026-03-16 12:29:39]  [337/3574] [!] 데이터 없음: https://www.vivino.com/en/dourthe-le-cardinal-bordeaux-cristal/w/1881394?year=2006&price_id=14539906
[2026-03-16 12:29:39]  [343/3574] [!] 데이터 없음: https://www.vivino.com/en/robert-weil-riesling-spatlese/w/1183724?year=2005&price_id=16216705
[2026-03-16 12:29:39]  [344/3574] [!] 데이터 없음: https://www.vivino.com/en/grand-tokaj-grand-selection-kesoi-arany-sweet/w/2460297?year=2012&price_id=13579398
[2026-03-16 12:29:39]  [345/3574] [!] 데이터 없음: https://www.vivino.com/en/allegrini-amarone-della-valpolicella-classico/w/8195?year=2019&price_id=36485643
[2026-03-16 12:29:39]  [346/3574] [!] 데이터 없음: https://www.vivino.com/en/georges-duboeuf-beaujolais-villages-nouveau/w/79433?year=2013&price_id=7944110
[2026-03-16 12:29:39]  [347/3574] [!] 데이터 없음: https://www.vivino.com/en/de-ladoucette-baron-de-l-pouilly-fume/w/74360?year=1988&price_id=38190390
[2026-03-16 12:29:39]  [348/3574] [!] 데이터 없음: https://www.vivino.com/en/bodegas-langa-pi-3-1415-concejon-tinto/w/1179758?year=2009&price_id=14655544
[2026-03-16 12:29:39]  [349/3574] [!] 데이터 없음: https://www.vivino.com/en/royal-palmeira-loureiro-sur-lies-fines/w/1252936?year=2012&price_id=17601250
[2026-03-16 12:29:39]  [350/3574] [!] 데이터 없음: https://www.vivino.com/en/domaine-comte-georges-de-vogue-musigny-grand-cru-cuvee-vieilles-vignes/w/1187200?year=2017&price_id=19986255
[2026-03-16 12:29:39]  [351/3574] [!] 데이터 없음: https://www.vivino.com/en/blue-nun-riesling/w/47054?year=2018&price_id=21678402
[2026-03-16 12:29:39]  [352/3574] [!] 데이터 없음: https://www.vivino.com/en/gallo-family-vineyards-sycamore-canyon-zinfandel/w/38214?year=2000&price_id=2804732
[2026-03-16 12:29:40]  [353/3574] [!] 데이터 없음: https://www.vivino.com/en/les-cretes-petite-arvine/w/95232?year=2023&price_id=38461524
[2026-03-16 12:29:40]  [354/3574] [!] 데이터 없음: https://www.vivino.com/en/ignacio-marin-castillo-mayor-gran-reserva-red/w/2016982?year=1994&price_id=11000453
[2026-03-16 12:29:40]  [356/3574] [!] 데이터 없음: https://www.vivino.com/en/chateau-palmer-grand-vin-de-chateau-palmer-grand-cru-classe/w/9220?year=1985&price_id=38459328
[2026-03-16 12:29:40]  [357/3574] [!] 데이터 없음: https://www.vivino.com/en/kovacs-nimrod-furmint-nagy-eged-grand-cru/w/4969815?year=2011&price_id=9156611
[2026-03-16 12:29:40]  [358/3574] [!] 데이터 없음: https://www.vivino.com/en/marques-de-murrieta-castillo-ygay-gran-reserva-especial-blanco/w/5177761?year=1998&price_id=14549868
[2026-03-16 12:29:40]  [355/3574] [!] 데이터 없음: https://www.vivino.com/en/l-octavin-cle-a-molette/w/7337657?year=2022&price_id=40401012
[2026-03-16 12:29:40]  [359/3574] [!] 데이터 없음: https://www.vivino.com/en/delicato-family-vineyards-shiraz/w/1960?year=2004&price_id=2873752
[2026-03-16 12:29:40]  [360/3574] [!] 데이터 없음: https://www.vivino.com/en/domaine-anne-et-herve-sigaut-chambolle-musigny-1er-cru-les-groseilles/w/4233989?year=2021&price_id=33059117
[2026-03-16 12:29:40] --- 중간 저장: 누적 192건 ---
[2026-03-16 12:29:50]  [361/3574] [!] 데이터 없음: https://www.vivino.com/en/f-x-pichler-ried-kellerberg-gruner-veltliner-smaragd/w/8061131?year=2022&price_id=37843697
[2026-03-16 12:29:50]  [362/3574] [!] 데이터 없음: https://www.vivino.com/en/wieninger-nussberg-wiener-gemischter-satz/w/1128168?year=2016&price_id=23033799
[2026-03-16 12:29:50]  [363/3574] [!] 데이터 없음: https://www.vivino.com/en/maculan-fratta/w/16759?year=2015&price_id=36485503
[2026-03-16 12:29:50]  [364/3574] [!] 데이터 없음: https://www.vivino.com/en/piantaferro-primitivo-di-manduria/w/1216710?year=2015&price_id=15888861
[2026-03-16 12:29:50]  [365/3574] [!] 데이터 없음: https://www.vivino.com/en/veyder-malberg-hochrain-gruner-veltliner/w/1448968?year=2022&price_id=37844103
[2026-03-16 12:29:50]  [366/3574] [!] 데이터 없음: https://www.vivino.com/en/pj-valckenberg-gmbh-madonna-auslese/w/1264645?year=2005&price_id=2804928
[2026-03-16 12:29:50]  [367/3574] [!] 데이터 없음: https://www.vivino.com/en/casa-vinicola-gioacchino-garofoli-spa-komaros-rosato/w/7935?year=2005&price_id=2895014
[2026-03-16 12:29:50]  [368/3574] [!] 데이터 없음: https://www.vivino.com/en/vigneti-del-vulture-moscato-sensuale/w/2192739?year=2018&price_id=19011285
[2026-03-16 12:29:50]  [369/3574] [!] 데이터 없음: https://www.vivino.com/en/ca-dei-frati-i-frati-lugana/w/1136902?year=2022&price_id=36485562
[2026-03-16 12:29:50]  [370/3574] [!] 데이터 없음: https://www.vivino.com/en/cave-de-turckheim-riesling-alsace/w/1207214?year=2005&price_id=14541465
[2026-03-16 12:29:50]  [371/3574] [!] 데이터 없음: https://www.vivino.com/en/franz-hirtzberger-rotes-tor-gruner-veltliner-smaragd/w/1191134?year=2023&price_id=37843806
[2026-03-16 12:29:50]  [372/3574] [!] 데이터 없음: https://www.vivino.com/en/la-ferme-du-mont-cotes-capelan-chateauneuf-du-pape/w/1442442?year=2009&price_id=7944037
[2026-03-16 12:29:51]  [377/3574] [!] 데이터 없음: https://www.vivino.com/en/a-et-p-de-villaine-rully-1er-cru-les-margotes/w/7154617?year=2022&price_id=38344200
[2026-03-16 12:29:51]  [383/3574] [!] 데이터 없음: https://www.vivino.com/en/man-o-war-kulta-totto/w/7373509?year=2018&price_id=24449311
[2026-03-16 12:29:51]  [373/3574] [!] 데이터 없음: https://www.vivino.com/en/f-x-pichler-ried-steinertal-riesling-smaragd/w/8524886?year=2023&price_id=38848567
[2026-03-16 12:29:51]  [374/3574] [!] 데이터 없음: https://www.vivino.com/en/-chateau-la-boisserie-saint-emilion-grand-cru-st-emilion-grand-cru-red-wine-v-0ytl8/w/1192953?year=1998&price_id=7953661
[2026-03-16 12:29:51]  [375/3574] [!] 데이터 없음: https://www.vivino.com/en/poggio-civetta-chianti-classico/w/2339176?year=2023&price_id=39104343
[2026-03-16 12:29:51]  [376/3574] [!] 데이터 없음: https://www.vivino.com/en/gibbston-valley-reserve-pinot-noir/w/1656652?year=2006&price_id=2754456
[2026-03-16 12:29:51]  [379/3574] [!] 데이터 없음: https://www.vivino.com/en/leveret-estate-leveret-estate-merlot-cabernet/w/4000597?year=2021&price_id=39795981
[2026-03-16 12:29:51]  [378/3574] [!] 데이터 없음: https://www.vivino.com/en/schafer-frohlich-fruhlingsplatzchen-riesling-gg/w/4494574?year=2022&price_id=38459309
[2026-03-16 12:29:51]  [380/3574] [!] 데이터 없음: https://www.vivino.com/en/banfi-poggio-alle-mura-brunello-di-montalcino/w/1133661?year=2018&price_id=36738524
[2026-03-16 12:29:51]  [382/3574] [!] 데이터 없음: https://www.vivino.com/en/bellene-vieilles-vignes-nuits-saint-georges/w/1366710?year=2021&price_id=40907894
[2026-03-16 12:29:51]  [381/3574] [!] 데이터 없음: https://www.vivino.com/en/bastianich-friulano-colli-orientali-del-friuli/w/9552325?year=2022&price_id=38371299
[2026-03-16 12:29:51]  [384/3574] [!] 데이터 없음: https://www.vivino.com/en/breganon-la-reserve-cotes-de-provence-blanc/w/1129114?year=2023&price_id=36700305
[2026-03-16 12:29:51]  [385/3574] [!] 데이터 없음: https://www.vivino.com/en/casa-silva-quinta-generation-5th/w/18322?year=2011&price_id=3680209
[2026-03-16 12:29:51]  [386/3574] [!] 데이터 없음: https://www.vivino.com/en/jermann-blau-blau-rosso/w/79513?year=2016&price_id=36485479
[2026-03-16 12:29:51]  [387/3574] [!] 데이터 없음: https://www.vivino.com/en/saint-clair-family-estate-pioneer-block-3-43-degrees-sauvignon-blanc/w/3261379?year=2022&price_id=37245605
[2026-03-16 12:29:52]  [389/3574] [!] 데이터 없음: https://www.vivino.com/en/kusuda-riesling/w/1900822?year=2024&price_id=40582570
[2026-03-16 12:29:52]  [388/3574] [!] 데이터 없음: https://www.vivino.com/en/sirromet-vineyard-selection-cabernet-sauvignon/w/2249858?year=2011&price_id=2895334
[2026-03-16 12:29:52]  [390/3574] [!] 데이터 없음: https://www.vivino.com/en/heinrich-pannobile/w/1126495?year=2017&price_id=40825897
[2026-03-16 12:29:52] --- 중간 저장: 누적 192건 ---
[2026-03-16 12:29:59]  [391/3574] [!] 데이터 없음: https://www.vivino.com/en/a-et-p-de-villaine-la-fortune-bourgogne-cote-chalonnaise/w/80282?year=2024&price_id=41141493
[2026-03-16 12:29:59]  [392/3574] [!] 데이터 없음: https://www.vivino.com/en/hugel-classic-riesling-alsace/w/4417837?year=2016&price_id=21678414
[2026-03-16 12:29:59]  [393/3574] [!] 데이터 없음: https://www.vivino.com/en/heartland-wines-pty-ltd-director-s-cut-shiraz/w/2042?year=2005&price_id=14541839
[2026-03-16 12:29:59]  [394/3574] [!] 데이터 없음: https://www.vivino.com/en/bodega-tandem-macula/w/1685483?year=2006&price_id=5056587
[2026-03-16 12:29:59]  [396/3574] [!] 데이터 없음: https://www.vivino.com/en/fr-chateau-montlabert-saint-emilion-grand-cru/w/1147693?year=2005&price_id=7944134
[2026-03-16 12:29:59]  [395/3574] [!] 데이터 없음: https://www.vivino.com/en/domaine-comte-georges-de-vogue-bonnes-mares-grand-cru/w/83444?year=2019&price_id=37845843
[2026-03-16 12:29:59]  [398/3574] [!] 데이터 없음: https://www.vivino.com/en/familia-torres-sangre-de-toro/w/1385210?year=2005&price_id=2895121
[2026-03-16 12:29:59]  [397/3574] [!] 데이터 없음: https://www.vivino.com/en/devotus-single-vineyard-pinot-noir/w/4530389?year=2022&price_id=33472381
[2026-03-16 12:29:59]  [399/3574] [!] 데이터 없음: https://www.vivino.com/en/ata-rangi-celebre/w/1888683?year=2022&price_id=37094042
[2026-03-16 12:29:59]  [400/3574] [!] 데이터 없음: https://www.vivino.com/en/chateau-mangot-saint-emilion-grand-cru/w/69784?year=2019&price_id=37935733
[2026-03-16 12:29:59]  [401/3574] [!] 데이터 없음: https://www.vivino.com/en/nico-van-der-merwe-red-blend/w/2394768?year=2002&price_id=14550154
[2026-03-16 12:29:59]  [402/3574] [!] 데이터 없음: https://www.vivino.com/en/auguste-clape-cotes-du-rhone-rouge/w/92371?year=2023&price_id=40689878
[2026-03-16 12:29:59]  [405/3574] [!] 데이터 없음: https://www.vivino.com/en/jermann-capo-martino/w/79526?year=2013&price_id=36485540
[2026-03-16 12:29:59]  [407/3574] [!] 데이터 없음: https://www.vivino.com/en/fr-rapet-savigny-les-beaune-1er-cru-aux-fourneaux/w/1989459?year=2022&price_id=37249129
[2026-03-16 12:29:59]  [410/3574] [!] 데이터 없음: https://www.vivino.com/en/maurac-haut-medoc/w/1190233?year=2003&price_id=14550197
[2026-03-16 12:30:02]  [413/3574] [성공] Vistamar Sepia Malbec Res... | 분포:True
[2026-03-16 12:30:47] [*] 기존 데이터 192건 로드됨.
[2026-03-16 12:30:47] [*] 울트라 패스트 수집 시작: 대상 3382건 (병렬:12)
[2026-03-16 12:30:50]  [2/3382] [성공] Kalleske Greenock Shiraz ... | 분포:True
[2026-03-16 12:30:50]  [3/3382] [성공] Prophet's Rock Cuvée Aux ... | 분포:True
[2026-03-16 12:30:51]  [11/3382] [성공] Rémy Ferbras Côtes-du-Rhô... | 분포:True
[2026-03-16 12:30:51]  [6/3382] [성공] Gibbston Valley Pinot Noi... | 분포:True
[2026-03-16 12:30:51]  [1/3382] [성공] Aromo Muscat Of Alexandri... | 분포:True
[2026-03-16 12:30:51]  [12/3382] [성공] Rippon Osteiner 2024... | 분포:True
[2026-03-16 12:30:51]  [5/3382] [성공] Domaine Poisot Père & Fil... | 분포:True
[2026-03-16 12:30:51]  [10/3382] [성공] Montes Montes Alpha Chard... | 분포:True
[2026-03-16 12:30:51]  [7/3382] [성공] Michel Fonné Tradition Sy... | 분포:True
[2026-03-16 12:30:51]  [4/3382] [성공] Aromo Winemaker's Selecti... | 분포:True
[2026-03-16 12:30:51]  [8/3382] [성공] S.A. Prüm Wehlener Sonnen... | 분포:True
[2026-03-16 12:30:52]  [9/3382] [성공] Bera Sassisto Langhe 2007... | 분포:True
[2026-03-16 12:30:52]  [15/3382] [성공] Cantina Zaccagnini San Cl... | 분포:True
[2026-03-16 12:30:53]  [18/3382] [성공] Mastroberardino Taurasi N... | 분포:True
[2026-03-16 12:30:53]  [14/3382] [성공] Domaine de la Vougeraie S... | 분포:True
[2026-03-16 12:30:53]  [19/3382] [성공] Fritz Haag Riesling Trock... | 분포:True
[2026-03-16 12:30:53]  [16/3382] [성공] Ornellaia Bolgheri Superi... | 분포:True
[2026-03-16 12:30:53]  [13/3382] [성공] Pyramid Valley Vineyards ... | 분포:True
[2026-03-16 12:30:54]  [20/3382] [성공] Château Calon-Ségur Saint... | 분포:True
[2026-03-16 12:30:54]  [23/3382] [성공] Dönnhoff Höllenpfad im Mü... | 분포:True
[2026-03-16 12:30:54]  [21/3382] [성공] Sordo Barolo Ceretta di P... | 분포:True
[2026-03-16 12:30:54]  [24/3382] [성공] Combier Clos des Grives C... | 분포:True
[2026-03-16 12:30:54]  [17/3382] [성공] Château Cazebonne Graves ... | 분포:False
[2026-03-16 12:30:54]  [26/3382] [성공] Château Rieussec Sauterne... | 분포:True
[2026-03-16 12:30:55]  [25/3382] [성공] Ravanal Rawen Reserva Cha... | 분포:True
[2026-03-16 12:30:55]  [22/3382] [성공] Baroncini Cavalcante Sang... | 분포:True
[2026-03-16 12:30:55]  [27/3382] [성공] Schäfer-Fröhlich Halenber... | 분포:True
[2026-03-16 12:30:55]  [30/3382] [성공] Domaine du Colombier Chab... | 분포:True
[2026-03-16 12:30:55]  [29/3382] [성공] Gut Oggau Joschuari Rot 2... | 분포:True
[2026-03-16 12:30:56]  [28/3382] [성공] R. H. Phillips Chardonnay... | 분포:False
[2026-03-16 12:30:56] --- 중간 저장: 누적 222건 ---
[2026-03-16 12:31:06]  [35/3382] [성공] Von Winning Ozyetra 2021... | 분포:True
[2026-03-16 12:31:06]  [32/3382] [성공] Gotas de Mar Albariño 201... | 분포:True
[2026-03-16 12:31:06]  [36/3382] [성공] Weingut Knoll Ried Loiben... | 분포:True
[2026-03-16 12:31:07]  [42/3382] [성공] Donnafugata Bell'Assai 20... | 분포:True
[2026-03-16 12:31:07]  [40/3382] [성공] Château Calon-Ségur Saint... | 분포:True
[2026-03-16 12:31:07]  [41/3382] [성공] Oller del Mas Arnau Oller... | 분포:True
[2026-03-16 12:31:07]  [39/3382] [성공] Alpha Domus The Aviator 2... | 분포:True
[2026-03-16 12:31:07]  [31/3382] [성공] Firesteed Riesling 2008... | 분포:True
[2026-03-16 12:31:07]  [37/3382] [성공] Massena The Eleventh Hour... | 분포:True
[2026-03-16 12:31:07]  [34/3382] [성공] Château de Francs Francs ... | 분포:True
[2026-03-16 12:31:07]  [38/3382] [성공] Strohmeier Schilcher Fríz... | 분포:True
[2026-03-16 12:31:08]  [33/3382] [성공] Franz Hirtzberger Steinte... | 분포:True
[2026-03-16 12:31:09]  [44/3382] [성공] Quinta do Noval Douro 201... | 분포:True
[2026-03-16 12:31:09]  [43/3382] [성공] Donnafugata Contessa Ente... | 분포:True
[2026-03-16 12:31:09]  [46/3382] [성공] Christian Tschida Kapitel... | 분포:True
[2026-03-16 12:31:09]  [48/3382] [성공] Rockburn Stolen Kiss Rosé... | 분포:True
[2026-03-16 12:31:09]  [45/3382] [성공] Louis M. Martini Napa Val... | 분포:True
[2026-03-16 12:31:09]  [49/3382] [성공] Destiny Bay Vineyards Mys... | 분포:True
[2026-03-16 12:31:09]  [47/3382] [성공] Urban Uco Torrontés 2011... | 분포:True
[2026-03-16 12:31:10]  [51/3382] [성공] Dönnhoff Hermannshöhle Ri... | 분포:True
[2026-03-16 12:31:10]  [50/3382] [성공] Hawkshead Pinot Blanc 202... | 분포:True
[2026-03-16 12:31:10]  [53/3382] [성공] Domaine du Coulet - Matth... | 분포:True
[2026-03-16 12:31:10]  [52/3382] [성공] Mt Rosa Rosé 2024... | 분포:True
[2026-03-16 12:31:11]  [59/3382] [성공] Conterno Fantino Barolo G... | 분포:True
[2026-03-16 12:31:11]  [54/3382] [성공] Royal Tokaji Furmint Méze... | 분포:True
[2026-03-16 12:31:11]  [60/3382] [성공] Becker Landgraf J² Riesli... | 분포:True
[2026-03-16 12:31:12]  [57/3382] [성공] Domaines Philippe Porcher... | 분포:True
[2026-03-16 12:31:12]  [55/3382] [성공] Schmitt Söhne Riesling Re... | 분포:True
[2026-03-16 12:31:12]  [56/3382] [성공] Cloof Dusty Road Pinotage... | 분포:True
[2026-03-16 12:31:12]  [58/3382] [성공] Nautilus The Paper Nautil... | 분포:True
[2026-03-16 12:31:12] --- 중간 저장: 누적 252건 ---
[2026-03-16 12:31:24]  [63/3382] [성공] Arnozan Réserve des Chart... | 분포:False
[2026-03-16 12:31:24]  [66/3382] [성공] Fantini Montepulciano d'A... | 분포:True
[2026-03-16 12:31:24]  [67/3382] [성공] Mitolo Savitar Shiraz 200... | 분포:True
[2026-03-16 12:31:24]  [68/3382] [성공] Château de Paraza MMV 201... | 분포:True
[2026-03-16 12:31:25]  [64/3382] [성공] Manfredi Moscato d'Asti 2... | 분포:True
[2026-03-16 12:31:25]  [62/3382] [성공] Moët & Chandon Réserve Im... | 분포:True
[2026-03-16 12:31:25]  [61/3382] [성공] Casa Silva Sauvignon Blan... | 분포:True
[2026-03-16 12:31:25]  [72/3382] [성공] Di Majo Norante Contado A... | 분포:True
[2026-03-16 12:31:25]  [69/3382] [성공] Esk Valley The Terraces R... | 분포:True
[2026-03-16 12:31:25]  [70/3382] [성공] Indomita Polero Cabernet ... | 분포:True
[2026-03-16 12:31:26]  [71/3382] [성공] Anvers Chardonnay 2009... | 분포:True
[2026-03-16 12:31:26]  [65/3382] [성공] Saltram Mamre Brook Shira... | 분포:True
[2026-03-16 12:31:27]  [76/3382] [성공] La Granja 360 Tempranillo... | 분포:True
[2026-03-16 12:31:27]  [78/3382] [성공] Domaine du Tunnel Cornas ... | 분포:True
[2026-03-16 12:31:28]  [80/3382] [성공] Pegasus Bay Virtuoso Char... | 분포:True
[2026-03-16 12:31:28]  [77/3382] [성공] Argiolas Costamolino Verm... | 분포:True
[2026-03-16 12:31:28]  [73/3382] [성공] Mamete Prevostini Albared... | 분포:True
[2026-03-16 12:31:28]  [75/3382] [성공] Lucien Crochet Le Chêne S... | 분포:True
[2026-03-16 12:31:28]  [79/3382] [성공] Aromo Reserva Privada Cha... | 분포:True
[2026-03-16 12:31:29]  [74/3382] [성공] Frescobaldi Riserva Ferré... | 분포:True
[2026-03-16 12:31:29]  [84/3382] [성공] Mas de Daumas Gassac Blan... | 분포:True
[2026-03-16 12:31:29]  [83/3382] [성공] Man O' War Exiled 2025... | 분포:True
[2026-03-16 12:31:29]  [81/3382] [성공] Cycles Gladiator Pinot Gr... | 분포:True
[2026-03-16 12:31:29]  [82/3382] [성공] Cable Bay Reserve Syrah 2... | 분포:True
[2026-03-16 12:31:29]  [86/3382] [성공] Château Grand-Puy-Lacoste... | 분포:True
[2026-03-16 12:31:30]  [85/3382] [성공] Vigneron Firmin Dezat San... | 분포:True
[2026-03-16 12:31:30]  [89/3382] [성공] Rutini Cabernet - Malbec ... | 분포:True
[2026-03-16 12:31:31]  [88/3382] [성공] Doña Paula Estate Sauvign... | 분포:True
[2026-03-16 12:31:31]  [87/3382] [성공] St Hallett Riesling 2008... | 분포:True
[2026-03-16 12:31:31]  [90/3382] [성공] Franz Hirtzberger Singerr... | 분포:True
[2026-03-16 12:31:32] --- 중간 저장: 누적 282건 ---
[2026-03-16 12:31:41]  [94/3382] [성공] Mt Rosa Pinot Noir 2019... | 분포:True
[2026-03-16 12:31:41]  [97/3382] [성공] Conterno Fantino Dolcetto... | 분포:True
[2026-03-16 12:31:41]  [101/3382] [성공] Château du Breuil Clos du... | 분포:True
[2026-03-16 12:31:42]  [98/3382] [성공] Destiny Bay Vineyards Mag... | 분포:True
[2026-03-16 12:31:42]  [93/3382] [성공] Von Winning Sauvignon Bla... | 분포:True
[2026-03-16 12:31:42]  [100/3382] [성공] Coal Pit Tiwha Pinot Noir... | 분포:True
[2026-03-16 12:31:42]  [96/3382] [성공] Moritz Kissinger Null Ohm... | 분포:True
[2026-03-16 12:31:42]  [102/3382] [성공] Antinori Badia a Passigna... | 분포:True
[2026-03-16 12:31:42]  [92/3382] [성공] Casina di Cornia Vigna La... | 분포:True
[2026-03-16 12:31:42]  [91/3382] [성공] Thummerer Egri Bikavér Su... | 분포:True
[2026-03-16 12:31:42]  [99/3382] [성공] Schild Estate Shiraz 2014... | 분포:True
[2026-03-16 12:31:42]  [95/3382] [성공] Guido Berlucchi ‘61 Franc... | 분포:True
[2026-03-16 12:31:43]  [104/3382] [성공] Domaine de Fa Beaujolais ... | 분포:True
[2026-03-16 12:31:44]  [103/3382] [성공] Brokenwood Rayner Vineyar... | 분포:True
[2026-03-16 12:31:44]  [106/3382] [성공] Felton Road Calvert Pinot... | 분포:True
[2026-03-16 12:31:45]  [105/3382] [성공] Chapel Hill Bush Vine Gre... | 분포:True
[2026-03-16 12:31:45]  [107/3382] [성공] Domaine Ogereau L’Enjouée... | 분포:True
[2026-03-16 12:31:45]  [108/3382] [성공] Smith Sheth Cru Heretaung... | 분포:True
[2026-03-16 12:31:45]  [113/3382] [성공] Tabali Payen 2011... | 분포:True
[2026-03-16 12:31:45]  [114/3382] [성공] Montes Late Harvest Gewür... | 분포:True
[2026-03-16 12:31:46]  [111/3382] [성공] Tenuta San Guido Sassicai... | 분포:True
[2026-03-16 12:31:46]  [110/3382] [성공] Casa Donoso 1810 Cabernet... | 분포:True
[2026-03-16 12:31:46]  [109/3382] [성공] Dorigo Chardonnay 2000... | 분포:True
[2026-03-16 12:31:46]  [115/3382] [성공] La Tunella Refosco dal Pe... | 분포:True
[2026-03-16 12:31:46]  [112/3382] [성공] Château Fontesteau Haut-M... | 분포:True
[2026-03-16 12:31:46]  [117/3382] [성공] Bodegas Langa Pasión 2013... | 분포:True
[2026-03-16 12:31:47]  [116/3382] [성공] Mudbrick Vineyard Sauvign... | 분포:True
[2026-03-16 12:31:47]  [118/3382] [성공] Domaine du Clos des Fées ... | 분포:True
[2026-03-16 12:31:47]  [120/3382] [성공] Kopke Porto Reserve Tawny... | 분포:True
[2026-03-16 12:31:47]  [119/3382] [성공] Ruinart Blanc de Blancs B... | 분포:True
[2026-03-16 12:31:47] --- 중간 저장: 누적 312건 ---
[2026-03-16 12:31:57]  [122/3382] [성공] Domaine Leflaive Pouilly-... | 분포:True
[2026-03-16 12:31:57]  [121/3382] [성공] Allegrini Valpolicella Cl... | 분포:True
[2026-03-16 12:31:58]  [130/3382] [성공] Domaine Rewa Chardonnay 2... | 분포:True
[2026-03-16 12:31:58]  [132/3382] [성공] Casa Silva Colección Cabe... | 분포:True
[2026-03-16 12:31:58]  [127/3382] [성공] Ruffino Libaio Chardonnay... | 분포:True
[2026-03-16 12:31:58]  [124/3382] [성공] Robert-Denogent La Croix ... | 분포:True
[2026-03-16 12:31:58]  [126/3382] [성공] El Coto Blanco 2006... | 분포:True
[2026-03-16 12:31:59]  [125/3382] [성공] Famille Lieubeau Château-... | 분포:True
[2026-03-16 12:31:59]  [129/3382] [성공] Julien Sunier Fleurie 202... | 분포:True
[2026-03-16 12:31:59]  [131/3382] [성공] Chelti Winery Saperavi Qv... | 분포:True
[2026-03-16 12:31:59]  [123/3382] [성공] Antonio Gismondi Crucella... | 분포:True
[2026-03-16 12:31:59]  [128/3382] [성공] Domaine de la Roche Bleue... | 분포:True
[2026-03-16 12:31:59]  [133/3382] [성공] Domaine Comte Georges de ... | 분포:True
[2026-03-16 12:32:00]  [134/3382] [성공] Destiny Bay Vineyards Des... | 분포:True
[2026-03-16 12:32:01]  [135/3382] [성공] Duval-Leroy Brut Réserve ... | 분포:True
[2026-03-16 12:32:01]  [137/3382] [성공] Yellow Tail Cabernet Sauv... | 분포:True
[2026-03-16 12:32:01]  [136/3382] [성공] Albert Grivault Clos Blan... | 분포:True
[2026-03-16 12:32:01]  [138/3382] [성공] Jakob Schneider Niederhäu... | 분포:True
[2026-03-16 12:32:01]  [139/3382] [성공] Flechas de los Andes Gran... | 분포:True
[2026-03-16 12:32:01]  [140/3382] [성공] Louise Dubois 1885 Pinot ... | 분포:True
[2026-03-16 12:32:02]  [143/3382] [성공] Robert-Denogent Vieilles ... | 분포:True
[2026-03-16 12:32:02]  [142/3382] [성공] Château Musar Rouge (Gast... | 분포:True
[2026-03-16 12:32:02]  [145/3382] [성공] Dourthe Le Cardinal Borde... | 분포:True
[2026-03-16 12:32:02]  [144/3382] [성공] Niepoort Tawny Port... | 분포:True
[2026-03-16 12:32:02]  [141/3382] [성공] Kollwentz Chardonnay Leit... | 분포:True
[2026-03-16 12:32:03]  [150/3382] [성공] Planeta Passito di Noto 2... | 분포:True
[2026-03-16 12:32:03]  [148/3382] [성공] Jean-Louis Trocard Châtea... | 분포:True
[2026-03-16 12:32:03]  [146/3382] [성공] Château Vartely Muscat De... | 분포:True
[2026-03-16 12:32:03]  [147/3382] [성공] Pegasus Bay Maestro Merlo... | 분포:True
[2026-03-16 12:32:04]  [149/3382] [성공] Ernst Bretz Spätburgunder... | 분포:True
[2026-03-16 12:32:04] --- 중간 저장: 누적 342건 ---
[2026-03-16 12:32:13]  [151/3382] [성공] Robert Weil Riesling Spät... | 분포:True
[2026-03-16 12:32:13]  [153/3382] [성공] Allegrini Amarone della V... | 분포:True
[2026-03-16 12:32:14]  [156/3382] [성공] Bodegas Langa Pi - 3.1415... | 분포:True
[2026-03-16 12:32:14]  [152/3382] [성공] Grand Tokaj Tokaji Késői ... | 분포:True
[2026-03-16 12:32:14]  [161/3382] [성공] Les Crêtes Petite Arvine ... | 분포:True
[2026-03-16 12:32:14]  [158/3382] [성공] Domaine Comte Georges de ... | 분포:True
[2026-03-16 12:32:14]  [162/3382] [성공] Ignacio Marin Castillo Ma... | 분포:True
[2026-03-16 12:32:15]  [154/3382] [성공] Georges Duboeuf Beaujolai... | 분포:True
[2026-03-16 12:32:15]  [157/3382] [성공] Royal Palmeira Loureiro S... | 분포:True
[2026-03-16 12:32:15]  [160/3382] [성공] Gallo Family Vineyards Sy... | 분포:False
[2026-03-16 12:32:15]  [155/3382] [성공] de Ladoucette Baron de L ... | 분포:True
[2026-03-16 12:32:16]  [159/3382] [성공] Blue Nun Riesling 2018... | 분포:True
[2026-03-16 12:32:16]  [164/3382] [성공] Chateau Palmer Grand Vin ... | 분포:True
[2026-03-16 12:32:16]  [167/3382] [성공] Delicato Shiraz 2004... | 분포:True
[2026-03-16 12:32:16]  [163/3382] [성공] l'Octavin Clé à Molette 2... | 분포:True
[2026-03-16 12:32:17]  [166/3382] [성공] Marqués de Murrieta Casti... | 분포:True
[2026-03-16 12:32:17]  [168/3382] [성공] Domaine Anne et Herve Sig... | 분포:True
[2026-03-16 12:32:17]  [169/3382] [성공] F.X. Pichler Ried Kellerb... | 분포:True
[2026-03-16 12:32:17]  [165/3382] [성공] Kovács Nimród Furmint Nag... | 분포:True
[2026-03-16 12:32:17]  [171/3382] [성공] Maculan Fratta 2015... | 분포:True
[2026-03-16 12:32:18]  [172/3382] [성공] Piantaferro Primitivo di ... | 분포:True
[2026-03-16 12:32:18]  [170/3382] [성공] Wieninger Nussberg Wiener... | 분포:True
[2026-03-16 12:32:18]  [173/3382] [성공] Veyder-Malberg Hochrain G... | 분포:True
[2026-03-16 12:32:19]  [175/3382] [성공] Garofoli Kòmaros Rosato 2... | 분포:True
[2026-03-16 12:32:19]  [177/3382] [성공] Cà dei Frati I Frati Luga... | 분포:True
[2026-03-16 12:32:19]  [176/3382] [성공] Vigneti del Vulture Mosca... | 분포:True
[2026-03-16 12:32:19]  [174/3382] [성공] P. J. Valckenberg Madonna... | 분포:True
[2026-03-16 12:32:19]  [178/3382] [성공] Cave de Turckheim Rieslin... | 분포:True
[2026-03-16 12:32:19]  [179/3382] [성공] Franz Hirtzberger Rotes T... | 분포:True
[2026-03-16 12:32:19]  [180/3382] [성공] La Ferme du Mont Côtes Ca... | 분포:True
[2026-03-16 12:32:20] --- 중간 저장: 누적 372건 ---
[2026-03-16 12:32:31]  [183/3382] [성공] Poggio Civetta Chianti Cl... | 분포:True
[2026-03-16 12:32:31]  [190/3382] [성공] Domaine de Bellène Vieill... | 분포:True
[2026-03-16 12:32:31]  [191/3382] [성공] Man O' War Kulta Totto 20... | 분포:True
[2026-03-16 12:32:31]  [181/3382] [성공] F.X. Pichler Ried Steiner... | 분포:True
[2026-03-16 12:32:31]  [186/3382] [성공] Schäfer-Fröhlich Frühling... | 분포:True
[2026-03-16 12:32:32]  [184/3382] [성공] Gibbston Valley Reserve P... | 분포:True
[2026-03-16 12:32:32]  [185/3382] [성공] Domaine A. et P. de Villa... | 분포:True
[2026-03-16 12:32:32]  [188/3382] [성공] Banfi Poggio alle Mura Br... | 분포:True
[2026-03-16 12:32:33]  [187/3382] [성공] Leveret Estate Merlot - C... | 분포:True
[2026-03-16 12:32:33]  [182/3382] [성공] Château La Boisserie Sain... | 분포:True
[2026-03-16 12:32:33]  [189/3382] [성공] Bastianich Friulano 2022... | 분포:True
[2026-03-16 12:32:33]  [192/3382] [성공] Château de Brégançon La R... | 분포:True
[2026-03-16 12:32:34]  [195/3382] [성공] Saint Clair Family Estate... | 분포:True
[2026-03-16 12:32:34]  [197/3382] [성공] Kusuda Riesling 2024... | 분포:True
[2026-03-16 12:32:34]  [198/3382] [성공] Heinrich Pannobile 2017... | 분포:True
[2026-03-16 12:32:34]  [193/3382] [성공] Casa Silva Quinta Generat... | 분포:True
[2026-03-16 12:32:34]  [194/3382] [성공] Jermann Blau & Blau Rosso... | 분포:True
[2026-03-16 12:32:35]  [199/3382] [성공] Domaine A. et P. de Villa... | 분포:True
[2026-03-16 12:32:35]  [196/3382] [성공] Sirromet Vineyard Selecti... | 분포:True
[2026-03-16 12:32:35]  [200/3382] [성공] Hugel Classic Riesling 20... | 분포:True
[2026-03-16 12:32:35]  [201/3382] [성공] Heartland Director's Cut ... | 분포:True
[2026-03-16 12:32:35]  [203/3382] [성공] Domaine Comte Georges de ... | 분포:True
[2026-03-16 12:32:36]  [204/3382] [성공] Château Montlabert Saint-... | 분포:True
[2026-03-16 12:32:36]  [202/3382] [성공] Bodega Tandem Mácula 2006... | 분포:True
[2026-03-16 12:32:36]  [206/3382] [성공] Familia Torres Sangre de ... | 분포:True
[2026-03-16 12:32:37]  [208/3382] [성공] Château Mangot Saint-Émil... | 분포:True
[2026-03-16 12:32:37]  [207/3382] [성공] Ata Rangi Celebre 2022... | 분포:True
[2026-03-16 12:32:37]  [205/3382] [성공] Devotus Single Vineyard P... | 분포:True
[2026-03-16 12:32:37]  [210/3382] [성공] Auguste Clape Côtes du Rh... | 분포:True
[2026-03-16 12:32:38]  [209/3382] [성공] Nico Van Der Merwe Red Bl... | 분포:False
[2026-03-16 12:32:38] --- 중간 저장: 누적 402건 ---
[2026-03-16 12:32:48]  [211/3382] [!] 데이터 없음: https://www.vivino.com/en/michel-fonne-tradition-pinot-gris/w/1532745?year=2011&price_id=14650442
[2026-03-16 12:32:48]  [212/3382] [!] 데이터 없음: https://www.vivino.com/en/chateau-lascombes-margaux-grand-cru-classe/w/80045?year=2018&price_id=37844102
[2026-03-16 12:32:48]  [213/3382] [!] 데이터 없음: https://www.vivino.com/en/jermann-capo-martino/w/79526?year=2013&price_id=36485540
[2026-03-16 12:32:48]  [215/3382] [!] 데이터 없음: https://www.vivino.com/en/fr-rapet-savigny-les-beaune-1er-cru-aux-fourneaux/w/1989459?year=2022&price_id=37249129
[2026-03-16 12:32:48]  [214/3382] [!] 데이터 없음: https://www.vivino.com/en/montes-folly/w/71264?year=2005&price_id=2754503
[2026-03-16 12:32:48]  [216/3382] [!] 데이터 없음: https://www.vivino.com/en/tramier-l-and-fils-saint-amour/w/1108470?year=2018&price_id=22322655
[2026-03-16 12:32:48]  [217/3382] [!] 데이터 없음: https://www.vivino.com/en/gauchezco-estate-malbec/w/1166598?year=2013&price_id=2895355
[2026-03-16 12:32:48]  [218/3382] [!] 데이터 없음: https://www.vivino.com/en/maurac-haut-medoc/w/1190233?year=2003&price_id=14550197
[2026-03-16 12:32:48]  [219/3382] [!] 데이터 없음: https://www.vivino.com/en/chateau-la-conseillante-pomerol/w/768733?year=2010&price_id=37843588
[2026-03-16 12:32:48]  [220/3382] [!] 데이터 없음: https://www.vivino.com/en/michel-fonne-grains-de-genie/w/1261502?year=2016&price_id=30371345
[2026-03-16 12:32:48]  [221/3382] [!] 데이터 없음: https://www.vivino.com/en/vistamar-sepia-malbec-reserva/w/2113550?year=2014&price_id=10268321
[2026-03-16 12:32:48]  [222/3382] [!] 데이터 없음: https://www.vivino.com/en/lost-angel-cabernet-sauvignon/w/4150?year=2004&price_id=2895311
[2026-03-16 12:32:48]  [223/3382] [!] 데이터 없음: https://www.vivino.com/en/blondeau-danne-chassagne-montrachet-chassagne-montrachet/w/1814807?year=2023&price_id=37852833
[2026-03-16 12:32:48]  [224/3382] [!] 데이터 없음: https://www.vivino.com/en/barranco-oscuro-v-de-valenzuela/w/5713859?year=2022&price_id=38505534
[2026-03-16 12:32:48]  [225/3382] [!] 데이터 없음: https://www.vivino.com/en/les-cretes-fumin/w/1782289?year=2022&price_id=38461537
[2026-03-16 12:32:48]  [226/3382] [!] 데이터 없음: https://www.vivino.com/en/alpha-crucis-titan-shiraz/w/1515932?year=2010&price_id=2873867
[2026-03-16 12:32:49]  [227/3382] [!] 데이터 없음: https://www.vivino.com/en/niebaum-coppola-zinfandel/w/1728137?year=2004&price_id=2873874
[2026-03-16 12:32:49]  [228/3382] [!] 데이터 없음: https://www.vivino.com/en/pegasus-bay-winery-riesling/w/16115?year=2025&price_id=40652123
[2026-03-16 12:32:49]  [231/3382] [!] 데이터 없음: https://www.vivino.com/en/sebastien-brunet-arpent-vouvray/w/1472297?year=2023&price_id=38566697
[2026-03-16 12:32:49]  [234/3382] [!] 데이터 없음: https://www.vivino.com/en/robert-mondavi-private-selection-vint-cabernet-sauvignon/w/3998?year=2012&price_id=25051532
[2026-03-16 12:32:49]  [235/3382] [!] 데이터 없음: https://www.vivino.com/en/fr-rapet-pernand-vergelesses-1er-cru-les-vergelesses/w/1250683?year=2022&price_id=37249133
[2026-03-16 12:32:49]  [229/3382] [!] 데이터 없음: https://www.vivino.com/en/schafer-frohlich-riesling-trocken/w/1160496?year=2022&price_id=37843952
[2026-03-16 12:32:49]  [236/3382] [!] 데이터 없음: https://www.vivino.com/en/kopke-colheita-port/w/76372?year=1985&price_id=39789381
[2026-03-16 12:32:49]  [230/3382] [!] 데이터 없음: https://www.vivino.com/en/hans-herzog-hans-family-estate-nebbiolo/w/2975044?year=2018&price_id=38617057
[2026-03-16 12:32:49]  [237/3382] [!] 데이터 없음: https://www.vivino.com/en/gibbston-valley-pinot-noir/w/1142375?year=2023&price_id=39388045
[2026-03-16 12:32:49]  [238/3382] [!] 데이터 없음: https://www.vivino.com/en/stonyridge-vineyard-larose-red-blend/w/1631901?year=2012&price_id=18747862
[2026-03-16 12:32:49]  [239/3382] [!] 데이터 없음: https://www.vivino.com/en/stephane-aviron-vieilles-vignes-saint-amour/w/5936236?year=2022&price_id=40462531
[2026-03-16 12:32:49]  [240/3382] [!] 데이터 없음: https://www.vivino.com/en/lornano-le-bandite-chianti-classico-riserva/w/1173901?year=2015&price_id=32716157
[2026-03-16 12:32:49]  [232/3382] [!] 데이터 없음: https://www.vivino.com/en/thummerer-egri-bikaver-classicus/w/4442628?year=2012&price_id=9156579
[2026-03-16 12:32:49]  [233/3382] [!] 데이터 없음: https://www.vivino.com/en/bellene-clos-de-la-chapelle-bourgogne-chardonnay-bourgogne/w/5985409?year=2022&price_id=38640735
[2026-03-16 12:32:49] --- 중간 저장: 누적 402건 ---
[2026-03-16 12:32:56]  [241/3382] [!] 데이터 없음: https://www.vivino.com/en/kalleske-clarry-s-barossa-red-grenache-shiraz/w/2163121?year=2016&price_id=21687584
[2026-03-16 12:32:56]  [242/3382] [!] 데이터 없음: https://www.vivino.com/en/whitehaven-sauvignon-blanc/w/99603?year=2023&price_id=38284285
[2026-03-16 12:32:56]  [244/3382] [!] 데이터 없음: https://www.vivino.com/en/jim-barry-the-lodge-hill-riesling/w/1721764?year=2016&price_id=15164041
[2026-03-16 12:32:56]  [243/3382] [!] 데이터 없음: https://www.vivino.com/en/brutalis-alicante-bouschet-cabernet-sauvignon/w/2396?year=2013&price_id=15574743
[2026-03-16 12:32:57]  [246/3382] [!] 데이터 없음: https://www.vivino.com/en/quinta-do-noval-port-tawny-colheita/w/1175612?year=2005&price_id=20119777
[2026-03-16 12:32:57]  [245/3382] [!] 데이터 없음: https://www.vivino.com/en/gallo-family-vineyards-gallo-of-sonoma-cabernet-sauvignon/w/2622609?year=1992&price_id=2804676
[2026-03-16 12:32:57]  [247/3382] [!] 데이터 없음: https://www.vivino.com/en/tramier-l-and-fils-cote-de-brouilly/w/1108471?year=2015&price_id=23180552
[2026-03-16 12:32:57]  [248/3382] [!] 데이터 없음: https://www.vivino.com/en/two-paddocks-pinot-noir-rose/w/7002989?year=2024&price_id=38617047
[2026-03-16 12:32:57]  [249/3382] [!] 데이터 없음: https://www.vivino.com/en/swanson-vineyards-merlot/w/8346?year=2003&price_id=2754578
[2026-03-16 12:32:57]  [250/3382] [!] 데이터 없음: https://www.vivino.com/en/von-winning-win-win-riesling/w/1210237?year=2023&price_id=37888582
[2026-03-16 12:32:57]  [251/3382] [!] 데이터 없음: https://www.vivino.com/en/saxenburg-private-collection-merlot/w/1216262?year=2003&price_id=2894883
[2026-03-16 12:32:57]  [252/3382] [!] 데이터 없음: https://www.vivino.com/en/joh-jos-prum-riesling-kabinett-trocken/w/2483978?year=2005&price_id=14541256
[2026-03-16 12:32:57]  [253/3382] [!] 데이터 없음: https://www.vivino.com/en/chalk-hill-mclaren-vale-sangiovese/w/1118568?year=2010&price_id=2754613
[2026-03-16 12:32:57]  [254/3382] [!] 데이터 없음: https://www.vivino.com/en/weingut-knoll-loibner-gelber-muskateller-smaragd/w/2235351?year=2024&price_id=40908353
[2026-03-16 12:32:57]  [255/3382] [!] 데이터 없음: https://www.vivino.com/en/kopke-porto-white-colheita/w/4967750?year=2008&price_id=39789382
[2026-03-16 12:32:57]  [256/3382] [!] 데이터 없음: https://www.vivino.com/en/f-x-pichler-durnsteiner-gruner-veltliner/w/5972547?year=2024&price_id=40393522
[2026-03-16 12:32:57]  [257/3382] [!] 데이터 없음: https://www.vivino.com/en/telmo-rodriguez-basa-blanco/w/63154?year=2016&price_id=20543733
[2026-03-16 12:32:57]  [258/3382] [!] 데이터 없음: https://www.vivino.com/en/ikon-tulipan-balaton/w/1616688?year=2009&price_id=9156612
[2026-03-16 12:32:57]  [259/3382] [!] 데이터 없음: https://www.vivino.com/en/quartz-reef-methode-traditionnelle-rose/w/1735600?price_id=24941063
[2026-03-16 12:32:57]  [260/3382] [!] 데이터 없음: https://www.vivino.com/en/p-ferraud-and-fils-domaine-rolland-brouilly/w/1539207?year=2004&price_id=14549975
[2026-03-16 12:32:57]  [261/3382] [!] 데이터 없음: https://www.vivino.com/en/akarua-the-siren-pinot-noir/w/1955387?year=2023&price_id=37940064
[2026-03-16 12:32:57]  [262/3382] [!] 데이터 없음: https://www.vivino.com/en/el-principal-memorias-maipo-valley/w/2246136?year=2014&price_id=15001789
[2026-03-16 12:32:57]  [265/3382] [!] 데이터 없음: https://www.vivino.com/en/chateau-d-yquem-sauternes-sauternes-dessert-wine/w/1153863?year=2005&price_id=5480117
[2026-03-16 12:32:57]  [267/3382] [!] 데이터 없음: https://www.vivino.com/en/kilikanoon-blocks-road-cabernet-sauvignon/w/56044?year=2002&price_id=2754431
[2026-03-16 12:32:57]  [266/3382] [!] 데이터 없음: https://www.vivino.com/en/trivento-otra-vida-malbec/w/14386?year=2007&price_id=2895001
[2026-03-16 12:32:57]  [268/3382] [!] 데이터 없음: https://www.vivino.com/en/donnafugata-sedara/w/4789?year=2021&price_id=36485546
[2026-03-16 12:32:57]  [269/3382] [!] 데이터 없음: https://www.vivino.com/en/oriol-rossell-les-cerveres/w/2698353?year=2012&price_id=14650479
[2026-03-16 12:32:57]  [270/3382] [!] 데이터 없음: https://www.vivino.com/en/becker-landgraf-j2-herrgottspfad-riesling/w/1153307?year=2015&price_id=38459085
[2026-03-16 12:32:57]  [263/3382] [!] 데이터 없음: https://www.vivino.com/en/wente-family-vineyards-sandstone-merlot/w/1856037?year=2005&price_id=14540742
[2026-03-16 12:32:57]  [264/3382] [!] 데이터 없음: https://www.vivino.com/en/schafer-frohlich-fruhlingsplatzchen-riesling-gg/w/4494574?year=2023&price_id=37843957
[2026-03-16 12:32:58] --- 중간 저장: 누적 402건 ---
[2026-03-16 12:33:03]  [271/3382] [!] 데이터 없음: https://www.vivino.com/en/mouton-cadet-bordeaux-sauvignon-blanc/w/2461238?year=2016&price_id=35516599
[2026-03-16 12:33:03]  [272/3382] [!] 데이터 없음: https://www.vivino.com/en/joh-jos-prum-wehlener-sonnenuhr-riesling-kabinett/w/1208450?year=2004&price_id=14550291
[2026-03-16 12:33:03]  [273/3382] [!] 데이터 없음: https://www.vivino.com/en/grand-esprit-la-mysteriale-santenay-premier-cru/w/5873588?year=2016&price_id=16741881
[2026-03-16 12:33:03]  [274/3382] [!] 데이터 없음: https://www.vivino.com/en/za-winery-good-hope-reserve-pinot-noir/w/1243748?year=2011&price_id=14541109
[2026-03-16 12:33:03]  [275/3382] [!] 데이터 없음: https://www.vivino.com/en/domaine-weinbach-clos-des-capucins-cuvee-sainte-catherine-alsace-pinot-gris/w/13580?year=2020&price_id=37844026
[2026-03-16 12:33:03]  [276/3382] [!] 데이터 없음: https://www.vivino.com/en/domaine-rewa-pinot-noir/w/1320775?year=2022&price_id=39831565
[2026-03-16 12:33:03]  [277/3382] [!] 데이터 없음: https://www.vivino.com/en/casa-silva-reserva-sauvignon-blanc/w/18306?year=2013&price_id=16698863
[2026-03-16 12:33:03]  [278/3382] [!] 데이터 없음: https://www.vivino.com/en/marina-cvetic-montepulciano-d-abruzzo-riserva/w/93055?year=2019&price_id=38546953
[2026-03-16 12:33:04]  [279/3382] [!] 데이터 없음: https://www.vivino.com/en/carpineto-molin-vecchio/w/2552319?year=1999&price_id=2804877
[2026-03-16 12:33:04]  [280/3382] [!] 데이터 없음: https://www.vivino.com/en/castellare-di-castellina-toscana-spartito-di-castellare/w/1925698?year=2014&price_id=14539554
[2026-03-16 12:33:04]  [281/3382] [!] 데이터 없음: https://www.vivino.com/en/bodega-tandem-ars-nova/w/1166966?year=2008&price_id=5056591
[2026-03-16 12:33:04]  [282/3382] [!] 데이터 없음: https://www.vivino.com/en/vistamar-moscato-brisa/w/2886605?year=2019&price_id=23983638
[2026-03-16 12:33:04]  [283/3382] [!] 데이터 없음: https://www.vivino.com/en/ornellaia-le-volte-tuscany/w/1480684?year=2023&price_id=38541073
[2026-03-16 12:33:04]  [284/3382] [!] 데이터 없음: https://www.vivino.com/en/prunotto-mompertone-monferrato/w/1136534?year=2020&price_id=36485511
[2026-03-16 12:33:04]  [285/3382] [!] 데이터 없음: https://www.vivino.com/en/burn-cottage-sauvage-vineyard-pinot-noir/w/9594477?year=2021&price_id=38043278
[2026-03-16 12:33:04]  [287/3382] [!] 데이터 없음: https://www.vivino.com/en/brennan-trio/w/2910643?year=2021&price_id=31851178
[2026-03-16 12:33:04]  [288/3382] [!] 데이터 없음: https://www.vivino.com/en/domaine-de-fa-roche-guillon-fleurie/w/5109759?year=2022&price_id=38774121
[2026-03-16 12:33:04]  [290/3382] [!] 데이터 없음: https://www.vivino.com/en/merryvale-vineyards-cabernet-sauvignon/w/3089?year=2001&price_id=2873654
[2026-03-16 12:33:04]  [292/3382] [!] 데이터 없음: https://www.vivino.com/en/graffigna-reserve-malbec-san-juan/w/5459116?year=2006&price_id=14550288
[2026-03-16 12:33:04]  [294/3382] [!] 데이터 없음: https://www.vivino.com/en/albert-grivault-clos-blanc-pommard-1er-cru/w/1597099?year=2018&price_id=40825904
[2026-03-16 12:33:04]  [295/3382] [!] 데이터 없음: https://www.vivino.com/en/f-x-pichler-ried-loibenberg-riesling-smaragd/w/6659537?year=2023&price_id=37843973
[2026-03-16 12:33:04]  [296/3382] [!] 데이터 없음: https://www.vivino.com/en/alvarez-nolting-finca-alvarez/w/1812093?year=2011&price_id=2895342
[2026-03-16 12:33:04]  [286/3382] [!] 데이터 없음: https://www.vivino.com/en/weingut-knoll-loibner-chardonnay-smaragd/w/1911262?year=2024&price_id=39978501
[2026-03-16 12:33:04]  [298/3382] [!] 데이터 없음: https://www.vivino.com/en/domaine-comte-georges-de-vogue-musigny-grand-cru-cuvee-vieilles-vignes/w/1187200?year=2018&price_id=38459310
[2026-03-16 12:33:04]  [289/3382] [!] 데이터 없음: https://www.vivino.com/en/domaine-leflaive-macon-verze/w/84898?year=2023&price_id=39155704
[2026-03-16 12:33:04]  [291/3382] [!] 데이터 없음: https://www.vivino.com/en/fuligni-brunello-di-montalcino/w/23271?year=2011&price_id=14542020
[2026-03-16 12:33:04]  [300/3382] [!] 데이터 없음: https://www.vivino.com/en/jane-ventura-margallo/w/96977?year=2002&price_id=2754686
[2026-03-16 12:33:04]  [293/3382] [!] 데이터 없음: https://www.vivino.com/en/mudbrick-marlborough-pinot-gris/w/1967068?year=2024&price_id=39686729
[2026-03-16 12:33:05]  [297/3382] [!] 데이터 없음: https://www.vivino.com/en/jp-chenet-cabernet-syrah-vin-de-pays-doc-red-wine-v-rgfme/w/10889738?year=2005&price_id=31600475
[2026-03-16 12:33:05]  [299/3382] [!] 데이터 없음: https://www.vivino.com/en/monte-real-la-rioja-tempranillo-blanco/w/10109580?year=2022&price_id=36579456
[2026-03-16 12:33:05] --- 중간 저장: 누적 402건 ---
[2026-03-16 12:33:11]  [301/3382] [!] 데이터 없음: https://www.vivino.com/en/stonyridge-vineyard-larose-red-blend/w/1631901?year=2011&price_id=18056477
[2026-03-16 12:33:11]  [302/3382] [!] 데이터 없음: https://www.vivino.com/en/torre-san-millan-vendimia-seleccionada/w/1864440?year=2007&price_id=2873829
[2026-03-16 12:33:11]  [305/3382] [!] 데이터 없음: https://www.vivino.com/en/ca-dei-frati-brolettino-lugana/w/1221332?year=2021&price_id=36485491
[2026-03-16 12:33:11]  [303/3382] [!] 데이터 없음: https://www.vivino.com/en/mas-de-daumas-gassac-frizant-mousseux-rose/w/11082?year=2023&price_id=37843591
[2026-03-16 12:33:11]  [304/3382] [!] 데이터 없음: https://www.vivino.com/en/marea-sauvignon-blanc/w/1252463?year=2014&price_id=7944105
[2026-03-16 12:33:11]  [306/3382] [!] 데이터 없음: https://www.vivino.com/en/domaine-g-roumier-bonnes-mares-grand-cru/w/1622488?year=2017&price_id=20820968
[2026-03-16 12:33:11]  [307/3382] [!] 데이터 없음: https://www.vivino.com/en/jacob-s-creek-chardonnay/w/2706?year=2006&price_id=2804939
[2026-03-16 12:33:11]  [308/3382] [!] 데이터 없음: https://www.vivino.com/en/domaine-marquis-d-angerville-volnay-champans-1er-cru/w/76333?year=2020&price_id=37843967
[2026-03-16 12:33:11]  [309/3382] [!] 데이터 없음: https://www.vivino.com/en/chateau-lynch-bages-pauillac-grand-cru-classe/w/79262?year=2008&price_id=37844006
[2026-03-16 12:33:11]  [310/3382] [!] 데이터 없음: https://www.vivino.com/en/vasse-felix-filius-cabernet-sauvignon-margaret-river/w/5177752?year=2014&price_id=17623591
[2026-03-16 12:33:11]  [311/3382] [!] 데이터 없음: https://www.vivino.com/en/chateau-margaux-chateau-margaux-premier-grand-cru-classe/w/1127795?year=1989&price_id=38161872
[2026-03-16 12:33:11]  [312/3382] [!] 데이터 없음: https://www.vivino.com/en/familia-torres-nerola-blanco/w/1254380?year=2003&price_id=2873819
[2026-03-16 12:33:12]  [314/3382] [!] 데이터 없음: https://www.vivino.com/en/gallo-family-vineyards-merlot/w/1199328?year=2003&price_id=4454777
[2026-03-16 12:33:12]  [315/3382] [!] 데이터 없음: https://www.vivino.com/en/mastroberardino-pompeiano-villa-dei-misteri-rosso/w/9654?year=2003&price_id=2895294
[2026-03-16 12:33:12]  [313/3382] [!] 데이터 없음: https://www.vivino.com/en/franz-hirtzberger-axpoint-gruner-veltliner-smaragd/w/1196512?year=2024&price_id=39191430
[2026-03-16 12:33:12]  [316/3382] [!] 데이터 없음: https://www.vivino.com/en/thummerer-egri-bikaver-classicus/w/4442628?year=2011&price_id=9156596
[2026-03-16 12:33:12]  [317/3382] [!] 데이터 없음: https://www.vivino.com/en/chateau-gazin-pomerol/w/18555?year=1996&price_id=37843981
[2026-03-16 12:33:12]  [318/3382] [!] 데이터 없음: https://www.vivino.com/en/donnafugata-ben-rye-passito-di-pantelleria/w/1176121?year=2014&price_id=13611986
[2026-03-16 12:33:12]  [319/3382] [!] 데이터 없음: https://www.vivino.com/en/azienda-agricola-conterno-fantino-barolo-ginestra-vigna-del-gris/w/16639?year=2019&price_id=37845847
[2026-03-16 12:33:12]  [320/3382] [!] 데이터 없음: https://www.vivino.com/en/bereche-fils-brut-reserve-champagne/w/2407103?price_id=799262
[2026-03-16 12:33:12]  [321/3382] [!] 데이터 없음: https://www.vivino.com/en/feudi-di-san-gregorio-fiano-di-avellino-pietracalda/w/5091?year=2022&price_id=38554979
[2026-03-16 12:33:12]  [322/3382] [!] 데이터 없음: https://www.vivino.com/en/chalk-hill-luna-shiraz/w/2140536?year=2012&price_id=2894941
[2026-03-16 12:33:12]  [324/3382] [!] 데이터 없음: https://www.vivino.com/en/vieux-chateau-certan-pomerol/w/81849?year=2009&price_id=37843755
[2026-03-16 12:33:12]  [323/3382] [!] 데이터 없음: https://www.vivino.com/en/torre-cenaia-pitti-cenaja-sangiovese-di-toscana/w/2527564?year=2006&price_id=2873657
[2026-03-16 12:33:12]  [327/3382] [!] 데이터 없음: https://www.vivino.com/en/biserno-campo-di-sasso-insoglio-del-cinghiale/w/59754?year=2023&price_id=39872266
[2026-03-16 12:33:12]  [325/3382] [!] 데이터 없음: https://www.vivino.com/en/ruggeri-argeo-prosecco-brut-rose/w/9328012?year=2024&price_id=39788018
[2026-03-16 12:33:12]  [326/3382] [!] 데이터 없음: https://www.vivino.com/en/mishas-limelight-riesling/w/2580040?year=2022&price_id=37845098
[2026-03-16 12:33:12]  [328/3382] [!] 데이터 없음: https://www.vivino.com/en/masi-veneto-costasera-amarone-della-valpolicella-classico/w/21929?year=2017&price_id=36485577
[2026-03-16 12:33:12]  [329/3382] [!] 데이터 없음: https://www.vivino.com/en/feudi-di-san-gregorio-falanghina-serrocielo/w/1631655?year=2023&price_id=38554983
[2026-03-16 12:33:12]  [330/3382] [!] 데이터 없음: https://www.vivino.com/en/bodega-y-cavas-de-weinert-merlot/w/2468?year=1997&price_id=22298651
[2026-03-16 12:33:13] --- 중간 저장: 누적 402건 ---
[2026-03-16 12:34:01] [*] 기존 데이터 402건 로드됨.
[2026-03-16 12:34:01] [*] 울트라 패스트 수집 시작: 대상 3172건 (병렬:12)
[2026-03-16 12:34:01]  [3/3172] [!] 데이터 없음: https://www.vivino.com/en/jermann-capo-martino/w/79526?year=2013&price_id=36485540
[2026-03-16 12:34:01]  [1/3172] [!] 데이터 없음: https://www.vivino.com/en/michel-fonne-tradition-pinot-gris/w/1532745?year=2011&price_id=14650442
[2026-03-16 12:34:02]  [2/3172] [!] 데이터 없음: https://www.vivino.com/en/chateau-lascombes-margaux-grand-cru-classe/w/80045?year=2018&price_id=37844102
[2026-03-16 12:34:02]  [4/3172] [!] 데이터 없음: https://www.vivino.com/en/montes-folly/w/71264?year=2005&price_id=2754503
[2026-03-16 12:34:02]  [6/3172] [!] 데이터 없음: https://www.vivino.com/en/tramier-l-and-fils-saint-amour/w/1108470?year=2018&price_id=22322655
[2026-03-16 12:34:02]  [5/3172] [!] 데이터 없음: https://www.vivino.com/en/fr-rapet-savigny-les-beaune-1er-cru-aux-fourneaux/w/1989459?year=2022&price_id=37249129
[2026-03-16 12:34:02]  [7/3172] [!] 데이터 없음: https://www.vivino.com/en/gauchezco-estate-malbec/w/1166598?year=2013&price_id=2895355
[2026-03-16 12:34:02]  [9/3172] [!] 데이터 없음: https://www.vivino.com/en/chateau-la-conseillante-pomerol/w/768733?year=2010&price_id=37843588
[2026-03-16 12:34:02]  [8/3172] [!] 데이터 없음: https://www.vivino.com/en/maurac-haut-medoc/w/1190233?year=2003&price_id=14550197
[2026-03-16 12:34:02]  [10/3172] [!] 데이터 없음: https://www.vivino.com/en/michel-fonne-grains-de-genie/w/1261502?year=2016&price_id=30371345
[2026-03-16 12:34:02]  [11/3172] [!] 데이터 없음: https://www.vivino.com/en/vistamar-sepia-malbec-reserva/w/2113550?year=2014&price_id=10268321
[2026-03-16 12:34:02]  [12/3172] [!] 데이터 없음: https://www.vivino.com/en/lost-angel-cabernet-sauvignon/w/4150?year=2004&price_id=2895311
[2026-03-16 12:34:02]  [13/3172] [!] 데이터 없음: https://www.vivino.com/en/blondeau-danne-chassagne-montrachet-chassagne-montrachet/w/1814807?year=2023&price_id=37852833
[2026-03-16 12:34:02]  [14/3172] [!] 데이터 없음: https://www.vivino.com/en/barranco-oscuro-v-de-valenzuela/w/5713859?year=2022&price_id=38505534
[2026-03-16 12:34:02]  [15/3172] [!] 데이터 없음: https://www.vivino.com/en/les-cretes-fumin/w/1782289?year=2022&price_id=38461537
[2026-03-16 12:34:02]  [17/3172] [!] 데이터 없음: https://www.vivino.com/en/niebaum-coppola-zinfandel/w/1728137?year=2004&price_id=2873874
[2026-03-16 12:34:02]  [16/3172] [!] 데이터 없음: https://www.vivino.com/en/alpha-crucis-titan-shiraz/w/1515932?year=2010&price_id=2873867
[2026-03-16 12:34:03]  [27/3172] [!] 데이터 없음: https://www.vivino.com/en/gibbston-valley-pinot-noir/w/1142375?year=2023&price_id=39388045
[2026-03-16 12:34:03]  [18/3172] [!] 데이터 없음: https://www.vivino.com/en/pegasus-bay-winery-riesling/w/16115?year=2025&price_id=40652123
[2026-03-16 12:34:03]  [19/3172] [!] 데이터 없음: https://www.vivino.com/en/schafer-frohlich-riesling-trocken/w/1160496?year=2022&price_id=37843952
[2026-03-16 12:34:03]  [20/3172] [!] 데이터 없음: https://www.vivino.com/en/hans-herzog-hans-family-estate-nebbiolo/w/2975044?year=2018&price_id=38617057
[2026-03-16 12:34:03]  [22/3172] [!] 데이터 없음: https://www.vivino.com/en/thummerer-egri-bikaver-classicus/w/4442628?year=2012&price_id=9156579
[2026-03-16 12:34:03]  [21/3172] [!] 데이터 없음: https://www.vivino.com/en/sebastien-brunet-arpent-vouvray/w/1472297?year=2023&price_id=38566697
[2026-03-16 12:34:03]  [23/3172] [!] 데이터 없음: https://www.vivino.com/en/bellene-clos-de-la-chapelle-bourgogne-chardonnay-bourgogne/w/5985409?year=2022&price_id=38640735
[2026-03-16 12:34:03]  [24/3172] [!] 데이터 없음: https://www.vivino.com/en/robert-mondavi-private-selection-vint-cabernet-sauvignon/w/3998?year=2012&price_id=25051532
[2026-03-16 12:34:03]  [25/3172] [!] 데이터 없음: https://www.vivino.com/en/fr-rapet-pernand-vergelesses-1er-cru-les-vergelesses/w/1250683?year=2022&price_id=37249133
[2026-03-16 12:34:03]  [26/3172] [!] 데이터 없음: https://www.vivino.com/en/kopke-colheita-port/w/76372?year=1985&price_id=39789381
[2026-03-16 12:34:03]  [28/3172] [!] 데이터 없음: https://www.vivino.com/en/stonyridge-vineyard-larose-red-blend/w/1631901?year=2012&price_id=18747862
[2026-03-16 12:34:03]  [29/3172] [!] 데이터 없음: https://www.vivino.com/en/stephane-aviron-vieilles-vignes-saint-amour/w/5936236?year=2022&price_id=40462531
[2026-03-16 12:34:03]  [30/3172] [!] 데이터 없음: https://www.vivino.com/en/lornano-le-bandite-chianti-classico-riserva/w/1173901?year=2015&price_id=32716157
[2026-03-16 12:34:03] --- 중간 저장: 누적 402건 ---
[2026-03-16 12:45:40] [*] 기존 데이터 402건 로드됨.
[2026-03-16 12:45:40] [*] 울트라 패스트 수집 시작: 대상 3172건 (병렬:12)
[2026-03-16 12:45:46]  [10/3172] [성공] Michel Fonné Grains de Gé... | 분포:True
[2026-03-16 12:45:46]  [11/3172] [성공] Vistamar Sepia Malbec Res... | 분포:True
[2026-03-16 12:45:46]  [2/3172] [성공] Château Lascombes Margaux... | 분포:True
[2026-03-16 12:45:46]  [5/3172] [성공] Domaine Rapet Savigny-les... | 분포:True
[2026-03-16 12:45:46]  [3/3172] [성공] Jermann Capo Martino 2013... | 분포:True
[2026-03-16 12:45:46]  [8/3172] [성공] Château Maurac Haut-Médoc... | 분포:True
[2026-03-16 12:45:46]  [9/3172] [성공] Château La Conseillante P... | 분포:True
[2026-03-16 12:45:46]  [12/3172] [성공] Lost Angel Cabernet Sauvi... | 분포:False
[2026-03-16 12:45:46]  [4/3172] [성공] Montes Folly 2005... | 분포:True
[2026-03-16 12:45:47]  [1/3172] [성공] Michel Fonné Tradition Pi... | 분포:True
[2026-03-16 12:45:47]  [6/3172] [성공] L . Tramier & Fils Saint-... | 분포:True
[2026-03-16 12:45:47]  [7/3172] [성공] Gauchezco Estate Malbec 2... | 분포:True
[2026-03-16 12:45:49]  [14/3172] [성공] Barranco Oscuro V de Vale... | 분포:True
[2026-03-16 12:45:49]  [13/3172] [성공] Blondeau-Danne Chassagne-... | 분포:True
[2026-03-16 12:45:49]  [17/3172] [성공] Niebaum Coppola Zinfandel... | 분포:False
[2026-03-16 12:45:49]  [16/3172] [성공] Alpha Crucis Titan Shiraz... | 분포:True
[2026-03-16 12:45:49]  [18/3172] [성공] Pegasus Bay Riesling 2025... | 분포:True
[2026-03-16 12:45:49]  [19/3172] [성공] Schäfer-Fröhlich Riesling... | 분포:True
[2026-03-16 12:45:49]  [21/3172] [성공] Sebastien Brunet Arpent V... | 분포:True
[2026-03-16 12:45:49]  [24/3172] [성공] Robert Mondavi Private Se... | 분포:True
[2026-03-16 12:45:49]  [22/3172] [성공] Thummerer Egri Bikáver Cl... | 분포:True
[2026-03-16 12:45:50]  [15/3172] [성공] Les Crêtes Fumin 2022... | 분포:True
[2026-03-16 12:45:50]  [20/3172] [성공] Hans Herzog - Hans Family... | 분포:True
[2026-03-16 12:45:50]  [23/3172] [성공] Domaine de Bellène Clos d... | 분포:True
[2026-03-16 12:45:51]  [30/3172] [성공] Lornano Le Bandite Chiant... | 분포:True
[2026-03-16 12:45:51]  [25/3172] [성공] Domaine Rapet Pernand-Ver... | 분포:True
[2026-03-16 12:45:51]  [28/3172] [성공] Stonyridge Vineyard Laros... | 분포:True
[2026-03-16 12:45:51]  [27/3172] [성공] Gibbston Valley Pinot Noi... | 분포:True
[2026-03-16 12:45:51]  [26/3172] [성공] Kopke Colheita Port 1985... | 분포:True
[2026-03-16 12:45:52]  [29/3172] [성공] Stéphane Aviron Vieilles ... | 분포:True
[2026-03-16 12:45:52] --- 중간 저장: 누적 432건 ---
[2026-03-16 12:46:04]  [33/3172] [성공] Brutalis Alicante Bousche... | 분포:True
[2026-03-16 12:46:04]  [32/3172] [성공] Whitehaven Sauvignon Blan... | 분포:True
[2026-03-16 12:46:05]  [40/3172] [성공] Von Winning Win Win Riesl... | 분포:True
[2026-03-16 12:46:05]  [36/3172] [성공] Quinta do Noval Port Tawn... | 분포:True
[2026-03-16 12:46:05]  [42/3172] [성공] Joh. Jos. Prüm Riesling K... | 분포:True
[2026-03-16 12:46:05]  [31/3172] [성공] Kalleske Clarry's Barossa... | 분포:True
[2026-03-16 12:46:05]  [35/3172] [성공] Gallo Family Vineyards Ga... | 분포:True
[2026-03-16 12:46:05]  [38/3172] [성공] Two Paddocks Pinot Noir R... | 분포:True
[2026-03-16 12:46:05]  [34/3172] [성공] Jim Barry The Lodge Hill ... | 분포:True
[2026-03-16 12:46:05]  [37/3172] [성공] L . Tramier & Fils Côte d... | 분포:True
[2026-03-16 12:46:05]  [39/3172] [성공] Swanson Merlot 2003... | 분포:True
[2026-03-16 12:46:05]  [41/3172] [성공] Saxenburg Private Collect... | 분포:True
[2026-03-16 12:46:07]  [47/3172] [성공] Telmo Rodriguez Basa Blan... | 분포:True
[2026-03-16 12:46:07]  [46/3172] [성공] F.X. Pichler Dürnsteiner ... | 분포:True
[2026-03-16 12:46:07]  [45/3172] [성공] Kopke Porto White Colheit... | 분포:True
[2026-03-16 12:46:07]  [43/3172] [성공] Chalk Hill Sangiovese 201... | 분포:True
[2026-03-16 12:46:07]  [44/3172] [성공] Weingut Knoll Loibner Gel... | 분포:True
[2026-03-16 12:46:08]  [52/3172] [성공] El Principal Memorias 201... | 분포:True
[2026-03-16 12:46:08]  [53/3172] [성공] Wente Family Vineyards Sa... | 분포:True
[2026-03-16 12:46:08]  [51/3172] [성공] Akarua The Siren Pinot No... | 분포:True
[2026-03-16 12:46:08]  [48/3172] [성공] Ikon Tulipán 2009... | 분포:True
[2026-03-16 12:46:08]  [54/3172] [성공] Schäfer-Fröhlich Frühling... | 분포:True
[2026-03-16 12:46:09]  [49/3172] [성공] Quartz Reef Methode Tradi... | 분포:True
[2026-03-16 12:46:09]  [56/3172] [성공] Trivento Otra Vida Malbec... | 분포:True
[2026-03-16 12:46:09]  [55/3172] [성공] Château d'Yquem Sauternes... | 분포:True
[2026-03-16 12:46:09]  [57/3172] [성공] Kilikanoon Blocks Road Ca... | 분포:True
[2026-03-16 12:46:09]  [50/3172] [성공] Pierre Ferraud & Fils Dom... | 분포:False
[2026-03-16 12:46:09]  [60/3172] [성공] Becker Landgraf J² Herrgo... | 분포:True
[2026-03-16 12:46:10]  [58/3172] [성공] Donnafugata Sedàra 2021... | 분포:True
[2026-03-16 12:46:11]  [59/3172] [성공] Oriol Rossell Les Cervere... | 분포:True
[2026-03-16 12:46:11] --- 중간 저장: 누적 462건 ---
[2026-03-16 12:46:20]  [63/3172] [성공] Maison de Grand Esprit La... | 분포:True
[2026-03-16 12:46:21]  [69/3172] [성공] Carpineto Molin Vecchio 1... | 분포:True
[2026-03-16 12:46:21]  [70/3172] [성공] Castellare Toscana Sparti... | 분포:True
[2026-03-16 12:46:21]  [61/3172] [성공] Mouton Cadet Bordeaux Sau... | 분포:True
[2026-03-16 12:46:21]  [72/3172] [성공] Vistamar Moscato Brisa 20... | 분포:True
[2026-03-16 12:46:21]  [66/3172] [성공] Domaine Rewa Pinot Noir 2... | 분포:True
[2026-03-16 12:46:21]  [62/3172] [성공] Joh. Jos. Prüm Wehlener S... | 분포:True
[2026-03-16 12:46:21]  [65/3172] [성공] Domaine Weinbach Clos des... | 분포:True
[2026-03-16 12:46:22]  [64/3172] [성공] The Winery of Good Hope R... | 분포:True
[2026-03-16 12:46:22]  [68/3172] [성공] Marina Cvetić Montepulcia... | 분포:True
[2026-03-16 12:46:22]  [71/3172] [성공] Bodega Tandem Ars Nova 20... | 분포:True
[2026-03-16 12:46:22]  [67/3172] [성공] Casa Silva Reserva Sauvig... | 분포:True
[2026-03-16 12:46:23]  [73/3172] [성공] Ornellaia Le Volte 2023... | 분포:True
[2026-03-16 12:46:23]  [78/3172] [성공] Domaine de Fa Roche Guill... | 분포:True
[2026-03-16 12:46:24]  [77/3172] [성공] Brennan Trio 2021... | 분포:True
[2026-03-16 12:46:24]  [75/3172] [성공] Burn Cottage Sauvage Vine... | 분포:True
[2026-03-16 12:46:24]  [80/3172] [성공] Merryvale Cabernet Sauvig... | 분포:True
[2026-03-16 12:46:24]  [83/3172] [성공] Mudbrick Vineyard Pinot G... | 분포:True
[2026-03-16 12:46:24]  [76/3172] [성공] Weingut Knoll Loibner Cha... | 분포:True
[2026-03-16 12:46:24]  [74/3172] [성공] Prunotto Mompertone Monfe... | 분포:True
[2026-03-16 12:46:24]  [79/3172] [성공] Domaine Leflaive Mâcon-Ve... | 분포:True
[2026-03-16 12:46:24]  [81/3172] [성공] Fuligni Brunello di Monta... | 분포:True
[2026-03-16 12:46:24]  [84/3172] [성공] Albert Grivault Clos Blan... | 분포:True
[2026-03-16 12:46:25]  [85/3172] [성공] F.X. Pichler Ried Loibenb... | 분포:True
[2026-03-16 12:46:25]  [82/3172] [성공] Graffigna Reserve Malbec ... | 분포:False
[2026-03-16 12:46:25]  [87/3172] [성공] JP. Chenet Cabernet - Syr... | 분포:False
[2026-03-16 12:46:26]  [88/3172] [성공] Domaine Comte Georges de ... | 분포:True
[2026-03-16 12:46:26]  [89/3172] [성공] Monte Real Tempranillo Bl... | 분포:True
[2026-03-16 12:46:26]  [86/3172] [성공] Alvarez Nölting Finca Alv... | 분포:True
[2026-03-16 12:46:26]  [90/3172] [성공] Jané Ventura Margalló Tin... | 분포:True
[2026-03-16 12:46:26] --- 중간 저장: 누적 492건 ---
[2026-03-16 12:46:34]  [91/3172] [성공] Stonyridge Vineyard Laros... | 분포:True
[2026-03-16 12:46:34]  [93/3172] [성공] Mas de Daumas Gassac Friz... | 분포:True
[2026-03-16 12:46:34]  [92/3172] [성공] Gorrebusto Torre San Mill... | 분포:True
[2026-03-16 12:46:34]  [96/3172] [성공] Domaine G. Roumier Bonnes... | 분포:True
[2026-03-16 12:46:34]  [95/3172] [성공] Cà dei Frati Brolettino L... | 분포:True
[2026-03-16 12:46:35]  [97/3172] [성공] Jacob's Creek Chardonnay ... | 분포:True
[2026-03-16 12:46:35]  [100/3172] [성공] Vasse Felix Filius Cabern... | 분포:True
[2026-03-16 12:46:35]  [101/3172] [성공] Château Margaux Château M... | 분포:True
[2026-03-16 12:46:35]  [98/3172] [성공] Domaine Marquis d'Angervi... | 분포:True
[2026-03-16 12:46:35]  [99/3172] [성공] Château Lynch-Bages Pauil... | 분포:True
[2026-03-16 12:46:36]  [94/3172] [성공] Marea Sauvignon Blanc 201... | 분포:True
[2026-03-16 12:46:36]  [102/3172] [성공] Familia Torres Nerola Bla... | 분포:True
[2026-03-16 12:46:37]  [110/3172] [성공] Bérêche & Fils Brut Réser... | 분포:True
[2026-03-16 12:46:37]  [105/3172] [성공] Mastroberardino Pompeiano... | 분포:True
[2026-03-16 12:46:37]  [108/3172] [성공] Donnafugata Ben Ryé Passi... | 분포:True
[2026-03-16 12:46:37]  [104/3172] [성공] Gallo Family Vineyards Me... | 분포:True
[2026-03-16 12:46:37]  [106/3172] [성공] Thummerer Egri Bikáver Cl... | 분포:True
[2026-03-16 12:46:38]  [111/3172] [성공] Feudi di San Gregorio Fia... | 분포:True
[2026-03-16 12:46:38]  [103/3172] [성공] Franz Hirtzberger Axpoint... | 분포:True
[2026-03-16 12:46:38]  [107/3172] [성공] Château Gazin Pomerol 199... | 분포:True
[2026-03-16 12:46:38]  [109/3172] [성공] Conterno Fantino Barolo G... | 분포:True
[2026-03-16 12:46:38]  [112/3172] [성공] Chalk Hill Luna Shiraz 20... | 분포:True
[2026-03-16 12:46:38]  [114/3172] [성공] Vieux Château Certan Pome... | 분포:True
[2026-03-16 12:46:39]  [113/3172] [성공] Torre a Cenaia Pitti Cena... | 분포:True
[2026-03-16 12:46:39]  [118/3172] [성공] Masi Costasera Amarone de... | 분포:True
[2026-03-16 12:46:39]  [116/3172] [성공] Misha's Vineyard Limeligh... | 분포:True
[2026-03-16 12:46:39]  [117/3172] [성공] Biserno Campo di Sasso In... | 분포:True
[2026-03-16 12:46:40]  [119/3172] [성공] Feudi di San Gregorio Fal... | 분포:True
[2026-03-16 12:46:41]  [115/3172] [성공] Ruggeri Argeo Prosecco Br... | 분포:True
[2026-03-16 12:46:41]  [120/3172] [성공] Weinert Merlot 1997... | 분포:True
[2026-03-16 12:46:42] --- 중간 저장: 누적 522건 ---
[2026-03-16 12:46:53]  [122/3172] [성공] Domaine A. et P. de Villa... | 분포:True
[2026-03-16 12:46:54]  [125/3172] [성공] Millton Te Arai Vineyard ... | 분포:True
[2026-03-16 12:46:54]  [132/3172] [성공] Salentein Reserve Malbec ... | 분포:True
[2026-03-16 12:46:54]  [123/3172] [성공] Domaine Leflaive Puligny-... | 분포:True
[2026-03-16 12:46:54]  [127/3172] [!] 데이터 없음: https://www.vivino.com/en/barefoot-moscato/w/1201651?price_id=7943990
[2026-03-16 12:46:55]  [126/3172] [성공] Two Eights 88 Classic Ser... | 분포:True
[2026-03-16 12:46:55]  [130/3172] [성공] Château La Marzelle Châte... | 분포:True
[2026-03-16 12:46:55]  [121/3172] [성공] Royal Oporto Late Bottled... | 분포:True
[2026-03-16 12:46:55]  [129/3172] [성공] Perez Cruz Syrah Limited ... | 분포:True
[2026-03-16 12:46:55]  [128/3172] [성공] Solar de Urbezo Dance del... | 분포:True
[2026-03-16 12:46:55]  [131/3172] [성공] Doña Paula Los Cardos Sau... | 분포:True
[2026-03-16 12:46:56]  [133/3172] [성공] Domaine A. et P. de Villa... | 분포:True
[2026-03-16 12:46:56]  [124/3172] [성공] Beringer Founders' Estate... | 분포:True
[2026-03-16 12:46:56]  [134/3172] [성공] Domaine Vacheron Sancerre... | 분포:True
[2026-03-16 12:46:56]  [137/3172] [성공] Von Winning Kirchenstück ... | 분포:True
[2026-03-16 12:46:57]  [138/3172] [성공] Matteo Soria Moscato d'As... | 분포:True
[2026-03-16 12:46:57]  [139/3172] [성공] Trinity Hill Homage Syrah... | 분포:True
[2026-03-16 12:46:57]  [135/3172] [성공] Rosemount Show Reserve Sh... | 분포:True
[2026-03-16 12:46:57]  [136/3172] [성공] Jidvei Grigorescu Gewürzt... | 분포:True
[2026-03-16 12:46:58]  [140/3172] [성공] Kopke Colheita Port 2002... | 분포:True
[2026-03-16 12:46:58]  [142/3172] [성공] Château Guibot La Fourvie... | 분포:True
[2026-03-16 12:46:58]  [141/3172] [성공] Julien Sunier Régnié 2023... | 분포:True
[2026-03-16 12:46:58]  [145/3172] [성공] Armas de Guerra Mencía 20... | 분포:True
[2026-03-16 12:46:58]  [144/3172] [성공] Kendall-Jackson Vintner's... | 분포:True
[2026-03-16 12:46:58]  [146/3172] [성공] Mirafiore Barolo 2002... | 분포:True
[2026-03-16 12:46:58]  [143/3172] [성공] Domaine de la Bâtie Saint... | 분포:True
[2026-03-16 12:46:59]  [148/3172] [성공] Domaine Leflaive Bourgogn... | 분포:True
[2026-03-16 12:46:59]  [150/3172] [성공] Marqués de Riscal Reserva... | 분포:True
[2026-03-16 12:46:59]  [147/3172] [성공] Mouton Cadet Bordeaux Ros... | 분포:True
[2026-03-16 12:47:00]  [149/3172] [성공] Vistamar Moscato Brisa 20... | 분포:True
[2026-03-16 12:47:00] --- 중간 저장: 누적 551건 ---
[2026-03-16 12:47:12]  [152/3172] [성공] JP. Chenet Delicious Medi... | 분포:True
[2026-03-16 12:47:12]  [151/3172] [성공] Jean-Louis Trocard Clos d... | 분포:True
[2026-03-16 12:47:13]  [156/3172] [성공] Ramos Pinto Quinta de Erv... | 분포:True
[2026-03-16 12:47:13]  [159/3172] [성공] Pierre-Yves Colin-Morey M... | 분포:True
[2026-03-16 12:47:14]  [155/3172] [성공] Valli The Real McCoy Oran... | 분포:True
[2026-03-16 12:47:14]  [162/3172] [성공] Perez Cruz Cabernet Sauvi... | 분포:True
[2026-03-16 12:47:14]  [161/3172] [성공] Felton Road Block 3 Pinot... | 분포:True
[2026-03-16 12:47:14]  [157/3172] [성공] Kalleske Johann Georg Old... | 분포:True
[2026-03-16 12:47:15]  [153/3172] [성공] Cloudy Bay Sauvignon Blan... | 분포:True
[2026-03-16 12:47:15]  [160/3172] [성공] Château Labégorce Margaux... | 분포:True
[2026-03-16 12:47:15]  [158/3172] [성공] Framingham Pinot Noir 201... | 분포:True
[2026-03-16 12:47:15]  [154/3172] [성공] Luca Nico by Luca Malbec ... | 분포:True
[2026-03-16 12:47:16]  [163/3172] [성공] Umberto Cesari Liano Sang... | 분포:True
[2026-03-16 12:47:16]  [164/3172] [성공] Morgan Bay Cellars Chardo... | 분포:True
[2026-03-16 12:47:16]  [166/3172] [성공] Château Cissac Haut-Médoc... | 분포:True
[2026-03-16 12:47:17]  [165/3172] [성공] Carrick Cairnmuir Terrace... | 분포:True
[2026-03-16 12:47:17]  [169/3172] [성공] Tinel-Blondelet L'Arret B... | 분포:True
[2026-03-16 12:47:17]  [170/3172] [성공] Gibbston Valley Methode T... | 분포:True
[2026-03-16 12:47:18]  [174/3172] [성공] Braida La Monella Barbera... | 분포:True
[2026-03-16 12:47:18]  [173/3172] [성공] Saint Clair Family Estate... | 분포:True
[2026-03-16 12:47:18]  [172/3172] [성공] Poliziano Vino Nobile di ... | 분포:True
[2026-03-16 12:47:18]  [171/3172] [성공] Pegasus Bay Merlot - Cabe... | 분포:True
[2026-03-16 12:47:18]  [168/3172] [성공] Weingut Pöckl Admiral 202... | 분포:True
[2026-03-16 12:47:18]  [167/3172] [성공] Tarapacá Reserva Chardonn... | 분포:True
[2026-03-16 12:47:19]  [175/3172] [성공] Gibbston Valley Diamond P... | 분포:True
[2026-03-16 12:47:20]  [178/3172] [성공] Clos du Val Pinot Noir 20... | 분포:True
[2026-03-16 12:47:20]  [180/3172] [성공] Matrot Bourgogne Pinot No... | 분포:True
[2026-03-16 12:47:20]  [179/3172] [성공] Molino Selvaggia Rosso 20... | 분포:True
[2026-03-16 12:47:20]  [177/3172] [성공] J. Bouchon Merlot Reserva... | 분포:True
[2026-03-16 12:47:20]  [176/3172] [성공] Sensi Cupido Sangiovese T... | 분포:True
[2026-03-16 12:47:20] --- 중간 저장: 누적 581건 ---
[2026-03-16 12:47:33]  [182/3172] [성공] Moritz Kissinger Riesling... | 분포:True
[2026-03-16 12:47:34]  [181/3172] [성공] Woodbridge by Robert Mond... | 분포:False
[2026-03-16 12:47:34]  [183/3172] [성공] Peter Lehmann THE Barossa... | 분포:True
[2026-03-16 12:47:35]  [184/3172] [성공] Two Paddocks The First Pa... | 분포:True
[2026-03-16 12:47:35]  [187/3172] [성공] Principal Reserva Bairrad... | 분포:True
[2026-03-16 12:47:35]  [191/3172] [성공] Domaine du Pelican Arbois... | 분포:True
[2026-03-16 12:47:35]  [185/3172] [성공] Takler Reserve Bikavér 20... | 분포:True
[2026-03-16 12:47:35]  [186/3172] [성공] Forefront Cabernet Sauvig... | 분포:True
[2026-03-16 12:47:36]  [192/3172] [성공] Saxenburg Gwendolyn 2001... | 분포:True
[2026-03-16 12:47:36]  [188/3172] [성공] Cantina di Custoza Bardol... | 분포:True
[2026-03-16 12:47:36]  [190/3172] [성공] Cloudy Bay Sauvignon Blan... | 분포:True
[2026-03-16 12:47:36]  [189/3172] [성공] Salentein Numina Syrah 20... | 분포:False
[2026-03-16 12:47:36]  [193/3172] [성공] Georges Duboeuf Beaujolai... | 분포:True
[2026-03-16 12:47:37]  [197/3172] [성공] Villa Gemma Colline Teati... | 분포:True
[2026-03-16 12:47:38]  [199/3172] [성공] Schäfer-Fröhlich Schiefer... | 분포:True
[2026-03-16 12:47:38]  [195/3172] [성공] Folonari Shiraz Sicilia 2... | 분포:True
[2026-03-16 12:47:38]  [200/3172] [성공] Paraduxx X2 2021... | 분포:True
[2026-03-16 12:47:39]  [198/3172] [성공] Dog Point Chardonnay 2023... | 분포:True
[2026-03-16 12:47:39]  [201/3172] [성공] Echeverría Reserva Carmen... | 분포:True
[2026-03-16 12:47:39]  [203/3172] [성공] Château Haut Peyruguet Bo... | 분포:True
[2026-03-16 12:47:39]  [194/3172] [성공] Monkey Bay Sauvignon Blan... | 분포:True
[2026-03-16 12:47:40]  [196/3172] [성공] Montes Limited Selection ... | 분포:True
[2026-03-16 12:47:40]  [202/3172] [성공] Ata Rangi Pinot Noir 2022... | 분포:True
[2026-03-16 12:47:40]  [204/3172] [성공] House of Hafner Family Es... | 분포:True
[2026-03-16 12:47:40]  [205/3172] [성공] A.F. Gros Vosne-Romanée M... | 분포:True
[2026-03-16 12:47:41]  [206/3172] [성공] Philippe Charmond Pouilly... | 분포:True
[2026-03-16 12:47:42]  [209/3172] [성공] Domaine Anne et Herve Sig... | 분포:True
[2026-03-16 12:47:42]  [207/3172] [성공] St. Michael-Eppan Lahn Sa... | 분포:True
[2026-03-16 12:47:42]  [208/3172] [성공] Franz Hirtzberger Singerr... | 분포:True
[2026-03-16 12:47:43]  [210/3172] [성공] Francis Ford Coppola Wine... | 분포:True
[2026-03-16 12:47:43] --- 중간 저장: 누적 611건 ---
[2026-03-16 12:47:49]  [212/3172] [!] 데이터 없음: https://www.vivino.com/en/guasti-clemente-barolo/w/1100721?year=2003&price_id=2873636
[2026-03-16 12:47:49]  [211/3172] [!] 데이터 없음: https://www.vivino.com/en/robert-denogent-les-taches-macon-fuisse/w/1305069?year=2020&price_id=37843610
[2026-03-16 12:47:49]  [213/3172] [!] 데이터 없음: https://www.vivino.com/en/chateau-larmande-saint-emilion-grand-cru-grand-cru-classe/w/779048?year=2003&price_id=38952508
[2026-03-16 12:47:49]  [214/3172] [!] 데이터 없음: https://www.vivino.com/en/barratt-chardonnay/w/2265965?year=2011&price_id=21687579
[2026-03-16 12:47:49]  [215/3172] [!] 데이터 없음: https://www.vivino.com/en/pares-balta-garnatxa-hisenda-miret/w/1670099?year=2008&price_id=14650390
[2026-03-16 12:47:49]  [216/3172] [!] 데이터 없음: https://www.vivino.com/en/beringer-california-classic-cabernet-sauvignon/w/4118762?year=2005&price_id=12213030
[2026-03-16 12:47:49]  [217/3172] [!] 데이터 없음: https://www.vivino.com/en/casa-silva-quinta-generation-5th/w/18322?year=2012&price_id=16495711
[2026-03-16 12:47:49]  [218/3172] [!] 데이터 없음: https://www.vivino.com/en/seghesio-winery-sonoma-zinfandel/w/6369?year=2004&price_id=2894959
[2026-03-16 12:47:49]  [219/3172] [!] 데이터 없음: https://www.vivino.com/en/pt-vista-alegre-reserve-ruby-porto/w/1277158?price_id=10655744
[2026-03-16 12:47:49]  [220/3172] [!] 데이터 없음: https://www.vivino.com/en/indomita-varietal-cabernet-sauvignon/w/74072?year=2007&price_id=15466470
[2026-03-16 12:47:50]  [221/3172] [!] 데이터 없음: https://www.vivino.com/en/vanita-nero-d-avola-organico/w/4995914?year=2017&price_id=19281715
[2026-03-16 12:47:50]  [222/3172] [!] 데이터 없음: https://www.vivino.com/en/decibel-malbec/w/1749678?year=2023&price_id=39016763
[2026-03-16 12:47:50]  [223/3172] [!] 데이터 없음: https://www.vivino.com/en/vidal-del-saz-crianza-tempranillo/w/1455072?year=2015&price_id=19408977
[2026-03-16 12:47:50]  [224/3172] [!] 데이터 없음: https://www.vivino.com/en/anderra-cabernet-sauvignon/w/1495918?year=2013&price_id=14541301
[2026-03-16 12:47:50]  [225/3172] [!] 데이터 없음: https://www.vivino.com/en/domaine-a-f-gros-vosne-romanee-aux-reas/w/1447844?year=2023&price_id=40825908
[2026-03-16 12:47:50]  [226/3172] [!] 데이터 없음: https://www.vivino.com/en/renacer-malbec/w/2047676?year=2006&price_id=2895000
[2026-03-16 12:47:50]  [227/3172] [!] 데이터 없음: https://www.vivino.com/en/rippon-emma-s-block-mature-vine-pinot-noir/w/1117019?year=2021&price_id=39677268
[2026-03-16 12:47:50]  [228/3172] [!] 데이터 없음: https://www.vivino.com/en/badger-mountain-cabernet-sauvignon-n-s-a-organic/w/1128149?year=2010&price_id=2894996
[2026-03-16 12:47:50]  [229/3172] [!] 데이터 없음: https://www.vivino.com/en/ferrari-perle/w/4972?year=2017&price_id=36485541
[2026-03-16 12:47:50]  [230/3172] [!] 데이터 없음: https://www.vivino.com/en/bree-pinot-noir-rose/w/1195469?year=2014&price_id=2895145
[2026-03-16 12:47:50]  [231/3172] [!] 데이터 없음: https://www.vivino.com/en/huarpe-taymente-malbec/w/1206048?year=2017&price_id=18814629
[2026-03-16 12:47:50]  [232/3172] [!] 데이터 없음: https://www.vivino.com/en/ippolito-pecorello/w/2565725?year=2017&price_id=19042796
[2026-03-16 12:47:50]  [233/3172] [!] 데이터 없음: https://www.vivino.com/en/rockburn-eleven-barrels-pinot-noir/w/4981897?year=2023&price_id=39016765
[2026-03-16 12:47:50]  [234/3172] [!] 데이터 없음: https://www.vivino.com/en/degenfeld-zomborka-furmint/w/3922357?year=2013&price_id=9094627
[2026-03-16 12:47:50]  [235/3172] [!] 데이터 없음: https://www.vivino.com/en/f-x-pichler-ried-steinertal-gruner-veltliner-smaragd/w/7179208?year=2024&price_id=40262176
[2026-03-16 12:47:50]  [236/3172] [!] 데이터 없음: https://www.vivino.com/en/passage-rock-reserve-syrah-waiheke-island/w/1362043?year=2020&price_id=35703049
[2026-03-16 12:47:50]  [237/3172] [!] 데이터 없음: https://www.vivino.com/en/renacer-punto-final-cabernet-sauvignon/w/2230823?year=2013&price_id=2895350
[2026-03-16 12:47:50]  [238/3172] [!] 데이터 없음: https://www.vivino.com/en/vio-giobatta-biovio-ma-rene-pigato-riviera-ligure-di-ponente/w/1171486?year=2022&price_id=36485544
[2026-03-16 12:47:50]  [239/3172] [!] 데이터 없음: https://www.vivino.com/en/de-ladoucette-baron-de-l-pouilly-fume/w/74360?year=1998&price_id=38190388
[2026-03-16 12:47:50]  [240/3172] [!] 데이터 없음: https://www.vivino.com/en/sensi-mantello-sangiovese-shiraz-toscana/w/84965?year=2003&price_id=2804898
[2026-03-16 12:47:51] --- 중간 저장: 누적 611건 ---
[2026-03-16 12:47:58]  [241/3172] [!] 데이터 없음: https://www.vivino.com/en/jermann-pinot-grigio/w/1989135?year=2023&price_id=38294019
[2026-03-16 12:47:58]  [242/3172] [!] 데이터 없음: https://www.vivino.com/en/pyramid-valley-vineyards-north-canterbury-sauvignon/w/10001776?year=2023&price_id=37872710
[2026-03-16 12:47:58]  [243/3172] [!] 데이터 없음: https://www.vivino.com/en/mitchelton-blackwood-park-riesling/w/1212235?year=2008&price_id=2754502
[2026-03-16 12:47:58]  [244/3172] [!] 데이터 없음: https://www.vivino.com/en/castello-pomino-pomino-vin-santo/w/21009?year=2002&price_id=2804794
[2026-03-16 12:47:58]  [245/3172] [!] 데이터 없음: https://www.vivino.com/en/raphet-chambolle-musigny/w/1901450?year=2021&price_id=33035075
[2026-03-16 12:47:58]  [246/3172] [!] 데이터 없음: https://www.vivino.com/en/bouchard-pere-fils-monthelie-premier-cru-les-duresses/w/73256?year=2011&price_id=14541519
[2026-03-16 12:47:58]  [247/3172] [!] 데이터 없음: https://www.vivino.com/en/robert-denogent-vieilles-vignes-pouilly-fuisse-1er-cru-vers-cras/w/11508539?year=2021&price_id=38459348
[2026-03-16 12:47:58]  [248/3172] [!] 데이터 없음: https://www.vivino.com/en/domaine-des-beaumont-morey-saint-denis/w/98098?year=2022&price_id=37852828
[2026-03-16 12:47:58]  [249/3172] [!] 데이터 없음: https://www.vivino.com/en/fiuza-ikon-touriga-nacional/w/1203547?year=2011&price_id=16860317
[2026-03-16 12:47:58]  [250/3172] [!] 데이터 없음: https://www.vivino.com/en/domaine-ciringa-fosilni-breg-sauvignon-blanc/w/1474082?year=2023&price_id=40149345
[2026-03-16 12:47:58]  [251/3172] [!] 데이터 없음: https://www.vivino.com/en/domaine-de-leyre-loup-fleurie/w/1218642?year=2020&price_id=33696576
[2026-03-16 12:47:58]  [252/3172] [!] 데이터 없음: https://www.vivino.com/en/donnafugata-tancredi/w/4792?year=2020&price_id=38542002
[2026-03-16 12:47:58]  [253/3172] [!] 데이터 없음: https://www.vivino.com/en/tabali-reserva-especial-syrah/w/779333?year=2012&price_id=16741797
[2026-03-16 12:47:59]  [254/3172] [!] 데이터 없음: https://www.vivino.com/en/duque-de-medina-reserva-old-vine-garnacha/w/1157620?year=2008&price_id=2873875
[2026-03-16 12:47:59]  [255/3172] [!] 데이터 없음: https://www.vivino.com/en/bodega-norton-barrel-select-cabernet-sauvignon/w/1141075?year=2005&price_id=2804805
[2026-03-16 12:47:59]  [256/3172] [!] 데이터 없음: https://www.vivino.com/en/groth-cabernet-sauvignon-reserve/w/10007?year=2016&price_id=25002068
[2026-03-16 12:47:59]  [258/3172] [!] 데이터 없음: https://www.vivino.com/en/kadabra-malbec/w/5131385?year=2016&price_id=15803551
[2026-03-16 12:47:59]  [259/3172] [!] 데이터 없음: https://www.vivino.com/en/veyder-malberg-alter-native-gruner-veltliner-wachau/w/6137364?year=2015&price_id=37843813
[2026-03-16 12:47:59]  [261/3172] [!] 데이터 없음: https://www.vivino.com/en/masi-veneto-masianco/w/21950?year=2005&price_id=2805031
[2026-03-16 12:47:59]  [262/3172] [!] 데이터 없음: https://www.vivino.com/en/kendall-jackson-stature-limited-release-cabernet-sauvignon/w/1722101?year=2000&price_id=2805022
[2026-03-16 12:47:59]  [263/3172] [!] 데이터 없음: https://www.vivino.com/en/kressmann-monopole-bordeaux/w/1136310?year=2009&price_id=7943995
[2026-03-16 12:47:59]  [264/3172] [!] 데이터 없음: https://www.vivino.com/en/fr-rapet-corton-charlemagne-grand-cru/w/87852?year=2020&price_id=33059123
[2026-03-16 12:47:59]  [265/3172] [!] 데이터 없음: https://www.vivino.com/en/rosemount-diamond-label-shiraz-cabernet/w/20192?year=2005&price_id=14539579
[2026-03-16 12:47:59]  [266/3172] [!] 데이터 없음: https://www.vivino.com/en/solar-de-urbezo-vendimia-seleccionada/w/2015143?year=2010&price_id=15198805
[2026-03-16 12:47:59]  [267/3172] [!] 데이터 없음: https://www.vivino.com/en/beringer-founders-estate-merlot/w/1531?year=2004&price_id=2754480
[2026-03-16 12:47:59]  [257/3172] [!] 데이터 없음: https://www.vivino.com/en/warres-fine-white-port/w/1376641?price_id=25740253
[2026-03-16 12:47:59]  [268/3172] [!] 데이터 없음: https://www.vivino.com/en/masciarelli-abruzzo-trebbiano-d-abruzzo/w/93059?year=2022&price_id=36485612
[2026-03-16 12:47:59]  [260/3172] [!] 데이터 없음: https://www.vivino.com/en/elvio-cogno-barolo-cascina-nuova/w/21058?year=2006&price_id=14550165
[2026-03-16 12:47:59]  [269/3172] [!] 데이터 없음: https://www.vivino.com/en/domaine-a-f-gros-richebourg-grand-cru/w/1100248?year=2022&price_id=37843699
[2026-03-16 12:47:59]  [270/3172] [!] 데이터 없음: https://www.vivino.com/en/quinta-da-alorna-branco/w/1195763?year=2016&price_id=17633393
[2026-03-16 12:47:59] --- 중간 저장: 누적 611건 ---
[2026-03-16 12:48:08]  [271/3172] [!] 데이터 없음: https://www.vivino.com/en/f-x-pichler-unendlich-riesling-smaragd/w/1581262?year=2019&price_id=38022779
[2026-03-16 12:48:08]  [272/3172] [!] 데이터 없음: https://www.vivino.com/en/bruno-paillard-premiere-cuvee-extra-brut-champagne-champagne/w/1245747?price_id=4748351
[2026-03-16 12:48:08]  [273/3172] [!] 데이터 없음: https://www.vivino.com/en/domaine-fontchene-les-antiques/w/10661883?year=2024&price_id=39294858
[2026-03-16 12:48:08]  [274/3172] [!] 데이터 없음: https://www.vivino.com/en/anakena-winery-birdman-series-sauvignon-blanc-central-valley/w/5376523?year=2016&price_id=28552992
[2026-03-16 12:48:08]  [275/3172] [!] 데이터 없음: https://www.vivino.com/en/two-paddocks-the-last-chance-earnscleugh-vineyard-pinot-noir/w/1501826?year=2016&price_id=15636089
[2026-03-16 12:48:08]  [276/3172] [!] 데이터 없음: https://www.vivino.com/en/wirra-wirra-church-block-cabernet-sauvignon-shiraz-merlot/w/82751?year=2019&price_id=26456005
[2026-03-16 12:48:08]  [277/3172] [!] 데이터 없음: https://www.vivino.com/en/stonyridge-vineyard-larose-red-blend/w/1631901?year=2016&price_id=13417988
[2026-03-16 12:48:08]  [278/3172] [!] 데이터 없음: https://www.vivino.com/en/wolf-blass-president-s-selection-cabernet-sauvignon/w/1129979?year=2005&price_id=2895183
[2026-03-16 12:48:08]  [279/3172] [!] 데이터 없음: https://www.vivino.com/en/chateau-carbonnieux-pessac-leognan/w/1645929?year=2001&price_id=7944119
[2026-03-16 12:48:08]  [280/3172] [!] 데이터 없음: https://www.vivino.com/en/peter-lehmann-portrait-shiraz/w/1953975?year=2013&price_id=14650512
[2026-03-16 12:48:08]  [281/3172] [!] 데이터 없음: https://www.vivino.com/en/kumala-reserve-shiraz/w/2029666?year=2019&price_id=36774742
[2026-03-16 12:48:08]  [282/3172] [!] 데이터 없음: https://www.vivino.com/en/gibbston-valley-china-terrace-pinot-noir/w/1145543?year=2023&price_id=40561254
[2026-03-16 12:48:08]  [286/3172] [!] 데이터 없음: https://www.vivino.com/en/surveyor-thomson-pinot-noir-rose/w/8006622?year=2024&price_id=40582558
[2026-03-16 12:48:08]  [283/3172] [!] 데이터 없음: https://www.vivino.com/en/domaine-marquis-d-angerville-meursault-santenots-1er-cru/w/76341?year=2022&price_id=40825900
[2026-03-16 12:48:08]  [284/3172] [!] 데이터 없음: https://www.vivino.com/en/christophe-violot-guillemard-saint-romain-sous-roche/w/1259513?year=2023&price_id=40860398
[2026-03-16 12:48:09]  [285/3172] [!] 데이터 없음: https://www.vivino.com/en/moric-reserve-blaufrankisch/w/1196379?year=2021&price_id=37843738
[2026-03-16 12:48:09]  [287/3172] [!] 데이터 없음: https://www.vivino.com/en/castell-del-remei-gotim-bru/w/1616?year=2014&price_id=10373653
[2026-03-16 12:48:09]  [288/3172] [!] 데이터 없음: https://www.vivino.com/en/saint-clair-family-estate-pioneer-block-17-plateau-merlot/w/1100192?year=2021&price_id=35624800
[2026-03-16 12:48:09]  [289/3172] [!] 데이터 없음: https://www.vivino.com/en/michel-guignier-la-petite-oseille-moulin-a-vent/w/1690243?year=2020&price_id=38505562
[2026-03-16 12:48:09]  [290/3172] [!] 데이터 없음: https://www.vivino.com/en/umani-ronchi-san-lorenzo-rosso-conero/w/3502?year=2008&price_id=14541295
[2026-03-16 12:48:09]  [291/3172] [!] 데이터 없음: https://www.vivino.com/en/santa-carolina-barrica-selection-gran-reserva-syrah/w/1198383?year=2001&price_id=2895257
[2026-03-16 12:48:09]  [292/3172] [!] 데이터 없음: https://www.vivino.com/en/casa-mayor-chardonnay/w/1155706?year=2016&price_id=16730342
[2026-03-16 12:48:09]  [293/3172] [!] 데이터 없음: https://www.vivino.com/en/it-le-coste-rosso/w/2540983?year=2019&price_id=23921590
[2026-03-16 12:48:09]  [294/3172] [!] 데이터 없음: https://www.vivino.com/en/weingut-josef-pockl-reve-de-jeunesse/w/1117102?year=2020&price_id=37844105
[2026-03-16 12:48:09]  [296/3172] [!] 데이터 없음: https://www.vivino.com/en/markus-molitor-edition/w/1317315?year=2022&price_id=37805366
[2026-03-16 12:48:09]  [295/3172] [!] 데이터 없음: https://www.vivino.com/en/mudbrick-reserve-chardonnay/w/1527820?year=2024&price_id=40802952
[2026-03-16 12:48:09]  [297/3172] [!] 데이터 없음: https://www.vivino.com/en/jermann-pinot-grigio/w/1989135?year=2022&price_id=40825905
[2026-03-16 12:48:09]  [298/3172] [!] 데이터 없음: https://www.vivino.com/en/aldo-rainoldi-grumello-valtellina-superiore/w/1713324?year=2001&price_id=14539680
[2026-03-16 12:48:09]  [299/3172] [!] 데이터 없음: https://www.vivino.com/en/bodega-norton-late-harvest-series-merlot/w/1811388?year=2014&price_id=2754252
[2026-03-16 12:48:09]  [300/3172] [!] 데이터 없음: https://www.vivino.com/en/kakhetian-traditional-winemaking-saperavi-muscat-semi-sweet/w/1374439?year=2009&price_id=14550253
[2026-03-16 12:48:09] --- 중간 저장: 누적 611건 ---
[2026-03-16 12:48:18]  [301/3172] [!] 데이터 없음: https://www.vivino.com/en/alain-graillot-la-guiraude-crozes-hermitage/w/1176058?year=2023&price_id=40462520
[2026-03-16 12:48:18]  [302/3172] [!] 데이터 없음: https://www.vivino.com/en/rudolf-muller-eiswein/w/1292836?year=2005&price_id=14550198
[2026-03-16 12:48:18]  [303/3172] [!] 데이터 없음: https://www.vivino.com/en/domaine-chante-cigale-chateauneuf-du-pape-blanc/w/2075912?year=2007&price_id=7944138
[2026-03-16 12:48:18]  [304/3172] [!] 데이터 없음: https://www.vivino.com/en/cheval-des-andes-mendoza/w/1926899?year=2005&price_id=2754551
[2026-03-16 12:48:18]  [305/3172] [!] 데이터 없음: https://www.vivino.com/en/tinel-blondelet-fretoy-sancerre-blanc-w5432/w/6432350?year=2021&price_id=33696569
[2026-03-16 12:48:18]  [306/3172] [!] 데이터 없음: https://www.vivino.com/en/fr-pierre-jean-villa-cote-rotie-fongeant/w/5957988?year=2022&price_id=39190044
[2026-03-16 12:48:18]  [307/3172] [!] 데이터 없음: https://www.vivino.com/en/planeta-sito-dell-ulmo-merlot/w/1904616?year=2019&price_id=38546947
[2026-03-16 12:48:18]  [308/3172] [!] 데이터 없음: https://www.vivino.com/en/weingut-knoll-ried-kreutles-loibner-gruner-veltliner-smaragd/w/1102931?year=2024&price_id=39808021
[2026-03-16 12:48:18]  [309/3172] [!] 데이터 없음: https://www.vivino.com/en/domaine-combier-crozes-hermitage-rouge/w/1105467?year=2023&price_id=38566699
[2026-03-16 12:48:18]  [310/3172] [!] 데이터 없음: https://www.vivino.com/en/domaine-leflaive-bourgogne-blanc/w/84913?year=2023&price_id=41121105
[2026-03-16 12:48:18]  [311/3172] [!] 데이터 없음: https://www.vivino.com/en/rockburn-pinot-noir/w/1674467?year=2024&price_id=40561248
[2026-03-16 12:48:18]  [312/3172] [!] 데이터 없음: https://www.vivino.com/en/michele-chiarlo-barolo-cerequio/w/86578?year=2001&price_id=2754201
[2026-03-16 12:48:19]  [313/3172] [!] 데이터 없음: https://www.vivino.com/en/cavalleri-vale-dos-vinhedos-franciacorta-extra-brut-rose-bio/w/11825458?year=2018&price_id=36736906
[2026-03-16 12:48:19]  [314/3172] [!] 데이터 없음: https://www.vivino.com/en/trenel-fils-macon-villages/w/78504?year=2013&price_id=7953679
[2026-03-16 12:48:19]  [315/3172] [!] 데이터 없음: https://www.vivino.com/en/hugo-casanova-don-aldo-founder-s-reserve/w/1216451?year=2000&price_id=2873734
[2026-03-16 12:48:19]  [318/3172] [!] 데이터 없음: https://www.vivino.com/en/mamete-prevostini-valtellina-superiore-riserva/w/1185004?year=2015&price_id=19070160
[2026-03-16 12:48:19]  [316/3172] [!] 데이터 없음: https://www.vivino.com/en/jaufrette-vacqueyras/w/1268118?year=2013&price_id=40508797
[2026-03-16 12:48:19]  [317/3172] [!] 데이터 없음: https://www.vivino.com/en/fernando-pighin-cabernet-sauvignon/w/22564?year=2003&price_id=2804703
[2026-03-16 12:48:19]  [319/3172] [!] 데이터 없음: https://www.vivino.com/en/colterenzio-schreckbichl-altkirch-chardonnay/w/11208?year=2005&price_id=14541138
[2026-03-16 12:48:19]  [320/3172] [!] 데이터 없음: https://www.vivino.com/en/contadi-castaldi-franciacorta-rose/w/1309984?price_id=3433419
[2026-03-16 12:48:19]  [321/3172] [!] 데이터 없음: https://www.vivino.com/en/chard-farm-judge-jury-chardonnay/w/2142996?year=2023&price_id=36498087
[2026-03-16 12:48:19]  [322/3172] [!] 데이터 없음: https://www.vivino.com/en/sena-aconcagua-valley/w/25474?year=2007&price_id=14541463
[2026-03-16 12:48:19]  [323/3172] [!] 데이터 없음: https://www.vivino.com/en/craggy-range-kidnappers-vineyard-chardonnay/w/87011?year=2024&price_id=38262019
[2026-03-16 12:48:19]  [324/3172] [!] 데이터 없음: https://www.vivino.com/en/peter-lehmann-portrait-dry-riesling/w/1866649?year=2014&price_id=15542125
[2026-03-16 12:48:19]  [326/3172] [!] 데이터 없음: https://www.vivino.com/en/domaine-tortochot-mazis-chambertin-grand-cru/w/1727643?year=2022&price_id=37062881
[2026-03-16 12:48:19]  [327/3172] [!] 데이터 없음: https://www.vivino.com/en/egon-muller-scharzhof-scharzhofberger-riesling-spatlese/w/86686?year=2021&price_id=37843916
[2026-03-16 12:48:19]  [328/3172] [!] 데이터 없음: https://www.vivino.com/en/chateau-haut-bailly-chateau-haut-bailly-cru-classe-de-graves/w/13632?year=2015&price_id=15443994
[2026-03-16 12:48:19]  [329/3172] [!] 데이터 없음: https://www.vivino.com/en/cloudy-bay-te-koko-sauvignon-blanc/w/1126958?year=2005&price_id=2754315
[2026-03-16 12:48:19]  [325/3172] [!] 데이터 없음: https://www.vivino.com/en/kessler-zink-rheinhessen-eiswein-chardonnay/w/1845557?year=2012&price_id=13579488
[2026-03-16 12:48:20]  [330/3172] [!] 데이터 없음: https://www.vivino.com/en/domaine-marc-morey-fils-chassagne-montrachet-1er-cru-les-cailleret/w/1202923?year=2023&price_id=39191456
[2026-03-16 12:48:20] --- 중간 저장: 누적 611건 ---
[2026-03-16 12:48:26]  [331/3172] [!] 데이터 없음: https://www.vivino.com/en/terrazas-de-los-andes-cabernet-sauvignon-lujan-de-cuyo/w/4168648?year=2007&price_id=7943985
[2026-03-16 12:48:26]  [332/3172] [!] 데이터 없음: https://www.vivino.com/en/argiolas-costera-cannonau-di-sardegna-cannonau-di-sardegna/w/1161006?year=2022&price_id=38461532
[2026-03-16 12:48:26]  [333/3172] [!] 데이터 없음: https://www.vivino.com/en/domaine-du-pelican-loire-valley-arbois-savagnin-ouille/w/2172731?year=2020&price_id=37843762
[2026-03-16 12:48:26]  [334/3172] [!] 데이터 없음: https://www.vivino.com/en/basilio-izquierdo-acodo-tinto/w/1659025?year=2010&price_id=14650556
[2026-03-16 12:48:26]  [335/3172] [!] 데이터 없음: https://www.vivino.com/en/chtagneraz-grand-cru/w/1207764?year=2004&price_id=2895017
[2026-03-16 12:48:26]  [336/3172] [!] 데이터 없음: https://www.vivino.com/en/carrick-wines-dry-riesling/w/2744346?year=2024&price_id=38032870
[2026-03-16 12:48:26]  [337/3172] [!] 데이터 없음: https://www.vivino.com/en/terranoble-syrah-reserva-terroir-los-cactus/w/1857617?year=2012&price_id=2895026
[2026-03-16 12:48:26]  [338/3172] [!] 데이터 없음: https://www.vivino.com/en/te-motu-kokoro/w/2106106?year=2020&price_id=40663812
[2026-03-16 12:48:26]  [339/3172] [!] 데이터 없음: https://www.vivino.com/en/it-le-coste-bianco/w/1671527?year=2022&price_id=40262316
[2026-03-16 12:48:26]  [340/3172] [!] 데이터 없음: https://www.vivino.com/en/sa-prum-wehlener-sonnenuhr-riesling-auslese/w/88363?year=2022&price_id=37844079
[2026-03-16 12:48:26]  [341/3172] [!] 데이터 없음: https://www.vivino.com/en/chateau-vartely-muscat-demidulce-alb/w/2497921?year=2010&price_id=2804584
[2026-03-16 12:48:26]  [342/3172] [!] 데이터 없음: https://www.vivino.com/en/tua-rita-keir-ansonica/w/9330793?year=2020&price_id=29691123
[2026-03-16 12:48:27]  [345/3172] [!] 데이터 없음: https://www.vivino.com/en/nederburg-estate-fiftysix-hundred-pinotage-western-cape/w/4809750?year=2015&price_id=16860296
[2026-03-16 12:48:27]  [346/3172] [!] 데이터 없음: https://www.vivino.com/en/braida-vigna-senza-nome-moscato-d-asti/w/15153?year=2022&price_id=36485648
[2026-03-16 12:48:27]  [344/3172] [!] 데이터 없음: https://www.vivino.com/en/barkan-reserve-chardonnay/w/2259009?year=2007&price_id=14541188
[2026-03-16 12:48:27]  [348/3172] [!] 데이터 없음: https://www.vivino.com/en/stonier-wines-reserve-pinot-noir/w/82797?year=2006&price_id=2804960
[2026-03-16 12:48:27]  [349/3172] [!] 데이터 없음: https://www.vivino.com/en/peter-lehmann-the-master-s-collection-mentor-cabernet-sauvignon/w/2052?year=1998&price_id=2895032
[2026-03-16 12:48:27]  [347/3172] [!] 데이터 없음: https://www.vivino.com/en/quartz-reef-methode-traditionnelle-brut/w/2554547?price_id=5283736
[2026-03-16 12:48:27]  [343/3172] [!] 데이터 없음: https://www.vivino.com/en/penfolds-bin-311-chardonnay/w/1249?year=2004&price_id=2804702
[2026-03-16 12:48:27]  [350/3172] [!] 데이터 없음: https://www.vivino.com/en/schloss-johannisberg-grunlack-riesling-spatlese/w/1608522?year=2005&price_id=15466397
[2026-03-16 12:48:27]  [351/3172] [!] 데이터 없음: https://www.vivino.com/en/chateau-monlot-saint-emilion-grand-cru/w/2284595?year=2011&price_id=14650468
[2026-03-16 12:48:27]  [352/3172] [!] 데이터 없음: https://www.vivino.com/en/domaine-comte-georges-de-vogue-musigny-grand-cru-cuvee-vieilles-vignes/w/1187200?year=2022&price_id=37843580
[2026-03-16 12:48:27]  [353/3172] [!] 데이터 없음: https://www.vivino.com/en/francois-martenot-bourgogne-pinot-noir/w/1189837?year=2013&price_id=7953654
[2026-03-16 12:48:27]  [354/3172] [!] 데이터 없음: https://www.vivino.com/en/chateau-de-camensac-haut-medoc-grand-cru-classe/w/63094?year=2001&price_id=40663760
[2026-03-16 12:48:27]  [355/3172] [!] 데이터 없음: https://www.vivino.com/en/swanson-vineyards-pinot-grigio/w/3823740?year=2006&price_id=2804786
[2026-03-16 12:48:27]  [357/3172] [!] 데이터 없음: https://www.vivino.com/en/man-o-war-valhalla/w/1125555?year=2023&price_id=40319474
[2026-03-16 12:48:27]  [359/3172] [!] 데이터 없음: https://www.vivino.com/en/joseph-drouhin-puligny-montrachet/w/24139?year=2022&price_id=37805350
[2026-03-16 12:48:27]  [356/3172] [!] 데이터 없음: https://www.vivino.com/en/poliziano-le-stanze-toscana/w/18796?year=2017&price_id=36485596
[2026-03-16 12:48:28]  [358/3172] [!] 데이터 없음: https://www.vivino.com/en/nanny-goat-pinot-noir/w/1214975?year=2024&price_id=39677276
[2026-03-16 12:48:28]  [360/3172] [!] 데이터 없음: https://www.vivino.com/en/albinea-canali-foglie-rosse-lambrusco/w/78716?price_id=2015547
[2026-03-16 12:48:28] --- 중간 저장: 누적 611건 ---
[2026-03-16 12:48:39]  [369/3172] [!] 데이터 없음: https://www.vivino.com/en/mouton-cadet-x-mathilde-rose-bordeaux/w/11874028?year=2021&price_id=38562548
[2026-03-16 12:48:39]  [361/3172] [!] 데이터 없음: https://www.vivino.com/en/domaine-william-fevre-chablis/w/7255299?year=2012&price_id=14549842
[2026-03-16 12:48:39]  [363/3172] [!] 데이터 없음: https://www.vivino.com/en/de-brague-bordeaux-superieur/w/1172997?year=2004&price_id=14550188
[2026-03-16 12:48:39]  [362/3172] [!] 데이터 없음: https://www.vivino.com/en/chateau-haut-batailley-pauillac-grand-cru-classe/w/1099398?year=2001&price_id=7944017
[2026-03-16 12:48:39]  [364/3172] [!] 데이터 없음: https://www.vivino.com/en/robert-mondavi-private-selection-vint-chardonnay-california/w/4000?year=2004&price_id=2895314
[2026-03-16 12:48:39]  [365/3172] [!] 데이터 없음: https://www.vivino.com/en/casablanca-el-bosque-cabernet-sauvignon/w/1249788?year=2003&price_id=2804958
[2026-03-16 12:48:39]  [366/3172] [!] 데이터 없음: https://www.vivino.com/en/indomita-gran-reserva-carignan/w/1228524?year=2002&price_id=2873729
[2026-03-16 12:48:39]  [367/3172] [!] 데이터 없음: https://www.vivino.com/en/jean-louis-trocard-clos-de-la-vieille-eglise-pomerol-pomerol/w/1101197?year=2004&price_id=14550170
[2026-03-16 12:48:39]  [368/3172] [!] 데이터 없음: https://www.vivino.com/en/chateau-margaux-pavillon-rouge-du-chateau-margaux/w/6020?year=1983&price_id=38344202
[2026-03-16 12:48:39]  [370/3172] [!] 데이터 없음: https://www.vivino.com/en/gaja-costa-russi-barbaresco-langhe/w/66114?year=1985&price_id=21270849
[2026-03-16 12:48:39]  [371/3172] [!] 데이터 없음: https://www.vivino.com/en/yellow-tail-bubbles-moscato/w/1135805?price_id=14550158
[2026-03-16 12:48:39]  [372/3172] [!] 데이터 없음: https://www.vivino.com/en/ornellaia-toscana-bianco/w/4344177?year=2022&price_id=39592353
[2026-03-16 12:48:39]  [376/3172] [!] 데이터 없음: https://www.vivino.com/en/tabali-reserva-syrah/w/779375?year=2014&price_id=16730144
[2026-03-16 12:48:39]  [373/3172] [!] 데이터 없음: https://www.vivino.com/en/domeniile-alexandrion-rhein-1892-la-umbra-merlot/w/1240670?year=2013&price_id=14650428
[2026-03-16 12:48:39]  [384/3172] [!] 데이터 없음: https://www.vivino.com/en/paraduxx-rose/w/2403254?year=2002&price_id=14650421
[2026-03-16 12:48:39]  [374/3172] [!] 데이터 없음: https://www.vivino.com/en/albert-grivault-clos-du-murger-bourgogne/w/3960182?year=2022&price_id=38107654
[2026-03-16 12:48:40]  [375/3172] [!] 데이터 없음: https://www.vivino.com/en/fr-jean-pierre-moueix-pomerol/w/83439?year=2002&price_id=14550209
[2026-03-16 12:48:40]  [377/3172] [!] 데이터 없음: https://www.vivino.com/en/champagne-henriot-souverain-brut-champagne/w/1145791?price_id=1547852
[2026-03-16 12:48:40]  [378/3172] [!] 데이터 없음: https://www.vivino.com/en/te-kano-northburn-cabernet-franc/w/10669245?year=2022&price_id=40015510
[2026-03-16 12:48:40]  [379/3172] [!] 데이터 없음: https://www.vivino.com/en/stonestreet-winery-merlot/w/11239?year=2002&price_id=2895082
[2026-03-16 12:48:40]  [380/3172] [!] 데이터 없음: https://www.vivino.com/en/mcwilliam-s-cabernet-sauvignon-mount-pleasant-jack/w/1199483?year=2011&price_id=15763724
[2026-03-16 12:48:40]  [381/3172] [!] 데이터 없음: https://www.vivino.com/en/robert-denogent-climat-vieilles-vignes-pouilly-fuisse/w/10934762?year=2021&price_id=37913417
[2026-03-16 12:48:40]  [382/3172] [!] 데이터 없음: https://www.vivino.com/en/veuve-clicquot-brut-carte-jaune-champagne/w/1128385?price_id=21996736
[2026-03-16 12:48:40]  [383/3172] [!] 데이터 없음: https://www.vivino.com/en/domaine-bonnardot-bourgogne-aligote/w/1893627?year=2023&price_id=38258819
[2026-03-16 12:48:40]  [385/3172] [!] 데이터 없음: https://www.vivino.com/en/bethany-gr-reserve-shiraz/w/32884?year=2005&price_id=2805020
[2026-03-16 12:48:40]  [386/3172] [!] 데이터 없음: https://www.vivino.com/en/donnafugata-ben-rye-passito-di-pantelleria/w/1176121?year=2008&price_id=13612004
[2026-03-16 12:48:40]  [387/3172] [!] 데이터 없음: https://www.vivino.com/en/punters-corner-cabernet-sauvignon/w/1464676?year=2006&price_id=14549869
[2026-03-16 12:48:40]  [388/3172] [!] 데이터 없음: https://www.vivino.com/en/di-majo-norante-falanghina-biorganic/w/2574836?year=2023&price_id=38554984
[2026-03-16 12:48:40]  [389/3172] [!] 데이터 없음: https://www.vivino.com/en/chateau-teynac-chateau-teynac-saint-julien/w/1148234?year=2002&price_id=7943977
[2026-03-16 12:48:40]  [390/3172] [!] 데이터 없음: https://www.vivino.com/en/domaine-de-chevalier-pessac-leognan-grand-cru-classe-de-graves/w/1154913?year=2002&price_id=41128335
[2026-03-16 12:48:41] --- 중간 저장: 누적 611건 ---
[2026-03-16 12:48:48]  [391/3172] [!] 데이터 없음: https://www.vivino.com/en/baron-de-ley-blanco/w/21582?year=2024&price_id=38608069
[2026-03-16 12:48:48]  [392/3172] [!] 데이터 없음: https://www.vivino.com/en/barone-pizzini-saten-franciacorta/w/1150697?year=2018&price_id=36736883
[2026-03-16 12:48:48]  [393/3172] [!] 데이터 없음: https://www.vivino.com/en/chateau-leoville-barton-saint-julien-grand-cru-classe/w/22685?year=2010&price_id=37843623
[2026-03-16 12:48:48]  [394/3172] [!] 데이터 없음: https://www.vivino.com/en/casa-vinicola-gioacchino-garofoli-spa-rosso-conero-piancarda/w/7922?year=2004&price_id=2895197
[2026-03-16 12:48:48]  [395/3172] [!] 데이터 없음: https://www.vivino.com/en/beau-rivage-bordeaux-blanc/w/1172104?year=2005&price_id=14541468
[2026-03-16 12:48:48]  [396/3172] [!] 데이터 없음: https://www.vivino.com/en/domaine-des-beaumont-morey-saint-denis/w/98098?year=2021&price_id=34263313
[2026-03-16 12:48:48]  [397/3172] [!] 데이터 없음: https://www.vivino.com/en/soleca-reserva-carmenere/w/5344148?year=2016&price_id=15148034
[2026-03-16 12:48:48]  [398/3172] [!] 데이터 없음: https://www.vivino.com/en/villa-maria-auckland-cellar-selection-gimblett-gravels-syrah/w/2031358?year=2021&price_id=33193570
[2026-03-16 12:48:48]  [399/3172] [!] 데이터 없음: https://www.vivino.com/en/partida-creus-vn-vinel-lo-blanco/w/2309627?year=2023&price_id=40636397
[2026-03-16 12:48:48]  [400/3172] [!] 데이터 없음: https://www.vivino.com/en/alpha-domus-the-pilot-merlot-cabernet/w/1435343?year=2023&price_id=36908479
[2026-03-16 12:48:48]  [401/3172] [!] 데이터 없음: https://www.vivino.com/en/paraduxx-proprietary-red-napa-valley-red-wine-v-qdy2y/w/3960216?year=2021&price_id=35550915
[2026-03-16 12:48:48]  [402/3172] [!] 데이터 없음: https://www.vivino.com/en/domaine-bonnardot-bourgogne-hautes-cotes-de-nuits-clos-des-oiseaux/w/2410115?year=2022&price_id=34671873
[2026-03-16 12:48:49]  [407/3172] [!] 데이터 없음: https://www.vivino.com/en/chateau-montrose-saint-estephe-grand-cru-classe/w/80472?year=2010&price_id=20525475
[2026-03-16 12:48:49]  [411/3172] [!] 데이터 없음: https://www.vivino.com/en/aromo-reserva-privada-merlot/w/42264?year=2019&price_id=30856656
[2026-03-16 12:48:49]  [403/3172] [!] 데이터 없음: https://www.vivino.com/en/domaine-leflaive-esprit-gevrey-chambertin/w/12457248?year=2021&price_id=41121101
[2026-03-16 12:48:49]  [404/3172] [!] 데이터 없음: https://www.vivino.com/en/st-andrea-aldas-egri-bikaver/w/70934?year=2015&price_id=28072555
[2026-03-16 12:48:49]  [405/3172] [!] 데이터 없음: https://www.vivino.com/en/clos-ostler-waitaki-valley-audrey-s-pinot-gris/w/1182645?year=2022&price_id=40217251
[2026-03-16 12:48:49]  [406/3172] [!] 데이터 없음: https://www.vivino.com/en/nz-huia-vineyards-brut-rose-marlborough/w/7902192?year=2019&price_id=31198195
[2026-03-16 12:48:49]  [408/3172] [!] 데이터 없음: https://www.vivino.com/en/delas-freres-saint-esprit-cotes-du-rhone/w/14640?year=2017&price_id=23138366
[2026-03-16 12:48:49]  [410/3172] [!] 데이터 없음: https://www.vivino.com/en/chateau-clerc-milon-pauillac-grand-cru-classe/w/4089?year=2010&price_id=37843786
[2026-03-16 12:48:49]  [409/3172] [!] 데이터 없음: https://www.vivino.com/en/amisfield-chenin-blanc/w/4365594?year=2023&price_id=39663851
[2026-03-16 12:48:49]  [413/3172] [!] 데이터 없음: https://www.vivino.com/en/carmen-gran-reserva-cabernet-sauvignon/w/1138025?year=2012&price_id=7943963
[2026-03-16 12:48:49]  [412/3172] [!] 데이터 없음: https://www.vivino.com/en/francis-ford-coppola-winery-diamond-collection-merlot/w/6300?year=2004&price_id=2804959
[2026-03-16 12:48:49]  [414/3172] [!] 데이터 없음: https://www.vivino.com/en/domain-road-defiance-chardonnay/w/5215868?year=2022&price_id=35630996
[2026-03-16 12:48:49]  [420/3172] [!] 데이터 없음: https://www.vivino.com/en/black-barn-barrel-fermented-chardonnay/w/1533269?year=2023&price_id=35703050
[2026-03-16 12:48:49]  [415/3172] [!] 데이터 없음: https://www.vivino.com/en/arnaldo-caprai-twentyfive-anni-montefalco-sagrantino/w/23094?year=2015&price_id=36736899
[2026-03-16 12:48:49]  [416/3172] [!] 데이터 없음: https://www.vivino.com/en/tabali-reserva-especial-chardonnay/w/779335?year=2013&price_id=16730324
[2026-03-16 12:48:50]  [417/3172] [!] 데이터 없음: https://www.vivino.com/en/bollenberg-clos-ste-apolline-selection-riesling/w/5439392?year=2019&price_id=33741497
[2026-03-16 12:48:50]  [418/3172] [!] 데이터 없음: https://www.vivino.com/en/mirafiore-barbera-d-alba/w/1169326?year=2005&price_id=2895209
[2026-03-16 12:48:50]  [419/3172] [!] 데이터 없음: https://www.vivino.com/en/pierre-amadieu-cairanne-les-hautes-rives-rouge/w/3766493?year=2018&price_id=21290613
[2026-03-16 12:48:50] --- 중간 저장: 누적 611건 ---
[2026-03-16 12:48:59]  [421/3172] [!] 데이터 없음: https://www.vivino.com/en/macay-cotes-de-bourg/w/1210592?year=2010&price_id=7944210
[2026-03-16 12:48:59]  [423/3172] [!] 데이터 없음: https://www.vivino.com/en/cos-d-estournel-cos-d-estournel/w/74346?year=1980&price_id=38161858
[2026-03-16 12:48:59]  [422/3172] [!] 데이터 없음: https://www.vivino.com/en/joh-jos-prum-graacher-himmelreich-riesling-kabinett/w/1604769?year=2004&price_id=14550341
[2026-03-16 12:48:59]  [424/3172] [!] 데이터 없음: https://www.vivino.com/en/schloss-gobelsburg-domaene-gobelsburg-gruner-veltliner/w/20131?year=2021&price_id=35673574
[2026-03-16 12:48:59]  [425/3172] [!] 데이터 없음: https://www.vivino.com/en/o-fournier-tinta-del-pais-ribera-del-duero/w/3351726?year=2004&price_id=2804665
[2026-03-16 12:48:59]  [426/3172] [!] 데이터 없음: https://www.vivino.com/en/antiche-terre-amarone-della-valpolicella/w/12144335?year=2022&price_id=40618042
[2026-03-16 12:48:59]  [427/3172] [!] 데이터 없음: https://www.vivino.com/en/mongeard-mugneret-fixin/w/779362?year=2021&price_id=35659114
[2026-03-16 12:48:59]  [428/3172] [!] 데이터 없음: https://www.vivino.com/en/jean-pla-la-passion-vieilles-vignes-grenache-cotes-catalanes-red-wine/w/2040961?year=2011&price_id=14650529
[2026-03-16 12:49:00]  [429/3172] [!] 데이터 없음: https://www.vivino.com/en/antinori-tuscany-castello-della-sala-san-giovanni-della-sala-classico-superiore/w/1693?year=2019&price_id=22697482
[2026-03-16 12:49:00]  [430/3172] [!] 데이터 없음: https://www.vivino.com/en/hetszolo-tokaji-aszu-3-puttonyos/w/1196584?year=2004&price_id=13579478
[2026-03-16 12:49:00]  [431/3172] [!] 데이터 없음: https://www.vivino.com/en/nautilus-estate-cuvee-vintage-rose/w/2211167?year=2021&price_id=40740476
[2026-03-16 12:49:00]  [432/3172] [!] 데이터 없음: https://www.vivino.com/en/joh-jos-prum-wehlener-sonnenuhr-riesling-spatlese-kabinett/w/2763744?year=2023&price_id=37844084
[2026-03-16 12:49:00]  [434/3172] [!] 데이터 없음: https://www.vivino.com/en/beaucanon-estate-chardonnay/w/2031193?year=2008&price_id=2894985
[2026-03-16 12:49:00]  [438/3172] [!] 데이터 없음: https://www.vivino.com/en/colterenzio-schreckbichl-pinot-nero-blauburgunder/w/1183126?year=2005&price_id=14650557
[2026-03-16 12:49:00]  [433/3172] [!] 데이터 없음: https://www.vivino.com/en/craggy-range-gimblett-gravels-les-beaux-cailloux/w/79638?year=2018&price_id=22579435
[2026-03-16 12:49:00]  [442/3172] [!] 데이터 없음: https://www.vivino.com/en/riunite-l-olma-lambrusco-reggiano-reggiano/w/4942963?price_id=37938022
[2026-03-16 12:49:00]  [436/3172] [!] 데이터 없음: https://www.vivino.com/en/bodegas-bianchi-enzo-bianchi-gran-cru/w/13810?year=2002&price_id=2804773
[2026-03-16 12:49:00]  [435/3172] [!] 데이터 없음: https://www.vivino.com/en/felton-road-block-3-pinot-noir/w/88321?year=2022&price_id=38863698
[2026-03-16 12:49:00]  [437/3172] [!] 데이터 없음: https://www.vivino.com/en/castell-del-remei-oda-negre/w/1615?year=2006&price_id=2804630
[2026-03-16 12:49:00]  [439/3172] [!] 데이터 없음: https://www.vivino.com/en/albert-grivault-meursault-1er-cru-perrieres/w/1107291?year=2022&price_id=38107653
[2026-03-16 12:49:00]  [440/3172] [!] 데이터 없음: https://www.vivino.com/en/jean-louis-trocard-clos-de-la-vieille-eglise-pomerol-pomerol/w/1101197?year=2002&price_id=7944129
[2026-03-16 12:49:00]  [441/3172] [!] 데이터 없음: https://www.vivino.com/en/caballero-la-mancha-reserva/w/2420878?year=2016&price_id=25662778
[2026-03-16 12:49:01]  [443/3172] [!] 데이터 없음: https://www.vivino.com/en/ikon-evangelista-cabernet-franc/w/1283551?year=2009&price_id=9185013
[2026-03-16 12:49:01]  [448/3172] [!] 데이터 없음: https://www.vivino.com/en/dog-point-section-94-sauvignon-blanc/w/79391?year=2020&price_id=40582572
[2026-03-16 12:49:01]  [444/3172] [!] 데이터 없음: https://www.vivino.com/en/lapostolle-grand-selection-sauvignon-blanc/w/1808938?year=2006&price_id=2895341
[2026-03-16 12:49:01]  [445/3172] [!] 데이터 없음: https://www.vivino.com/en/chateau-guiraud-sauternes-premier-grand-cru-classe/w/22224?year=2005&price_id=7944028
[2026-03-16 12:49:01]  [446/3172] [!] 데이터 없음: https://www.vivino.com/en/chateau-leoville-barton-saint-julien-grand-cru-classe/w/22685?year=1986&price_id=38459341
[2026-03-16 12:49:01]  [447/3172] [!] 데이터 없음: https://www.vivino.com/en/clos-de-la-chapelle-volnay-1er-cru-en-carelle/w/1700758?year=2018&price_id=33035205
[2026-03-16 12:49:01]  [449/3172] [!] 데이터 없음: https://www.vivino.com/en/la-bollina-zenas-primitivo/w/6872989?year=2021&price_id=37805367
[2026-03-16 12:49:01]  [450/3172] [!] 데이터 없음: https://www.vivino.com/en/rivera-piani-di-tufara-moscato-di-trani-dolce/w/1856327?year=2017&price_id=23905355
[2026-03-16 12:49:01] --- 중간 저장: 누적 611건 ---
[2026-03-16 12:49:11]  [457/3172] [!] 데이터 없음: https://www.vivino.com/en/domaine-vacheron-sancerre-le-paradis/w/1856143?year=2023&price_id=39001873
[2026-03-16 12:49:12]  [451/3172] [!] 데이터 없음: https://www.vivino.com/en/guido-berlucchi-sixtyone-franciacorta-brut/w/1703690?price_id=1881286
[2026-03-16 12:49:12]  [453/3172] [!] 데이터 없음: https://www.vivino.com/en/fromm-winery-syrah/w/2450701?year=2022&price_id=39388042
[2026-03-16 12:49:12]  [452/3172] [!] 데이터 없음: https://www.vivino.com/en/joseph-phelps-vineyards-cabernet-sauvignon/w/16578?year=2021&price_id=34025115
[2026-03-16 12:49:12]  [454/3172] [!] 데이터 없음: https://www.vivino.com/en/bisquertt-la-joya-gran-reserva-syrah/w/1841897?year=2003&price_id=14650538
[2026-03-16 12:49:12]  [455/3172] [!] 데이터 없음: https://www.vivino.com/en/kendall-jackson-vintner-s-reserve-cabernet-sauvignon/w/2140?year=2016&price_id=21643554
[2026-03-16 12:49:12]  [456/3172] [!] 데이터 없음: https://www.vivino.com/en/mitchelton-blackwood-park-riesling/w/1212235?year=2006&price_id=2873746
[2026-03-16 12:49:12]  [458/3172] [!] 데이터 없음: https://www.vivino.com/en/ets-jean-guillot-chateau-bouteilley/w/85973?year=2005&price_id=15437023
[2026-03-16 12:49:12]  [459/3172] [!] 데이터 없음: https://www.vivino.com/en/ferrari-maximum-brut/w/1864742?price_id=275375
[2026-03-16 12:49:12]  [460/3172] [!] 데이터 없음: https://www.vivino.com/en/chard-farm-river-run-pinot-noir/w/1648097?year=2024&price_id=40723807
[2026-03-16 12:49:12]  [461/3172] [!] 데이터 없음: https://www.vivino.com/en/pyramid-valley-vineyards-angel-flower-pinot-noir/w/1485818?year=2022&price_id=37229845
[2026-03-16 12:49:12]  [462/3172] [!] 데이터 없음: https://www.vivino.com/en/ar-flechas-de-los-andes-gran-corte/w/1154129?year=2007&price_id=2754692
[2026-03-16 12:49:12]  [467/3172] [!] 데이터 없음: https://www.vivino.com/en/weingut-knoll-loibner-riesling-smaragd/w/1102925?year=2024&price_id=39978498
[2026-03-16 12:49:12]  [469/3172] [!] 데이터 없음: https://www.vivino.com/en/vina-vik-winery-la-piu-belle/w/5571323?year=2011&price_id=18967980
[2026-03-16 12:49:12]  [463/3172] [!] 데이터 없음: https://www.vivino.com/en/warres-otima-10-year-old-tawny-port/w/1185659?price_id=8478988
[2026-03-16 12:49:12]  [470/3172] [!] 데이터 없음: https://www.vivino.com/en/thummerer-egri-csillag-vedett-eredetu-birtok/w/1893958?year=2014&price_id=9156610
[2026-03-16 12:49:12]  [474/3172] [!] 데이터 없음: https://www.vivino.com/en/julien-sunier-morgon/w/1182917?year=2023&price_id=38774116
[2026-03-16 12:49:12]  [464/3172] [!] 데이터 없음: https://www.vivino.com/en/monteviejo-festivo-torrontes-la-rioja/w/1531905?year=2015&price_id=18814631
[2026-03-16 12:49:12]  [465/3172] [!] 데이터 없음: https://www.vivino.com/en/bodega-norton-barrel-select-malbec/w/1136013?year=2005&price_id=2804583
[2026-03-16 12:49:12]  [466/3172] [!] 데이터 없음: https://www.vivino.com/en/quartz-reef-pinot-gris/w/1259465?year=2022&price_id=31180736
[2026-03-16 12:49:13]  [468/3172] [!] 데이터 없음: https://www.vivino.com/en/chateau-musar-blanc-gaston-hochar/w/1888649?year=2009&price_id=38634822
[2026-03-16 12:49:13]  [471/3172] [!] 데이터 없음: https://www.vivino.com/en/mollydooker-winery-the-boxer-shiraz/w/950?year=2016&price_id=18675550
[2026-03-16 12:49:13]  [472/3172] [!] 데이터 없음: https://www.vivino.com/en/chateau-guiraud-sauternes-premier-grand-cru-classe/w/22224?year=2013&price_id=10271781
[2026-03-16 12:49:13]  [473/3172] [!] 데이터 없음: https://www.vivino.com/en/dujardin-chasne-bourgogne-aligote/w/12148433?year=2022&price_id=38879600
[2026-03-16 12:49:13]  [475/3172] [!] 데이터 없음: https://www.vivino.com/en/f-x-pichler-unendlich-gruner-veltliner/w/2835690?year=2018&price_id=37843933
[2026-03-16 12:49:13]  [476/3172] [!] 데이터 없음: https://www.vivino.com/en/schloss-johannisberg-riesling-kabinett/w/6795525?year=2006&price_id=30730933
[2026-03-16 12:49:13]  [477/3172] [!] 데이터 없음: https://www.vivino.com/en/monier-perreol-chatelet-saint-joseph/w/1229066?year=2022&price_id=38520535
[2026-03-16 12:49:13]  [478/3172] [!] 데이터 없음: https://www.vivino.com/en/kopke-ten-years-old-tawny-port-porto/w/1184916?price_id=26433271
[2026-03-16 12:49:13]  [479/3172] [!] 데이터 없음: https://www.vivino.com/en/tenuta-il-poggione-brunello-di-montalcino/w/22175?year=2019&price_id=41181839
[2026-03-16 12:49:13]  [480/3172] [!] 데이터 없음: https://www.vivino.com/en/isla-negra-cabernet-sauvignon-merlot-west-bay/w/3115103?year=2017&price_id=16804550
[2026-03-16 12:49:13] --- 중간 저장: 누적 611건 ---
[2026-03-16 12:49:21]  [481/3172] [!] 데이터 없음: https://www.vivino.com/en/altamar-rueda-verdejo/w/4803701?year=2012&price_id=14550104
[2026-03-16 12:49:21]  [482/3172] [!] 데이터 없음: https://www.vivino.com/en/weingut-knoll-ried-loibenberg-loibner-gruner-veltliner-smaragd/w/1102930?year=2024&price_id=39978492
[2026-03-16 12:49:21]  [483/3172] [!] 데이터 없음: https://www.vivino.com/en/jermann-chardonnay/w/2342369?year=2022&price_id=37844029
[2026-03-16 12:49:21]  [484/3172] [!] 데이터 없음: https://www.vivino.com/en/molino-104975-loreto-barbera-d-asti/w/1514450?year=2023&price_id=37143598
[2026-03-16 12:49:21]  [485/3172] [!] 데이터 없음: https://www.vivino.com/en/luis-felipe-edwards-reserva-gewurztraminer/w/2245468?year=2015&price_id=8392484
[2026-03-16 12:49:21]  [487/3172] [!] 데이터 없음: https://www.vivino.com/en/destiny-bay-vineyards-mystae/w/1395058?year=2021&price_id=38617055
[2026-03-16 12:49:21]  [486/3172] [!] 데이터 없음: https://www.vivino.com/en/raphet-charmes-chambertin-grand-cru/w/1295425?year=2021&price_id=33035150
[2026-03-16 12:49:21]  [488/3172] [!] 데이터 없음: https://www.vivino.com/en/tenuta-san-guido-guidalberto/w/5080?year=2017&price_id=36485473
[2026-03-16 12:49:21]  [489/3172] [!] 데이터 없음: https://www.vivino.com/en/pradelle-crozes-hermitage-blanc/w/5392591?year=2021&price_id=33741510
[2026-03-16 12:49:21]  [490/3172] [!] 데이터 없음: https://www.vivino.com/en/sa-prum-wehlener-sonnenuhr-riesling-auslese/w/88363?year=2023&price_id=37843661
[2026-03-16 12:49:21]  [491/3172] [!] 데이터 없음: https://www.vivino.com/en/hans-herzog-hans-family-estate-tempranillo/w/1631495?year=2019&price_id=39677278
[2026-03-16 12:49:21]  [492/3172] [!] 데이터 없음: https://www.vivino.com/en/weingut-knoll-ried-schutt-durnsteiner-riesling-smaragd/w/1102933?year=2023&price_id=37844074
[2026-03-16 12:49:21]  [495/3172] [!] 데이터 없음: https://www.vivino.com/en/stephane-aviron-vieilles-vignes-moulin-a-vent/w/1112521?year=2021&price_id=33035181
[2026-03-16 12:49:21]  [496/3172] [!] 데이터 없음: https://www.vivino.com/en/veyder-malberg-hochrain-gruner-veltliner/w/1448968?year=2020&price_id=37844098
[2026-03-16 12:49:22]  [493/3172] [!] 데이터 없음: https://www.vivino.com/en/pignier-savagnin-cotes-du-jura/w/1663538?year=2018&price_id=38189715
[2026-03-16 12:49:22]  [494/3172] [!] 데이터 없음: https://www.vivino.com/en/balthasar-ress-riesling-feinherb/w/1306612?year=2017&price_id=22384551
[2026-03-16 12:49:22]  [497/3172] [!] 데이터 없음: https://www.vivino.com/en/carchelo-carchelo-c/w/77868?year=2009&price_id=14650364
[2026-03-16 12:49:22]  [498/3172] [!] 데이터 없음: https://www.vivino.com/en/f-x-pichler-ried-steinertal-riesling-smaragd/w/8524886?year=2024&price_id=40262166
[2026-03-16 12:49:22]  [499/3172] [!] 데이터 없음: https://www.vivino.com/en/rippon-rippon-mature-vine-riesling-otago/w/2059976?year=2022&price_id=38617044
[2026-03-16 12:49:22]  [500/3172] [!] 데이터 없음: https://www.vivino.com/en/gallo-family-vineyards-chardonnay/w/38484?year=2002&price_id=2895309
[2026-03-16 12:49:22]  [501/3172] [!] 데이터 없음: https://www.vivino.com/en/contadi-castaldi-franciacorta-brut/w/1136839?price_id=2698433
[2026-03-16 12:49:22]  [502/3172] [!] 데이터 없음: https://www.vivino.com/en/domaine-a-f-gros-moulin-a-vent-en-mortperay/w/6900454?year=2022&price_id=37843938
[2026-03-16 12:49:22]  [503/3172] [!] 데이터 없음: https://www.vivino.com/en/chateau-musar-blanc-gaston-hochar/w/1888649?year=1997&price_id=37843562
[2026-03-16 12:49:22]  [504/3172] [!] 데이터 없음: https://www.vivino.com/en/obikwa-pinotage/w/1265981?year=2005&price_id=2895115
[2026-03-16 12:49:22]  [505/3172] [!] 데이터 없음: https://www.vivino.com/en/mas-de-daumas-gassac-haut-vallee-du-gassac-rouge/w/11079?year=2021&price_id=37843654
[2026-03-16 12:49:22]  [506/3172] [!] 데이터 없음: https://www.vivino.com/en/bodegas-piqueras-marius-unico-blanco/w/5294970?year=2012&price_id=15198790
[2026-03-16 12:49:22]  [510/3172] [!] 데이터 없음: https://www.vivino.com/en/paraduxx-winemakers-series/w/2145419?year=2021&price_id=35101482
[2026-03-16 12:49:22]  [507/3172] [!] 데이터 없음: https://www.vivino.com/en/domaine-poisot-pere-and-fils-corton-charlemagne-grand-cru/w/1635303?year=2015&price_id=34744462
[2026-03-16 12:49:22]  [508/3172] [!] 데이터 없음: https://www.vivino.com/en/schafer-frohlich-stromberg-riesling-gg/w/2711628?year=2020&price_id=37843804
[2026-03-16 12:49:22]  [509/3172] [!] 데이터 없음: https://www.vivino.com/en/silver-oak-napa-valley-cabernet-sauvignon/w/3069?year=2016&price_id=26506347
[2026-03-16 12:49:23] --- 중간 저장: 누적 611건 ---
[2026-03-16 12:49:33]  [511/3172] [!] 데이터 없음: https://www.vivino.com/en/hugo-casanova-chardonnay-reserva/w/1225231?year=2006&price_id=2804900
[2026-03-16 12:49:33]  [514/3172] [!] 데이터 없음: https://www.vivino.com/en/w-j-graham-s-six-grapes-reserve-port/w/1138277?price_id=18675544
[2026-03-16 12:49:34]  [516/3172] [!] 데이터 없음: https://www.vivino.com/en/tinazzi-cabernet-corvina-le-due-giare/w/1162697?year=2006&price_id=14550376
[2026-03-16 12:49:34]  [517/3172] [!] 데이터 없음: https://www.vivino.com/en/puriri-hills-estate/w/1369553?year=2022&price_id=41158274
[2026-03-16 12:49:34]  [520/3172] [!] 데이터 없음: https://www.vivino.com/en/marquez-tawny-porto/w/1520664?price_id=22111576
[2026-03-16 12:49:34]  [512/3172] [!] 데이터 없음: https://www.vivino.com/en/kopke-fine-ruby-port/w/1188015?price_id=26433270
[2026-03-16 12:49:34]  [521/3172] [!] 데이터 없음: https://www.vivino.com/en/wolf-blass-president-s-selection-shiraz/w/1130082?year=2005&price_id=2754242
[2026-03-16 12:49:34]  [522/3172] [!] 데이터 없음: https://www.vivino.com/en/casa-silva-reserva-carmenere/w/18310?year=2014&price_id=16730155
[2026-03-16 12:49:34]  [524/3172] [!] 데이터 없음: https://www.vivino.com/en/matt-connell-lowburn-single-vineyard-chardonnay/w/6837483?year=2023&price_id=36908482
[2026-03-16 12:49:34]  [513/3172] [!] 데이터 없음: https://www.vivino.com/en/mantlerhof-roter-veltliner-reisenthal/w/1133628?year=2019&price_id=41033989
[2026-03-16 12:49:34]  [515/3172] [!] 데이터 없음: https://www.vivino.com/en/gaja-rossj-bass-langhe/w/66204?year=2023&price_id=37843677
[2026-03-16 12:49:34]  [518/3172] [!] 데이터 없음: https://www.vivino.com/en/domaine-du-pelican-loire-valley-arbois-savagnin-ouille/w/2172731?year=2018&price_id=37843655
[2026-03-16 12:49:34]  [528/3172] [!] 데이터 없음: https://www.vivino.com/en/chateau-musar-rouge-gaston-hochar/w/75190?year=1999&price_id=38634836
[2026-03-16 12:49:35]  [531/3172] [!] 데이터 없음: https://www.vivino.com/en/chateau-vartely-cabernet-sauvignon-sec/w/2134513?year=2009&price_id=2804947
[2026-03-16 12:49:35]  [523/3172] [!] 데이터 없음: https://www.vivino.com/en/jean-louis-trocard-chateau-la-croix-le-coeur-du-bellevue-lalande-de-pomerol/w/2094817?year=2010&price_id=7944148
[2026-03-16 12:49:35]  [519/3172] [!] 데이터 없음: https://www.vivino.com/en/greywacke-kevin-judd-chardonnay/w/1130871?year=2022&price_id=36539709
[2026-03-16 12:49:35]  [525/3172] [!] 데이터 없음: https://www.vivino.com/en/fr-francois-lurton-gran-lurton-grande-reserve-cabernet-sauvignon/w/1589290?year=2005&price_id=13809069
[2026-03-16 12:49:35]  [529/3172] [!] 데이터 없음: https://www.vivino.com/en/domaine-marc-morey-fils-chassagne-montrachet-1er-cru-en-virondot/w/1229689?year=2023&price_id=39191428
[2026-03-16 12:49:35]  [533/3172] [!] 데이터 없음: https://www.vivino.com/en/saltram-maker-s-table-chardonnay/w/64224?year=2006&price_id=2895149
[2026-03-16 12:49:35]  [536/3172] [!] 데이터 없음: https://www.vivino.com/en/la-chablisienne-blanchot-chablis-grand-cru/w/16632?year=2003&price_id=7953916
[2026-03-16 12:49:35]  [526/3172] [!] 데이터 없음: https://www.vivino.com/en/borgo-magredo-pinot-grigio/w/1467211?year=2019&price_id=28232809
[2026-03-16 12:49:35]  [527/3172] [!] 데이터 없음: https://www.vivino.com/en/sa-prum-graacher-himmelreich-riesling-spatlese/w/88365?year=2020&price_id=37843857
[2026-03-16 12:49:35]  [532/3172] [!] 데이터 없음: https://www.vivino.com/en/-gran-duque-d-alba-gran-reserva/w/1157631?price_id=2804627
[2026-03-16 12:49:35]  [537/3172] [!] 데이터 없음: https://www.vivino.com/en/tramier-l-and-fils-coteaux-bourguignons/w/2734286?year=2016&price_id=27135913
[2026-03-16 12:49:36]  [540/3172] [!] 데이터 없음: https://www.vivino.com/en/f-x-pichler-ried-klostersatz-gruner-veltliner-federspiel/w/5764483?year=2023&price_id=37843887
[2026-03-16 12:49:36]  [530/3172] [!] 데이터 없음: https://www.vivino.com/en/chateau-fourcas-hosten-listrac-medoc/w/82019?year=1995&price_id=41167103
[2026-03-16 12:49:36]  [534/3172] [!] 데이터 없음: https://www.vivino.com/en/domaine-vacheron-sancerre-les-romains/w/1100747?year=2022&price_id=37844099
[2026-03-16 12:49:36]  [539/3172] [!] 데이터 없음: https://www.vivino.com/en/niepoort-white-port/w/1265624?price_id=17525333
[2026-03-16 12:49:36]  [535/3172] [!] 데이터 없음: https://www.vivino.com/en/chateau-clarke-listrac-medoc/w/1148646?year=1985&price_id=38183108
[2026-03-16 12:49:37]  [538/3172] [!] 데이터 없음: https://www.vivino.com/en/ruinart-brut-r-de-ruinart-champagne/w/1382045?price_id=4337398
[2026-03-16 12:49:37] --- 중간 저장: 누적 611건 ---
[2026-03-16 12:49:45]  [541/3172] [!] 데이터 없음: https://www.vivino.com/en/pago-los-balancines-huno-blend/w/1596484?year=2014&price_id=15592205
[2026-03-16 12:49:46]  [542/3172] [!] 데이터 없음: https://www.vivino.com/en/maison-roche-de-bellene-pinot-noir-bourgogne/w/3850344?year=2022&price_id=40475587
[2026-03-16 12:49:46]  [543/3172] [!] 데이터 없음: https://www.vivino.com/en/lackner-tinnacher-sauvignon-blanc-welles/w/2454199?year=2021&price_id=37843749
[2026-03-16 12:49:46]  [544/3172] [!] 데이터 없음: https://www.vivino.com/en/peregrine-wines-central-otago-limited-riesling/w/93280?year=2024&price_id=40799059
[2026-03-16 12:49:46]  [545/3172] [!] 데이터 없음: https://www.vivino.com/en/jp-chenet-delicious-medium-sweet-moelleux-red/w/6451369?year=2006&price_id=7944107
[2026-03-16 12:49:46]  [547/3172] [!] 데이터 없음: https://www.vivino.com/en/gantenbein-chardonnay-graubunden/w/1571955?year=2022&price_id=37843782
[2026-03-16 12:49:46]  [546/3172] [!] 데이터 없음: https://www.vivino.com/en/chateau-mont-redon-chateauneuf-du-pape-blanc/w/2044149?year=1997&price_id=41179721
[2026-03-16 12:49:46]  [548/3172] [!] 데이터 없음: https://www.vivino.com/en/mishas-the-starlet-central-otago-sauvignon-blanc/w/1624318?year=2024&price_id=40801829
[2026-03-16 12:49:46]  [549/3172] [!] 데이터 없음: https://www.vivino.com/en/chard-farm-swiftburn-sauvignon-blanc/w/83456?year=2024&price_id=40802957
[2026-03-16 12:49:46]  [550/3172] [!] 데이터 없음: https://www.vivino.com/en/domaine-anne-et-herve-sigaut-morey-saint-denis-1er-cru-les-charrieres/w/1575980?year=2021&price_id=33059127
[2026-03-16 12:49:46]  [551/3172] [!] 데이터 없음: https://www.vivino.com/en/stonyridge-vineyard-larose-red-blend/w/1631901?year=2021&price_id=31198174
[2026-03-16 12:49:46]  [552/3172] [!] 데이터 없음: https://www.vivino.com/en/azienda-agricola-conterno-fantino-chardonnay-langhe-bastia/w/16649?year=2022&price_id=37845841
[2026-03-16 12:49:46]  [555/3172] [!] 데이터 없음: https://www.vivino.com/en/wente-family-vineyards-riverbank-riesling/w/1736524?year=2006&price_id=2895325
[2026-03-16 12:49:46]  [556/3172] [!] 데이터 없음: https://www.vivino.com/en/chateau-poujeaux-moulis-en-medoc/w/86373?year=1995&price_id=38114044
[2026-03-16 12:49:46]  [553/3172] [!] 데이터 없음: https://www.vivino.com/en/mcarthur-ridge-southern-tor-pinot-noir/w/1406154?year=2024&price_id=39388053
[2026-03-16 12:49:46]  [554/3172] [!] 데이터 없음: https://www.vivino.com/en/lapostolle-grand-selection-merlot-rapel-valley-red-wine/w/13746?year=2013&price_id=10373658
[2026-03-16 12:49:46]  [557/3172] [!] 데이터 없음: https://www.vivino.com/en/cave-st-pierre-reserve-des-administrateurs-pinot-noir/w/1308911?year=2004&price_id=2873668
[2026-03-16 12:49:46]  [558/3172] [!] 데이터 없음: https://www.vivino.com/en/mondie-reserve-oak-aged-cabernet-merlot/w/1232873?year=2011&price_id=7953611
[2026-03-16 12:49:46]  [559/3172] [!] 데이터 없음: https://www.vivino.com/en/angels-gate-cabernet-merlot/w/10467?year=2012&price_id=14550151
[2026-03-16 12:49:46]  [560/3172] [!] 데이터 없음: https://www.vivino.com/en/weingut-knoll-loibner-riesling-beerenauslese/w/5109199?year=2015&price_id=37843601
[2026-03-16 12:49:46]  [561/3172] [!] 데이터 없음: https://www.vivino.com/en/domaine-arnaud-et-sophie-gevrey-chambertin-en-champs/w/8030637?year=2022&price_id=37844013
[2026-03-16 12:49:47]  [562/3172] [!] 데이터 없음: https://www.vivino.com/en/chateau-lafite-rothschild-pauillac-premier-grand-cru-classe-pauillac/w/3908?year=1990&price_id=37844096
[2026-03-16 12:49:47]  [563/3172] [!] 데이터 없음: https://www.vivino.com/en/mudbrick-noble-riesling-reserve/w/3370989?year=2024&price_id=38724769
[2026-03-16 12:49:47]  [564/3172] [!] 데이터 없음: https://www.vivino.com/en/felton-road-block-3-pinot-noir/w/88321?year=2016&price_id=37601779
[2026-03-16 12:49:47]  [567/3172] [!] 데이터 없음: https://www.vivino.com/en/l-octavin-hip-hip-j-chardonnay/w/9047303?year=2023&price_id=41024195
[2026-03-16 12:49:47]  [565/3172] [!] 데이터 없음: https://www.vivino.com/en/elvio-cogno-barolo-cascina-nuova/w/21058?year=2015&price_id=23905354
[2026-03-16 12:49:47]  [566/3172] [!] 데이터 없음: https://www.vivino.com/en/domaine-tortochot-clos-de-vougeot-grand-cru/w/1450095?year=2021&price_id=33035099
[2026-03-16 12:49:47]  [568/3172] [!] 데이터 없음: https://www.vivino.com/en/ercavio-garnacha-de-la-madre-castilla-la-mancha/w/5342613?year=2021&price_id=38275569
[2026-03-16 12:49:47]  [569/3172] [!] 데이터 없음: https://www.vivino.com/en/umani-ronchi-passetto-trebbiano-chardonnay-marche/w/3499?year=2010&price_id=2804695
[2026-03-16 12:49:47]  [570/3172] [!] 데이터 없음: https://www.vivino.com/en/biserno-campo-di-sasso-insoglio-del-cinghiale/w/59754?year=2022&price_id=37844082
[2026-03-16 12:49:47] --- 중간 저장: 누적 611건 ---
[2026-03-16 12:49:54]  [571/3172] [!] 데이터 없음: https://www.vivino.com/en/quinta-do-noval-late-bottled-vintage-port/w/2242915?year=2019&price_id=39523914
[2026-03-16 12:49:54]  [572/3172] [!] 데이터 없음: https://www.vivino.com/en/powers-winery-muscat-canelli/w/2650908?year=2010&price_id=2895315
[2026-03-16 12:49:54]  [573/3172] [!] 데이터 없음: https://www.vivino.com/en/felton-road-bannockburn-pinot-noir/w/88318?year=2024&price_id=39400427
[2026-03-16 12:49:54]  [574/3172] [!] 데이터 없음: https://www.vivino.com/en/jean-marc-brocard-chablis-premier-cru-vau-de-vey/w/1385279?year=2013&price_id=7943981
[2026-03-16 12:49:54]  [575/3172] [!] 데이터 없음: https://www.vivino.com/en/hans-herzog-hans-family-estate-viognier/w/1846408?year=2020&price_id=34079253
[2026-03-16 12:49:54]  [577/3172] [!] 데이터 없음: https://www.vivino.com/en/elvio-cogno-barolo-cascina-nuova/w/21058?year=2020&price_id=39830172
[2026-03-16 12:49:54]  [576/3172] [!] 데이터 없음: https://www.vivino.com/en/matrot-saint-romain/w/2257533?year=2022&price_id=38472563
[2026-03-16 12:49:54]  [578/3172] [!] 데이터 없음: https://www.vivino.com/en/kilikanoon-oracle-shiraz/w/1796241?year=2005&price_id=2754633
[2026-03-16 12:49:54]  [579/3172] [!] 데이터 없음: https://www.vivino.com/en/f-x-pichler-ried-kellerberg-riesling-smaragd-wachau/w/6266434?year=2023&price_id=37843816
[2026-03-16 12:49:54]  [581/3172] [!] 데이터 없음: https://www.vivino.com/en/domaine-de-fa-saint-amour/w/5123545?year=2022&price_id=38774120
[2026-03-16 12:49:54]  [580/3172] [!] 데이터 없음: https://www.vivino.com/en/mitolo-jester-shiraz/w/79009?year=2017&price_id=26704524
[2026-03-16 12:49:54]  [582/3172] [!] 데이터 없음: https://www.vivino.com/en/jean-loron-bourgogne-chardonnay/w/2875963?year=2016&price_id=17652178
[2026-03-16 12:49:54]  [583/3172] [!] 데이터 없음: https://www.vivino.com/en/gallo-family-vineyards-gallo-of-sonoma-cabernet-sauvignon/w/2622609?year=1994&price_id=2804936
[2026-03-16 12:49:54]  [584/3172] [!] 데이터 없음: https://www.vivino.com/en/velich-to/w/1126500?year=2022&price_id=38489447
[2026-03-16 12:49:54]  [585/3172] [!] 데이터 없음: https://www.vivino.com/en/salentein-portillo-malbec/w/1147628?year=2002&price_id=2804752
[2026-03-16 12:49:55]  [587/3172] [!] 데이터 없음: https://www.vivino.com/en/es-gonzalez-byass-vina-ab-amontillado-seco/w/1493862?price_id=22111806
[2026-03-16 12:49:55]  [588/3172] [!] 데이터 없음: https://www.vivino.com/en/vietti-moscato-d-asti-moscato-dasti/w/1172215?year=2019&price_id=23891670
[2026-03-16 12:49:55]  [589/3172] [!] 데이터 없음: https://www.vivino.com/en/georges-duboeuf-fleurie-clos-des-quatre-vents/w/79432?year=2010&price_id=14549832
[2026-03-16 12:49:55]  [586/3172] [!] 데이터 없음: https://www.vivino.com/en/la-linda-malbec-syrah/w/2781962?year=2022&price_id=38979661
[2026-03-16 12:49:55]  [590/3172] [!] 데이터 없음: https://www.vivino.com/en/torcalvano-gracciano-amarone-della-valpolicella/w/1171804?year=2002&price_id=2804954
[2026-03-16 12:49:55]  [592/3172] [!] 데이터 없음: https://www.vivino.com/en/st-michael-eppan-sanct-valentin-sauvignon/w/1644452?year=2017&price_id=18803727
[2026-03-16 12:49:55]  [593/3172] [!] 데이터 없음: https://www.vivino.com/en/fr-boyrein-graves-rouge/w/97135?year=2010&price_id=7953629
[2026-03-16 12:49:55]  [594/3172] [!] 데이터 없음: https://www.vivino.com/en/bodegas-marques-de-caceres-crianza/w/10247?year=2007&price_id=19160031
[2026-03-16 12:49:55]  [591/3172] [!] 데이터 없음: https://www.vivino.com/en/chateau-du-barry-bordeaux-bordeaux/w/1270894?year=2010&price_id=7953653
[2026-03-16 12:49:55]  [597/3172] [!] 데이터 없음: https://www.vivino.com/en/chateau-la-conseillante-pomerol/w/768733?year=1982&price_id=38174403
[2026-03-16 12:49:55]  [598/3172] [!] 데이터 없음: https://www.vivino.com/en/man-vintners-shiraz-skaapveld/w/1706579?year=2024&price_id=41138073
[2026-03-16 12:49:55]  [595/3172] [!] 데이터 없음: https://www.vivino.com/en/avignonesi-desiderio-merlot/w/1209?year=2018&price_id=36485679
[2026-03-16 12:49:55]  [600/3172] [!] 데이터 없음: https://www.vivino.com/en/bodegas-ximenez-spinola-varietal-fermentacion-lenta/w/4361682?year=2016&price_id=37357890
[2026-03-16 12:49:56]  [596/3172] [!] 데이터 없음: https://www.vivino.com/en/feuillat-juillot-montagny-1er-cru-les-coeres/w/1385386?year=2022&price_id=35345629
[2026-03-16 12:49:56]  [599/3172] [!] 데이터 없음: https://www.vivino.com/en/prophecy-sauvignon-blanc/w/3504438?year=2017&price_id=19190703
[2026-03-16 12:49:56] --- 중간 저장: 누적 611건 ---
[2026-03-16 12:50:07]  [601/3172] [성공] Felton Road Block 3 Pinot... | 분포:True
[2026-03-16 12:50:09]  [602/3172] [성공] Wolf Blass Yellow Label M... | 분포:True
[2026-03-16 12:50:09]  [603/3172] [성공] Cape Mentelle Cabernet - ... | 분포:True
[2026-03-16 12:50:09]  [604/3172] [성공] Anakena ONA (Special Rese... | 분포:True
[2026-03-16 12:50:09]  [611/3172] [성공] Zenato Soave Classico Col... | 분포:True
[2026-03-16 12:50:09]  [605/3172] [성공] Domaine Armand Rousseau C... | 분포:True
[2026-03-16 12:50:09]  [608/3172] [성공] Donnafugata Mille E Una N... | 분포:True
[2026-03-16 12:50:10]  [607/3172] [성공] Rutini Trumpeter Malbec 2... | 분포:True
[2026-03-16 12:50:10]  [610/3172] [성공] Dourthe Beau Mayne Bordea... | 분포:True
[2026-03-16 12:50:10]  [606/3172] [성공] Peloux Princes de France ... | 분포:True
[2026-03-16 12:50:11]  [609/3172] [성공] Bodega Norton Privada Fam... | 분포:True
[2026-03-16 12:50:11]  [612/3172] [성공] Susana Balbo Signature Ma... | 분포:True
[2026-03-16 12:50:11]  [613/3172] [성공] Penfolds Koonunga Hill Se... | 분포:True
[2026-03-16 12:50:12]  [614/3172] [성공] Egon Müller - Scharzhof S... | 분포:True
[2026-03-16 12:50:12]  [615/3172] [성공] Bodegas Tintoralba Higuer... | 분포:True
[2026-03-16 12:50:12]  [617/3172] [성공] Domaine Marquis d'Angervi... | 분포:True
[2026-03-16 12:50:12]  [616/3172] [성공] San Marzano Talò Primitiv... | 분포:True
[2026-03-16 12:50:13]  [622/3172] [성공] 13th Street Red Palette 2... | 분포:True
[2026-03-16 12:50:14]  [619/3172] [성공] Viña Aquitania SOLdeSOL C... | 분포:True
[2026-03-16 12:50:14]  [624/3172] [성공] Pago Los Balancines Harag... | 분포:True
[2026-03-16 12:50:14]  [625/3172] [성공] Bodega Norton Late Harves... | 분포:True
[2026-03-16 12:50:14]  [623/3172] [성공] Hans Herzog - Hans Family... | 분포:True
[2026-03-16 12:50:14]  [621/3172] [성공] Jean-Claude Debeaune Doma... | 분포:True
[2026-03-16 12:50:15]  [626/3172] [성공] Clos Floridène Graves 201... | 분포:True
[2026-03-16 12:50:15]  [627/3172] [성공] Clos Beauregard Pomerol 2... | 분포:True
[2026-03-16 12:50:15]  [628/3172] [성공] Domaine Comte Georges de ... | 분포:True
[2026-03-16 12:50:16]  [620/3172] [성공] Domaine La Barroche Châte... | 분포:True
[2026-03-16 12:50:16]  [618/3172] [성공] Domaine Dujardin Monthéli... | 분포:True
[2026-03-16 12:50:17]  [630/3172] [성공] Cave de Turckheim Gewürzt... | 분포:True
[2026-03-16 12:50:17]  [629/3172] [성공] Gauchezco Reserve Malbec ... | 분포:True
[2026-03-16 12:50:18] --- 중간 저장: 누적 641건 ---
[2026-03-16 12:50:30]  [640/3172] [성공] Mitchelton Shiraz 2005... | 분포:False
[2026-03-16 12:50:30]  [634/3172] [성공] Pegau Cuvée Setier Côtes ... | 분포:True
[2026-03-16 12:50:30]  [637/3172] [성공] Castello di Semivicoli Te... | 분포:True
[2026-03-16 12:50:31]  [635/3172] [성공] Weingut Knoll Ried Loiben... | 분포:True
[2026-03-16 12:50:31]  [631/3172] [성공] Bodegas Muga Torre Muga 2... | 분포:True
[2026-03-16 12:50:32]  [641/3172] [성공] Robert Mondavi Private Se... | 분포:True
[2026-03-16 12:50:32]  [638/3172] [성공] Castello di Querceto Chia... | 분포:True
[2026-03-16 12:50:33]  [642/3172] [성공] Grand Tokaj Kővágó Single... | 분포:True
[2026-03-16 12:50:33]  [632/3172] [성공] Viña Casas del Toqui Gran... | 분포:True
[2026-03-16 12:50:33]  [633/3172] [성공] Beltran Duo Chenin - Char... | 분포:True
[2026-03-16 12:50:34]  [636/3172] [성공] Aromo Merlot 2010... | 분포:True
[2026-03-16 12:50:35]  [646/3172] [성공] Torremorón Reserva 2017... | 분포:True
[2026-03-16 12:50:35]  [645/3172] [성공] Château Calon-Ségur Saint... | 분포:True
[2026-03-16 12:50:35]  [644/3172] [성공] Chateau Palmer Grand Vin ... | 분포:True
[2026-03-16 12:50:35]  [643/3172] [성공] Viña Real Rioja Reserva 2... | 분포:True
[2026-03-16 12:50:35]  [647/3172] [성공] Caroline Parent Bourgogne... | 분포:True
[2026-03-16 12:50:36]  [639/3172] [성공] Cousiño-Macul Chardonnay ... | 분포:True
[2026-03-16 12:50:36]  [651/3172] [성공] La Grange Aux Belles Frag... | 분포:True
[2026-03-16 12:50:36]  [648/3172] [성공] Tement Ried Grassnitzberg... | 분포:True
[2026-03-16 12:50:37]  [649/3172] [성공] Schloss Gobelsburg Domaen... | 분포:True
[2026-03-16 12:50:38]  [650/3172] [성공] Donatella Cinelli Colombi... | 분포:True
[2026-03-16 12:50:38]  [652/3172] [성공] Chard Farm Mata-Au Lowbur... | 분포:True
[2026-03-16 12:50:38]  [653/3172] [성공] Joseph Pascal Meursault 2... | 분포:True
[2026-03-16 12:50:38]  [657/3172] [성공] Antonio Gismondi Chiaro 2... | 분포:True
[2026-03-16 12:50:38]  [656/3172] [성공] Château Trotanoy Pomerol ... | 분포:True
[2026-03-16 12:50:38]  [654/3172] [성공] Ferrari 'Giulio Ferrari' ... | 분포:True
[2026-03-16 12:50:38]  [655/3172] [성공] Happs Two By Two Cabernet... | 분포:True
[2026-03-16 12:50:39]  [660/3172] [성공] Domaine A. et P. de Villa... | 분포:True
[2026-03-16 12:50:39]  [658/3172] [성공] Albert Bichot Pinot Noir ... | 분포:True
[2026-03-16 12:50:40]  [659/3172] [성공] Akarua Pinot Gris 2024... | 분포:True
[2026-03-16 12:50:40] --- 중간 저장: 누적 671건 ---
[2026-03-16 12:50:51]  [661/3172] [성공] Salentein Primus Malbec (... | 분포:True
[2026-03-16 12:50:51]  [665/3172] [성공] Paraduxx Howell Mountain ... | 분포:True
[2026-03-16 12:50:51]  [662/3172] [성공] Domaine Stephane Magnien ... | 분포:True
[2026-03-16 12:50:51]  [666/3172] [성공] Dönnhoff Höllenpfad im Mü... | 분포:True
[2026-03-16 12:50:51]  [668/3172] [성공] Boutinot The Long Little ... | 분포:True
[2026-03-16 12:50:51]  [663/3172] [성공] Craggy Range Aroha Te Mun... | 분포:True
[2026-03-16 12:50:52]  [671/3172] [성공] Aldo Rainoldi Sfursat di ... | 분포:True
[2026-03-16 12:50:52]  [672/3172] [성공] Perez Cruz Cabernet Sauvi... | 분포:True
[2026-03-16 12:50:52]  [664/3172] [성공] Château Brown Pessac-Léog... | 분포:True
[2026-03-16 12:50:53]  [670/3172] [성공] Domaine des Marnes Blanch... | 분포:True
[2026-03-16 12:50:53]  [667/3172] [성공] Gibbston Valley Pinot Noi... | 분포:True
[2026-03-16 12:50:54]  [669/3172] [성공] Guasti Clemente Gavi 2006... | 분포:True
[2026-03-16 12:50:54]  [673/3172] [성공] Trénel Bourgogne Blanc 20... | 분포:True
[2026-03-16 12:50:54]  [674/3172] [성공] Cloudy Bay Te Koko Sauvig... | 분포:True
[2026-03-16 12:50:55]  [675/3172] [성공] Domaine des Comtes Lafon ... | 분포:True
[2026-03-16 12:50:55]  [678/3172] [성공] Renacer Enamore 2008... | 분포:True
[2026-03-16 12:50:55]  [677/3172] [성공] La Chablisienne Chablis 1... | 분포:True
[2026-03-16 12:50:56]  [680/3172] [성공] Gorrebusto Torre San Mill... | 분포:False
[2026-03-16 12:50:56]  [676/3172] [성공] Colterenzio (Schreckbichl... | 분포:True
[2026-03-16 12:50:56]  [683/3172] [성공] Michele Chiarlo Moscato d... | 분포:True
[2026-03-16 12:50:56]  [681/3172] [성공] Château Mont-Redon Châtea... | 분포:True
[2026-03-16 12:50:56]  [682/3172] [성공] Joseph Drouhin Bâtard-Mon... | 분포:True
[2026-03-16 12:50:57]  [679/3172] [성공] Nobilo Sauvignon Blanc 20... | 분포:True
[2026-03-16 12:50:57]  [685/3172] [성공] Château Routas Coteaux Va... | 분포:True
[2026-03-16 12:50:57]  [684/3172] [성공] Château Mouton Rothschild... | 분포:True
[2026-03-16 12:50:57]  [686/3172] [성공] Cavalchina Bardolino 2021... | 분포:True
[2026-03-16 12:50:57]  [687/3172] [성공] Dönnhoff Riesling Feinher... | 분포:True
[2026-03-16 12:50:58]  [688/3172] [성공] Tenuta Regaleali Rosso de... | 분포:True
[2026-03-16 12:50:58]  [690/3172] [성공] Domaine de Chevalier Pess... | 분포:True
[2026-03-16 12:50:59]  [689/3172] [성공] Bodega Tandem Ars memoria... | 분포:True
[2026-03-16 12:50:59] --- 중간 저장: 누적 701건 ---
[2026-03-16 12:51:10]  [694/3172] [성공] Château Beauchene Côtes d... | 분포:True
[2026-03-16 12:51:10]  [693/3172] [성공] Agusti Torello Mata Cava ... | 분포:True
[2026-03-16 12:51:10]  [691/3172] [성공] Sebestyén Görögszói Merlo... | 분포:True
[2026-03-16 12:51:11]  [697/3172] [성공] Arnaldo-Caprai Montefalco... | 분포:True
[2026-03-16 12:51:11]  [701/3172] [성공] Domaine La Barroche Liber... | 분포:True
[2026-03-16 12:51:11]  [702/3172] [성공] Venica & Venica Ronco del... | 분포:True
[2026-03-16 12:51:11]  [698/3172] [성공] Schloss Saarstein Serrige... | 분포:True
[2026-03-16 12:51:12]  [699/3172] [성공] Jacquart Mosaïque Brut Ch... | 분포:True
[2026-03-16 12:51:12]  [700/3172] [성공] Veyder-Malberg Weitenberg... | 분포:True
[2026-03-16 12:51:12]  [696/3172] [성공] Lan Culmen Reserva Rioja ... | 분포:True
[2026-03-16 12:51:13]  [692/3172] [성공] Domaine Rapet Savigny-les... | 분포:True
[2026-03-16 12:51:13]  [695/3172] [성공] Zonin Nero D'Avola Sicili... | 분포:False
[2026-03-16 12:51:13]  [705/3172] [성공] Antinori Tenuta Guado al ... | 분포:True
[2026-03-16 12:51:13]  [704/3172] [성공] Le Coste Rosso 2022... | 분포:True
[2026-03-16 12:51:14]  [709/3172] [성공] Hawkshead Riesling 2024... | 분포:True
[2026-03-16 12:51:14]  [708/3172] [성공] Puriri Hills Harmonie du ... | 분포:True
[2026-03-16 12:51:15]  [710/3172] [성공] Braida Bricco dell'Uccell... | 분포:True
[2026-03-16 12:51:15]  [703/3172] [성공] Cooper Mountain Reserve P... | 분포:True
[2026-03-16 12:51:15]  [707/3172] [성공] Pelee Island Winery Chard... | 분포:True
[2026-03-16 12:51:15]  [706/3172] [성공] House of Hafner Family Es... | 분포:True
[2026-03-16 12:51:15]  [711/3172] [성공] Heinrich Pannobile 2021... | 분포:True
[2026-03-16 12:51:15]  [713/3172] [성공] Bruno Paillard Blanc de B... | 분포:True
[2026-03-16 12:51:16]  [714/3172] [성공] Jermann Sauvignon 2022... | 분포:True
[2026-03-16 12:51:16]  [712/3172] [성공] Stags' Leap Merlot 2014... | 분포:True
[2026-03-16 12:51:16]  [717/3172] [성공] Château Guiraud Sauternes... | 분포:True
[2026-03-16 12:51:17]  [718/3172] [성공] Antinori Tenuta Montenisa... | 분포:True
[2026-03-16 12:51:17]  [715/3172] [성공] Moritz Kissinger Sauvigno... | 분포:True
[2026-03-16 12:51:17]  [716/3172] [성공] Montalpruno Secolare 2007... | 분포:True
[2026-03-16 12:51:17]  [720/3172] [성공] Albert Grivault Meursault... | 분포:True
[2026-03-16 12:51:18]  [719/3172] [성공] Sori della Sorba Solo Per... | 분포:True
[2026-03-16 12:51:18] --- 중간 저장: 누적 731건 ---
[2026-03-16 12:51:28]  [725/3172] [성공] Vista Alegre 10 Years Old... | 분포:True
[2026-03-16 12:51:29]  [723/3172] [성공] Best's Riesling 2005... | 분포:True
[2026-03-16 12:51:29]  [721/3172] [성공] Château La Jalgue Bordeau... | 분포:True
[2026-03-16 12:51:29]  [727/3172] [성공] Bodega Cauzón Blanco 2023... | 분포:True
[2026-03-16 12:51:30]  [722/3172] [성공] Grabenwerkstatt Ried Bran... | 분포:True
[2026-03-16 12:51:30]  [724/3172] [성공] Heron's Flight Volare 202... | 분포:True
[2026-03-16 12:51:30]  [729/3172] [성공] Ferghettina Franciacorta ... | 분포:True
[2026-03-16 12:51:30]  [732/3172] [성공] Château Cloitre Lescours ... | 분포:True
[2026-03-16 12:51:31]  [726/3172] [성공] Sirromet Signature Collec... | 분포:True
[2026-03-16 12:51:31]  [730/3172] [성공] Epsilon Shiraz 2006... | 분포:True
[2026-03-16 12:51:31]  [728/3172] [성공] Cantina Zaccagnini Il Bia... | 분포:True
[2026-03-16 12:51:32]  [733/3172] [성공] Domain Road Vineyard Pino... | 분포:True
[2026-03-16 12:51:32]  [731/3172] [성공] Viñas del Vero Secastilla... | 분포:True
[2026-03-16 12:51:34]  [737/3172] [성공] Bernhard Ott Fass 4 2025... | 분포:True
[2026-03-16 12:51:34]  [735/3172] [성공] Terrazas de los Andes Res... | 분포:True
[2026-03-16 12:51:34]  [736/3172] [성공] Château du Basque Saint-É... | 분포:True
[2026-03-16 12:51:34]  [734/3172] [성공] Bricco Maiolica Barbera d... | 분포:True
[2026-03-16 12:51:34]  [738/3172] [성공] Egon Müller - Scharzhof S... | 분포:True
[2026-03-16 12:51:35]  [740/3172] [성공] Veuve Clicquot Privée Ros... | 분포:True
[2026-03-16 12:51:35]  [741/3172] [성공] Alvar Pinot Noir 2012... | 분포:True
[2026-03-16 12:51:35]  [742/3172] [성공] Carobbio Pietraforte Cabe... | 분포:True
[2026-03-16 12:51:36]  [739/3172] [성공] Clos Ostler Caroline's Pi... | 분포:True
[2026-03-16 12:51:37]  [743/3172] [성공] Swanson Alexis Cabernet S... | 분포:True
[2026-03-16 12:51:38]  [744/3172] [성공] Weinert Carrascal 2002... | 분포:True
[2026-03-16 12:51:38]  [749/3172] [성공] C. da Silva Dalva Tawny P... | 분포:True
[2026-03-16 12:51:38]  [745/3172] [성공] Domaine du Coulet - Matth... | 분포:True
[2026-03-16 12:51:38]  [748/3172] [성공] Konyári Páva 2011... | 분포:True
[2026-03-16 12:51:38]  [747/3172] [성공] Carpineto Toscana Dogajol... | 분포:True
[2026-03-16 12:51:38]  [750/3172] [성공] Lornano Chianti Classico ... | 분포:True
[2026-03-16 12:51:38]  [746/3172] [성공] Château Pichon Longuevill... | 분포:True
[2026-03-16 12:51:38] --- 중간 저장: 누적 761건 ---
[2026-03-16 12:51:48]  [753/3172] [성공] Clos Bellane La Petite Be... | 분포:True
[2026-03-16 12:51:48]  [751/3172] [성공] E. Guigal Côtes-du-Rhône ... | 분포:True
[2026-03-16 12:51:49]  [757/3172] [성공] Quinta de Lemos Touriga N... | 분포:True
[2026-03-16 12:51:49]  [752/3172] [성공] Domaine Leflaive Puligny-... | 분포:True
[2026-03-16 12:51:50]  [761/3172] [성공] Allegrini La Poja (Monovi... | 분포:True
[2026-03-16 12:51:50]  [754/3172] [성공] Sandbanks Baco Noir - Pin... | 분포:True
[2026-03-16 12:51:50]  [756/3172] [성공] Esterházy Quinquin Sparkl... | 분포:True
[2026-03-16 12:51:50]  [755/3172] [성공] Blowfish Shiraz 2017... | 분포:True
[2026-03-16 12:51:50]  [759/3172] [성공] Contadi Castaldi Franciac... | 분포:True
[2026-03-16 12:51:50]  [758/3172] [성공] Piccini Nero d'Avola Sici... | 분포:True
[2026-03-16 12:51:51]  [760/3172] [성공] La Ferme du Mont Côtes Ju... | 분포:True
[2026-03-16 12:51:52]  [764/3172] [성공] Gibbston Valley School Ho... | 분포:True
[2026-03-16 12:51:52]  [763/3172] [성공] Bisquertt Family Vineyard... | 분포:True
[2026-03-16 12:51:52]  [762/3172] [성공] O. Fournier Alfa Spiga Ri... | 분포:True
[2026-03-16 12:51:52]  [766/3172] [성공] Ata Rangi Crimson Pinot N... | 분포:True
[2026-03-16 12:51:53]  [765/3172] [성공] Tatachilla Foundation Shi... | 분포:True
[2026-03-16 12:51:54]  [768/3172] [성공] Henri Bourgeois Sancerre ... | 분포:True
[2026-03-16 12:51:54]  [769/3172] [성공] Finca el Origen Reserva M... | 분포:True
[2026-03-16 12:51:54]  [770/3172] [성공] Villa Gemma Montepulciano... | 분포:True
[2026-03-16 12:51:55]  [772/3172] [성공] Bodegas Tintoralba Higuer... | 분포:False
[2026-03-16 12:51:55]  [767/3172] [성공] Grand Enclos du Château d... | 분포:True
[2026-03-16 12:51:55]  [773/3172] [성공] Montgó Monastrell Old Vin... | 분포:True
[2026-03-16 12:51:55]  [771/3172] [성공] Erbaluna Langhe Nebbiolo ... | 분포:True
[2026-03-16 12:51:56]  [776/3172] [성공] Callia Signos Malbec 2003... | 분포:True
[2026-03-16 12:51:57]  [778/3172] [성공] Venica & Venica Merlot 20... | 분포:True
[2026-03-16 12:51:57]  [779/3172] [성공] J. Bouchon Cabernet Sauvi... | 분포:True
[2026-03-16 12:51:57]  [774/3172] [성공] Domaine Les Aurelles Sole... | 분포:True
[2026-03-16 12:51:57]  [780/3172] [성공] Calvet Réserve Merlot - C... | 분포:True
[2026-03-16 12:51:57]  [775/3172] [성공] Saltram Pepperjack Cabern... | 분포:True
[2026-03-16 12:51:59]  [777/3172] [성공] Grant Burge Wines The Hol... | 분포:True
[2026-03-16 12:51:59] --- 중간 저장: 누적 791건 ---
[2026-03-16 12:52:10]  [781/3172] [성공] Trinity Hill Gimblett Gra... | 분포:True
[2026-03-16 12:52:11]  [782/3172] [성공] Newton The Puzzle 2004... | 분포:True
[2026-03-16 12:52:12]  [785/3172] [성공] Château de Sales Pomerol ... | 분포:True
[2026-03-16 12:52:12]  [784/3172] [성공] Meilen Piesporter Michelb... | 분포:False
[2026-03-16 12:52:12]  [783/3172] [성공] Gotto d'Oro Vinea Domini ... | 분포:True
[2026-03-16 12:52:12]  [787/3172] [성공] Weingut Knoll Ried Kreutl... | 분포:True
[2026-03-16 12:52:12]  [789/3172] [성공] Von Winning Ungeheuer GG ... | 분포:True
[2026-03-16 12:52:12]  [788/3172] [성공] Sirromet Signature Collec... | 분포:True
[2026-03-16 12:52:12]  [786/3172] [성공] Fleur du Cap Bergkelder S... | 분포:True
[2026-03-16 12:52:13]  [790/3172] [성공] Col dei Venti Túfoblu Bar... | 분포:True
[2026-03-16 12:52:13]  [792/3172] [성공] Venica & Venica Ronco Ber... | 분포:True
[2026-03-16 12:52:13]  [791/3172] [성공] Domaine Weinbach Clos des... | 분포:True
[2026-03-16 12:52:14]  [793/3172] [성공] Cycles Gladiator Chardonn... | 분포:False
[2026-03-16 12:52:14]  [794/3172] [성공] Carpineto Chianti Classic... | 분포:True
[2026-03-16 12:52:15]  [798/3172] [성공] Quinta do Noval Port Rese... | 분포:True
[2026-03-16 12:52:15]  [795/3172] [성공] Colterenzio (Schreckbichl... | 분포:True
[2026-03-16 12:52:16]  [797/3172] [성공] Domaine du Vieux Télégrap... | 분포:True
[2026-03-16 12:52:16]  [799/3172] [성공] Bodega Piedra Negra Reser... | 분포:True
[2026-03-16 12:52:16]  [801/3172] [성공] Nanny Goat Super Nanny Pi... | 분포:True
[2026-03-16 12:52:16]  [802/3172] [성공] Maison de Grand Esprit La... | 분포:True
[2026-03-16 12:52:17]  [800/3172] [성공] Albert Grivault Clos du M... | 분포:True
[2026-03-16 12:52:17]  [805/3172] [성공] Bodegas Olarra Cerro Añon... | 분포:True
[2026-03-16 12:52:17]  [796/3172] [성공] Château La Marzelle Châte... | 분포:True
[2026-03-16 12:52:17]  [803/3172] [성공] Casa Mayor Carmenère 2016... | 분포:True
[2026-03-16 12:52:17]  [804/3172] [성공] Black Barn Single Vineyar... | 분포:True
[2026-03-16 12:52:18]  [807/3172] [성공] Poulet Lapierre Morgon Ro... | 분포:False
[2026-03-16 12:52:18]  [808/3172] [성공] Feudi di San Gregorio Pàt... | 분포:True
[2026-03-16 12:52:18]  [806/3172] [성공] Markowitsch Rosé 2023... | 분포:True
[2026-03-16 12:52:18]  [809/3172] [성공] Gibbston Valley School Ho... | 분포:True
[2026-03-16 12:52:19]  [810/3172] [성공] St. Michael-Eppan Müller ... | 분포:True
[2026-03-16 12:52:19] --- 중간 저장: 누적 821건 ---
[2026-03-16 12:52:29]  [811/3172] [!] 데이터 없음: https://www.vivino.com/en/a-et-p-de-villaine-bouzeron/w/80279?year=2024&price_id=41141499
[2026-03-16 12:52:29]  [812/3172] [!] 데이터 없음: https://www.vivino.com/en/terra-sancta-estate-pinot-noir-rose/w/1399129?year=2024&price_id=38617052
[2026-03-16 12:52:29]  [813/3172] [!] 데이터 없음: https://www.vivino.com/en/donnhoff-weissburgunder-s/w/1155962?year=2021&price_id=37843594
[2026-03-16 12:52:29]  [814/3172] [!] 데이터 없음: https://www.vivino.com/en/pyramid-valley-vineyards-field-of-fire-chardonnay/w/1548421?year=2022&price_id=37229827
[2026-03-16 12:52:29]  [815/3172] [!] 데이터 없음: https://www.vivino.com/en/livio-felluga-illivio/w/15093?year=2021&price_id=36485664
[2026-03-16 12:52:29]  [816/3172] [!] 데이터 없음: https://www.vivino.com/en/massena-the-moonlight-run/w/1084161?year=2005&price_id=2894949
[2026-03-16 12:52:29]  [817/3172] [!] 데이터 없음: https://www.vivino.com/en/franz-haas-pinot-nero/w/15222?year=2021&price_id=36485595
[2026-03-16 12:52:29]  [818/3172] [!] 데이터 없음: https://www.vivino.com/en/chateau-capion-fiona-rouge/w/1742379?year=2000&price_id=14650440
[2026-03-16 12:52:29]  [819/3172] [!] 데이터 없음: https://www.vivino.com/en/haut-brion-pessac-leognan-premier-grand-cru-classe/w/1152755?year=1982&price_id=38161855
[2026-03-16 12:52:29]  [820/3172] [!] 데이터 없음: https://www.vivino.com/en/donnhoff-dellchen-riesling-gg/w/1496022?year=2024&price_id=39818762
[2026-03-16 12:52:29]  [821/3172] [!] 데이터 없음: https://www.vivino.com/en/champagne-billecart-salmon-brut-rose-champagne/w/1211816?price_id=3075130
[2026-03-16 12:52:29]  [822/3172] [!] 데이터 없음: https://www.vivino.com/en/puygueraud-closerie-des-bories-francs-cotes-de-bordeaux-cotes-de-francs/w/2826856?year=2012&price_id=10066343
[2026-03-16 12:52:29]  [823/3172] [!] 데이터 없음: https://www.vivino.com/en/cloudy-bay-sauvignon-blanc/w/18978?year=2025&price_id=40828012
[2026-03-16 12:52:29]  [824/3172] [!] 데이터 없음: https://www.vivino.com/en/chateau-saint-pierre-saint-julien-saint-julien-grand-cru-classe/w/1181214?year=2015&price_id=15443998
[2026-03-16 12:52:29]  [825/3172] [!] 데이터 없음: https://www.vivino.com/en/kendall-jackson-grand-reserve-cabernet-sauvignon/w/2130?year=2003&price_id=14549859
[2026-03-16 12:52:29]  [826/3172] [!] 데이터 없음: https://www.vivino.com/en/mantellassi-il-canneto-maremma-toscana-sangiovese/w/1177277?year=2004&price_id=14550189
[2026-03-16 12:52:29]  [827/3172] [!] 데이터 없음: https://www.vivino.com/en/cortesio-barbera-d-asti/w/3349353?year=2008&price_id=2805037
[2026-03-16 12:52:29]  [828/3172] [!] 데이터 없음: https://www.vivino.com/en/joh-jos-prum-wehlener-sonnenuhr-riesling-spatlese-kabinett/w/2763744?year=2018&price_id=40825898
[2026-03-16 12:52:30]  [829/3172] [!] 데이터 없음: https://www.vivino.com/en/relais-du-cheval-blanc-bordeaux/w/1164398?year=2000&price_id=7953849
[2026-03-16 12:52:30]  [830/3172] [!] 데이터 없음: https://www.vivino.com/en/di-giulia-il-gentile-marche-bianco/w/3784717?year=2018&price_id=27032883
[2026-03-16 12:52:30]  [831/3172] [!] 데이터 없음: https://www.vivino.com/en/terra-andina-cabernet-sauvignon/w/1136559?year=2009&price_id=2805005
[2026-03-16 12:52:30]  [832/3172] [!] 데이터 없음: https://www.vivino.com/en/punters-corner-shiraz/w/1213807?year=2006&price_id=14549793
[2026-03-16 12:52:30]  [833/3172] [!] 데이터 없음: https://www.vivino.com/en/lornano-chianti-classico/w/1575748?year=2015&price_id=32716161
[2026-03-16 12:52:30]  [834/3172] [!] 데이터 없음: https://www.vivino.com/en/la-gorce-medoc/w/1984563?year=2009&price_id=7943987
[2026-03-16 12:52:30]  [835/3172] [!] 데이터 없음: https://www.vivino.com/en/jean-louis-trocard-chateau-trocard-bordeaux-superieur/w/1171732?year=2016&price_id=23261029
[2026-03-16 12:52:30]  [836/3172] [!] 데이터 없음: https://www.vivino.com/en/rocca-di-castagnoli-stielle-gran-selezione-chianti-classico/w/3572025?year=2011&price_id=10655741
[2026-03-16 12:52:30]  [837/3172] [!] 데이터 없음: https://www.vivino.com/en/destiny-bay-vineyards-mystae/w/1395058?year=2010&price_id=9507161
[2026-03-16 12:52:30]  [838/3172] [!] 데이터 없음: https://www.vivino.com/en/eos-estate-winery-the-french-connection/w/4135?year=2004&price_id=2804850
[2026-03-16 12:52:30]  [839/3172] [!] 데이터 없음: https://www.vivino.com/en/sensi-chianti-riserva/w/84959?year=2003&price_id=14541865
[2026-03-16 12:52:30]  [840/3172] [!] 데이터 없음: https://www.vivino.com/en/partida-creus-mc/w/9684717?year=2022&price_id=38505519
[2026-03-16 12:52:30] --- 중간 저장: 누적 821건 ---
[2026-03-16 12:52:36]  [841/3172] [!] 데이터 없음: https://www.vivino.com/en/royal-tokaji-late-harvest/w/3296752?year=2008&price_id=28072550
[2026-03-16 12:52:37]  [842/3172] [!] 데이터 없음: https://www.vivino.com/en/fr-chateau-canon-la-gaffeliere-saint-emilion-grand-cru-premier-grand-cru-classe/w/1389505?year=1978&price_id=38174402
[2026-03-16 12:52:37]  [843/3172] [!] 데이터 없음: https://www.vivino.com/en/conte-placido-pinot-grigio/w/2310838?year=2015&price_id=10655730
[2026-03-16 12:52:37]  [844/3172] [!] 데이터 없음: https://www.vivino.com/en/smith-sheth-cru-omahu-cantera/w/7012314?year=2019&price_id=40124762
[2026-03-16 12:52:37]  [845/3172] [!] 데이터 없음: https://www.vivino.com/en/brewery-hill-organic-shiraz/w/1170737?year=2010&price_id=2804685
[2026-03-16 12:52:37]  [846/3172] [!] 데이터 없음: https://www.vivino.com/en/ornellaia-bolgheri-superiore/w/22447?year=2022&price_id=39890742
[2026-03-16 12:52:37]  [847/3172] [!] 데이터 없음: https://www.vivino.com/en/argiano-solengo/w/2887?year=2012&price_id=14650425
[2026-03-16 12:52:37]  [848/3172] [!] 데이터 없음: https://www.vivino.com/en/saxenburg-guinea-fowl-chenin-blanc/w/1530821?year=2006&price_id=2895195
[2026-03-16 12:52:37]  [849/3172] [!] 데이터 없음: https://www.vivino.com/en/robert-denogent-vieilles-vignes-pouilly-fuisse-les-reisses/w/1691820?year=2020&price_id=37843809
[2026-03-16 12:52:37]  [850/3172] [!] 데이터 없음: https://www.vivino.com/en/ubertas-single-vineyard-shiraz/w/6647069?year=2017&price_id=31798782
[2026-03-16 12:52:37]  [851/3172] [!] 데이터 없음: https://www.vivino.com/en/sirromet-signature-collection-cabernet-sauvignon-granite-belt/w/3599662?year=2010&price_id=2895340
[2026-03-16 12:52:37]  [852/3172] [!] 데이터 없음: https://www.vivino.com/en/maison-roche-de-bellene-vosne-romanee/w/3086403?year=2020&price_id=36078217
[2026-03-16 12:52:37]  [853/3172] [!] 데이터 없음: https://www.vivino.com/en/donnhoff-tonschiefer-riesling-trocken/w/1155960?year=2022&price_id=37843713
[2026-03-16 12:52:37]  [854/3172] [!] 데이터 없음: https://www.vivino.com/en/tenuta-regaleali-rosso-del-conte-contea-di-sclafani/w/1202931?year=2007&price_id=14650537
[2026-03-16 12:52:37]  [856/3172] [!] 데이터 없음: https://www.vivino.com/en/bodega-cauzon-rosado/w/7325877?year=2023&price_id=38957962
[2026-03-16 12:52:37]  [855/3172] [!] 데이터 없음: https://www.vivino.com/en/burn-cottage-moonlight-race-pinot-noir/w/3851587?year=2023&price_id=40561260
[2026-03-16 12:52:37]  [857/3172] [!] 데이터 없음: https://www.vivino.com/en/egon-muller-scharzhof-riesling-le-gallais-wiltinger-braune-kupp-spatlese/w/1373709?year=2021&price_id=37843883
[2026-03-16 12:52:37]  [858/3172] [!] 데이터 없음: https://www.vivino.com/en/gibbston-valley-reserve-pinot-noir/w/1656652?year=2022&price_id=39686724
[2026-03-16 12:52:37]  [859/3172] [!] 데이터 없음: https://www.vivino.com/en/prunotto-pian-romualdo-barbera-d-alba/w/61104?year=2021&price_id=36485563
[2026-03-16 12:52:37]  [861/3172] [!] 데이터 없음: https://www.vivino.com/en/sa-prum-graacher-himmelreich-riesling-spatlese/w/88365?year=2021&price_id=37843811
[2026-03-16 12:52:37]  [863/3172] [!] 데이터 없음: https://www.vivino.com/en/taylor-s-porto-select-reserve-port/w/1264382?price_id=2754199
[2026-03-16 12:52:37]  [864/3172] [!] 데이터 없음: https://www.vivino.com/en/dom-bella-touriga-nacional-superior/w/2133089?year=2013&price_id=30679499
[2026-03-16 12:52:37]  [865/3172] [!] 데이터 없음: https://www.vivino.com/en/redwood-creek-sauvignon-blanc/w/83726?year=2002&price_id=2895123
[2026-03-16 12:52:37]  [866/3172] [!] 데이터 없음: https://www.vivino.com/en/lillet-rose-bordeaux/w/1218423?price_id=40117111
[2026-03-16 12:52:37]  [860/3172] [!] 데이터 없음: https://www.vivino.com/en/stags-leap-petite-sirah/w/78405?year=2015&price_id=17633380
[2026-03-16 12:52:37]  [867/3172] [!] 데이터 없음: https://www.vivino.com/en/royal-oporto-vintage-port/w/81161?year=2001&price_id=20543718
[2026-03-16 12:52:37]  [862/3172] [!] 데이터 없음: https://www.vivino.com/en/salvatore-murana-martingana-moscato-passito-di-pantelleria/w/1526886?year=2008&price_id=36629862
[2026-03-16 12:52:38]  [868/3172] [!] 데이터 없음: https://www.vivino.com/en/royal-tokaji-betsek-5-puttonyos-aszu/w/2204275?year=2003&price_id=28072563
[2026-03-16 12:52:38]  [869/3172] [!] 데이터 없음: https://www.vivino.com/en/epc-champagne-blanc-de-blancs-brut/w/7356609?price_id=39759269
[2026-03-16 12:52:38]  [870/3172] [!] 데이터 없음: https://www.vivino.com/en/thirteen-th-street-niagara-peninsula-red-palette/w/1421975?year=2011&price_id=4394313
[2026-03-16 12:52:38] --- 중간 저장: 누적 821건 ---
[2026-03-16 12:52:48]  [871/3172] [!] 데이터 없음: https://www.vivino.com/en/donnhoff-hollenpfad-im-muhlenberg-riesling-gg/w/6659472?year=2022&price_id=37844012
[2026-03-16 12:52:49]  [873/3172] [!] 데이터 없음: https://www.vivino.com/en/gallo-family-vineyards-cabernet-sauvignon/w/3380?year=2001&price_id=2895292
[2026-03-16 12:52:49]  [872/3172] [!] 데이터 없음: https://www.vivino.com/en/kopke-porto-white-colheita/w/4967750?year=2003&price_id=26433273
[2026-03-16 12:52:49]  [874/3172] [!] 데이터 없음: https://www.vivino.com/en/terra-andina-caminos-cabernet-sauvignon-merlot/w/1171900?year=2010&price_id=2895073
[2026-03-16 12:52:49]  [875/3172] [!] 데이터 없음: https://www.vivino.com/en/oremus-tokaji-late-harvest/w/1205909?year=2015&price_id=28072539
[2026-03-16 12:52:49]  [876/3172] [!] 데이터 없음: https://www.vivino.com/en/elena-walch-cardellino-chardonnay/w/1762972?year=2022&price_id=36485684
[2026-03-16 12:52:49]  [877/3172] [!] 데이터 없음: https://www.vivino.com/en/torcalvano-gracciano-merlot-delle-venezie/w/1911976?year=2004&price_id=2895336
[2026-03-16 12:52:49]  [878/3172] [!] 데이터 없음: https://www.vivino.com/en/achaval-ferrer-finca-altamira-malbec/w/1176258?year=2004&price_id=2873772
[2026-03-16 12:52:49]  [879/3172] [!] 데이터 없음: https://www.vivino.com/en/cloudy-bay-sauvignon-blanc/w/18978?year=2022&price_id=30635713
[2026-03-16 12:52:49]  [880/3172] [!] 데이터 없음: https://www.vivino.com/en/antinori-tuscany-tignanello/w/1652?year=2022&price_id=40190339
[2026-03-16 12:52:49]  [882/3172] [!] 데이터 없음: https://www.vivino.com/en/f-x-pichler-durnsteiner-gruner-veltliner/w/5972547?year=2023&price_id=37843629
[2026-03-16 12:52:49]  [881/3172] [!] 데이터 없음: https://www.vivino.com/en/ricasoli-castello-di-brolio-vin-santo-del-chianti-classico/w/1565715?year=2008&price_id=28072560
[2026-03-16 12:52:49]  [884/3172] [!] 데이터 없음: https://www.vivino.com/en/chateau-musar-hochar-pere-et-fils/w/75196?year=2018&price_id=37843774
[2026-03-16 12:52:49]  [885/3172] [!] 데이터 없음: https://www.vivino.com/en/chateau-lafite-monteil-bordeaux-superieur/w/1521022?year=2011&price_id=14650546
[2026-03-16 12:52:49]  [888/3172] [!] 데이터 없음: https://www.vivino.com/en/von-winning-pechstein-gg/w/1834194?year=2023&price_id=39384955
[2026-03-16 12:52:49]  [883/3172] [!] 데이터 없음: https://www.vivino.com/en/domaine-leflaive-meursault-1er-cru-sous-le-dos-d-ane/w/2085929?year=2022&price_id=38183113
[2026-03-16 12:52:49]  [893/3172] [!] 데이터 없음: https://www.vivino.com/en/masi-veneto-costasera-amarone-della-valpolicella-classico/w/21929?year=2018&price_id=36485547
[2026-03-16 12:52:49]  [886/3172] [!] 데이터 없음: https://www.vivino.com/en/kumeu-river-winery-estate-chardonnay/w/76137?year=2023&price_id=36998442
[2026-03-16 12:52:49]  [887/3172] [!] 데이터 없음: https://www.vivino.com/en/kaesler-old-vine-shiraz/w/1627871?year=2004&price_id=14650552
[2026-03-16 12:52:49]  [890/3172] [!] 데이터 없음: https://www.vivino.com/en/egon-muller-scharzhof-scharzhofberger-riesling-kabinett/w/86685?year=2023&price_id=37843895
[2026-03-16 12:52:49]  [891/3172] [!] 데이터 없음: https://www.vivino.com/en/jermann-chardonnay/w/2342369?year=2020&price_id=36485559
[2026-03-16 12:52:49]  [889/3172] [!] 데이터 없음: https://www.vivino.com/en/venica-venica-talis-pinot-bianco/w/1670213?year=2022&price_id=36485476
[2026-03-16 12:52:50]  [892/3172] [!] 데이터 없음: https://www.vivino.com/en/ottella-lugana/w/1122030?year=2019&price_id=36485574
[2026-03-16 12:52:50]  [894/3172] [!] 데이터 없음: https://www.vivino.com/en/barranco-oscuro-rubaiyat/w/1176231?year=2021&price_id=38848851
[2026-03-16 12:52:50]  [895/3172] [!] 데이터 없음: https://www.vivino.com/en/poliziano-rosso-di-montepulciano/w/18793?year=2020&price_id=36485602
[2026-03-16 12:52:50]  [900/3172] [!] 데이터 없음: https://www.vivino.com/en/amisfield-pinot-noir/w/86250?year=2022&price_id=35723460
[2026-03-16 12:52:50]  [896/3172] [!] 데이터 없음: https://www.vivino.com/en/chateau-mercier-cuvee-prestige-cotes-de-bourg/w/1492600?year=2011&price_id=14650437
[2026-03-16 12:52:50]  [897/3172] [!] 데이터 없음: https://www.vivino.com/en/roland-la-garde-blaye-cotes-de-bordeaux/w/98233?year=2008&price_id=7953571
[2026-03-16 12:52:50]  [898/3172] [!] 데이터 없음: https://www.vivino.com/en/sena-aconcagua-valley/w/25474?year=2021&price_id=39748986
[2026-03-16 12:52:50]  [899/3172] [!] 데이터 없음: https://www.vivino.com/en/chalk-hill-moscato/w/1118558?year=2013&price_id=2754602
[2026-03-16 12:52:50] --- 중간 저장: 누적 821건 ---
[2026-03-16 12:53:00]  [906/3172] [!] 데이터 없음: https://www.vivino.com/en/schafer-frohlich-halenberg-riesling-gg/w/1613064?year=2022&price_id=37843949
[2026-03-16 12:53:00]  [908/3172] [!] 데이터 없음: https://www.vivino.com/en/schafer-frohlich-halenberg-riesling-gg/w/1613064?year=2020&price_id=37843750
[2026-03-16 12:53:00]  [901/3172] [!] 데이터 없음: https://www.vivino.com/en/fattoria-dei-barbi-brusco/w/1169116?year=2006&price_id=2894929
[2026-03-16 12:53:00]  [902/3172] [!] 데이터 없음: https://www.vivino.com/en/novum-marlborough-chardonnay/w/6645154?year=2023&price_id=36685399
[2026-03-16 12:53:00]  [903/3172] [!] 데이터 없음: https://www.vivino.com/en/marcel-deiss-complantation/w/7301354?year=2023&price_id=38774119
[2026-03-16 12:53:00]  [904/3172] [!] 데이터 없음: https://www.vivino.com/en/roque-coteaux-du-languedoc/w/2508232?year=2022&price_id=37852840
[2026-03-16 12:53:00]  [905/3172] [!] 데이터 없음: https://www.vivino.com/en/destiny-bay-vineyards-mystae/w/1395058?year=2014&price_id=17118342
[2026-03-16 12:53:00]  [907/3172] [!] 데이터 없음: https://www.vivino.com/en/fr-la-barroche-fiancee-chateauneuf-du-pape/w/14293?year=2022&price_id=39190051
[2026-03-16 12:53:00]  [909/3172] [!] 데이터 없음: https://www.vivino.com/en/schafer-frohlich-stromberg-riesling-gg/w/2711628?year=2022&price_id=37843779
[2026-03-16 12:53:00]  [910/3172] [!] 데이터 없음: https://www.vivino.com/en/millton-clos-de-ste-anne-les-arbres-viognier/w/3769161?year=2021&price_id=32721528
[2026-03-16 12:53:00]  [911/3172] [!] 데이터 없음: https://www.vivino.com/en/william-cole-winemaker-s-special-reserve-red/w/1711335?year=2010&price_id=2873784
[2026-03-16 12:53:00]  [912/3172] [!] 데이터 없음: https://www.vivino.com/en/pignier-sauvageon/w/5519968?year=2023&price_id=38189709
[2026-03-16 12:53:00]  [915/3172] [!] 데이터 없음: https://www.vivino.com/en/leveret-estate-syrah-leveret-estate/w/4029870?year=2020&price_id=29825892
[2026-03-16 12:53:01]  [913/3172] [!] 데이터 없음: https://www.vivino.com/en/domaine-boris-champy-montagne-382-bourgogne-hautes-cotes-de-beaune/w/11257811?year=2020&price_id=37843748
[2026-03-16 12:53:01]  [920/3172] [!] 데이터 없음: https://www.vivino.com/en/molino-104975-sibilla-langhe-arneis/w/2210663?year=2023&price_id=37773330
[2026-03-16 12:53:01]  [914/3172] [!] 데이터 없음: https://www.vivino.com/en/lunae-liguria-auxo-colli-di-luni/w/1676675?year=2020&price_id=36485592
[2026-03-16 12:53:01]  [922/3172] [!] 데이터 없음: https://www.vivino.com/en/seghesio-winery-home-ranch-zinfandel/w/6368?year=2000&price_id=16860228
[2026-03-16 12:53:01]  [916/3172] [!] 데이터 없음: https://www.vivino.com/en/gaja-ca-marcanda-promis-toscana/w/1736416?year=2023&price_id=39619307
[2026-03-16 12:53:01]  [917/3172] [!] 데이터 없음: https://www.vivino.com/en/domain-road-duffers-creek-riesling/w/1291883?year=2022&price_id=38724770
[2026-03-16 12:53:01]  [918/3172] [!] 데이터 없음: https://www.vivino.com/en/rosemount-traditional-district-release/w/1987540?year=2000&price_id=14539912
[2026-03-16 12:53:01]  [919/3172] [!] 데이터 없음: https://www.vivino.com/en/roi-dagobert-racines-terroir-riesling/w/1594433?year=2010&price_id=7953602
[2026-03-16 12:53:01]  [921/3172] [!] 데이터 없음: https://www.vivino.com/en/paraduxx-cork-tree-vineyard-red-napa-valley/w/4942782?year=2022&price_id=38284404
[2026-03-16 12:53:01]  [923/3172] [!] 데이터 없음: https://www.vivino.com/en/la-colombette-puech-d-hortes-grenache-syrah/w/1215313?year=2025&price_id=41231174
[2026-03-16 12:53:01]  [924/3172] [!] 데이터 없음: https://www.vivino.com/en/von-winning-pechstein-gg/w/1834194?year=2021&price_id=37843611
[2026-03-16 12:53:01]  [925/3172] [!] 데이터 없음: https://www.vivino.com/en/donnhoff-dellchen-riesling-gg/w/1496022?year=2023&price_id=37843882
[2026-03-16 12:53:01]  [926/3172] [!] 데이터 없음: https://www.vivino.com/en/cloudy-bay-te-koko-sauvignon-blanc/w/1126958?year=2024&price_id=41182239
[2026-03-16 12:53:01]  [927/3172] [!] 데이터 없음: https://www.vivino.com/en/hugo-casanova-don-aldo-founder-s-reserve/w/1216451?year=2009&price_id=2873628
[2026-03-16 12:53:01]  [928/3172] [!] 데이터 없음: https://www.vivino.com/en/dashe-late-harvest-zinfandel/w/14153?year=2005&price_id=14650445
[2026-03-16 12:53:02]  [929/3172] [!] 데이터 없음: https://www.vivino.com/en/beronia-rioja-reserva/w/1164695?year=2014&price_id=27171872
[2026-03-16 12:53:02]  [930/3172] [!] 데이터 없음: https://www.vivino.com/en/pelee-island-winery-cabernet-sauvignon-reserve/w/13035?year=2011&price_id=14550289
[2026-03-16 12:53:02] --- 중간 저장: 누적 821건 ---
[2026-03-16 12:53:08]  [931/3172] [!] 데이터 없음: https://www.vivino.com/en/mamete-prevostini-botonero-nebbiolo-terrazze-retiche-di-sondrio/w/1373509?year=2017&price_id=25868599
[2026-03-16 12:53:08]  [932/3172] [!] 데이터 없음: https://www.vivino.com/en/alessio-dorigo-merlot/w/83982?year=2005&price_id=14542028
[2026-03-16 12:53:08]  [933/3172] [!] 데이터 없음: https://www.vivino.com/en/chateau-branaire-ducru-saint-julien-grand-cru-classe/w/1172272?year=2009&price_id=38459315
[2026-03-16 12:53:08]  [934/3172] [!] 데이터 없음: https://www.vivino.com/en/umathum-pinot-gris/w/86928?year=2023&price_id=41059497
[2026-03-16 12:53:08]  [935/3172] [!] 데이터 없음: https://www.vivino.com/en/rock-bare-shiraz/w/1105827?year=2003&price_id=2805040
[2026-03-16 12:53:08]  [936/3172] [!] 데이터 없음: https://www.vivino.com/en/moric-reserve-blaufrankisch/w/1196379?year=2022&price_id=38633113
[2026-03-16 12:53:08]  [937/3172] [!] 데이터 없음: https://www.vivino.com/en/mitolo-serpico-cabernet-sauvignon/w/79013?year=2005&price_id=14540503
[2026-03-16 12:53:08]  [938/3172] [!] 데이터 없음: https://www.vivino.com/en/frenchmans-hill-blood-creek/w/3830817?year=2015&price_id=39663840
[2026-03-16 12:53:08]  [939/3172] [!] 데이터 없음: https://www.vivino.com/en/donnafugata-ben-rye-passito-di-pantelleria/w/1176121?year=2021&price_id=36736896
[2026-03-16 12:53:08]  [940/3172] [!] 데이터 없음: https://www.vivino.com/en/stonyridge-vineyard-larose-red-blend/w/1631901?year=2019&price_id=24178192
[2026-03-16 12:53:08]  [941/3172] [!] 데이터 없음: https://www.vivino.com/en/badia-a-coltibuono-chianti-classico-riserva/w/6281?year=2005&price_id=14541916
[2026-03-16 12:53:08]  [942/3172] [!] 데이터 없음: https://www.vivino.com/en/weingut-josef-pockl-zweigelt-classique/w/1206518?year=2016&price_id=38662724
[2026-03-16 12:53:09]  [944/3172] [!] 데이터 없음: https://www.vivino.com/en/moet-chandon-imperial-rose-brut-champagne/w/1122092?price_id=22123005
[2026-03-16 12:53:09]  [945/3172] [!] 데이터 없음: https://www.vivino.com/en/it-florio-vecchioflorio-marsala-superiore-dolce/w/4948689?year=2017&price_id=39138455
[2026-03-16 12:53:09]  [947/3172] [!] 데이터 없음: https://www.vivino.com/en/castello-nipozzano-chianti-rufina-riserva/w/20983?year=2017&price_id=24449298
[2026-03-16 12:53:09]  [952/3172] [!] 데이터 없음: https://www.vivino.com/en/au-evans-tate-smooth-operator-cabernet-merlot/w/2875954?year=2018&price_id=25662780
[2026-03-16 12:53:09]  [943/3172] [!] 데이터 없음: https://www.vivino.com/en/stiphane-vedeau-j-boutin-arena-mica-hermitage/w/4887121?year=2022&price_id=34223764
[2026-03-16 12:53:09]  [946/3172] [!] 데이터 없음: https://www.vivino.com/en/passage-rock-reserve-syrah-waiheke-island/w/1362043?year=2021&price_id=40706206
[2026-03-16 12:53:09]  [948/3172] [!] 데이터 없음: https://www.vivino.com/en/weingut-knoll-loibner-gelber-muskateller-federspiel/w/1293504?year=2023&price_id=37843960
[2026-03-16 12:53:09]  [949/3172] [!] 데이터 없음: https://www.vivino.com/en/saint-clair-family-estate-wairau-reserve-sauvignon-blanc/w/1147263?year=2025&price_id=41095084
[2026-03-16 12:53:09]  [950/3172] [!] 데이터 없음: https://www.vivino.com/en/providence-four-apostles/w/1987751?year=2013&price_id=39663846
[2026-03-16 12:53:09]  [951/3172] [!] 데이터 없음: https://www.vivino.com/en/tenuta-tascante-ghiaia-nera-nerello-mascalese/w/2279679?year=2010&price_id=14650492
[2026-03-16 12:53:09]  [954/3172] [!] 데이터 없음: https://www.vivino.com/en/degenfeld-tokaji-aszu-6-puttonyos/w/1734705?year=2008&price_id=13611970
[2026-03-16 12:53:09]  [953/3172] [!] 데이터 없음: https://www.vivino.com/en/es-beso-de-vino-cabernet-sauvignon/w/2737971?year=2013&price_id=2805050
[2026-03-16 12:53:09]  [955/3172] [!] 데이터 없음: https://www.vivino.com/en/chard-farm-viper-vineyard-pinot-noir/w/1680644?year=2022&price_id=39663855
[2026-03-16 12:53:09]  [956/3172] [!] 데이터 없음: https://www.vivino.com/en/seidelberg-wine-estate-roland-s-reserve-cabernet-sauvignon/w/1123611?year=2004&price_id=2804847
[2026-03-16 12:53:10]  [957/3172] [!] 데이터 없음: https://www.vivino.com/en/beringer-california-sparkling-white-zinfandel/w/2323589?price_id=22111702
[2026-03-16 12:53:10]  [958/3172] [!] 데이터 없음: https://www.vivino.com/en/perez-cruz-cot-limited-edition/w/1172675?year=2005&price_id=2895205
[2026-03-16 12:53:10]  [959/3172] [!] 데이터 없음: https://www.vivino.com/en/castello-di-querceto-colli-della-toscana-centrale-cignale/w/15627?year=2006&price_id=14550058
[2026-03-16 12:53:10]  [960/3172] [!] 데이터 없음: https://www.vivino.com/en/markowitsch-m1/w/96906?year=2020&price_id=38459306
[2026-03-16 12:53:10] --- 중간 저장: 누적 821건 ---
[2026-03-16 12:53:16]  [961/3172] [!] 데이터 없음: https://www.vivino.com/en/felton-road-cornish-point-pinot-noir/w/2054916?year=2007&price_id=35624785
[2026-03-16 12:53:17]  [962/3172] [!] 데이터 없음: https://www.vivino.com/en/domaine-tortochot-mazis-chambertin-grand-cru/w/1727643?year=2021&price_id=33035208
[2026-03-16 12:53:17]  [963/3172] [!] 데이터 없음: https://www.vivino.com/en/domaine-vacheron-sancerre-chambrates/w/2395499?year=2021&price_id=37843834
[2026-03-16 12:53:17]  [964/3172] [!] 데이터 없음: https://www.vivino.com/en/umani-ronchi-jorio-montepulciano-d-abruzzo/w/3504?year=2010&price_id=2895297
[2026-03-16 12:53:17]  [965/3172] [!] 데이터 없음: https://www.vivino.com/en/devotus-reserve-single-vineyard-pinot-noir/w/3723907?year=2021&price_id=37028794
[2026-03-16 12:53:17]  [967/3172] [!] 데이터 없음: https://www.vivino.com/en/clos-de-la-vieille-eglise-castillon-cotes-de-bordeaux/w/1416680?year=2003&price_id=14549938
[2026-03-16 12:53:17]  [966/3172] [!] 데이터 없음: https://www.vivino.com/en/wirra-wirra-woodhenge-shiraz/w/1829715?year=2014&price_id=14650383
[2026-03-16 12:53:17]  [969/3172] [!] 데이터 없음: https://www.vivino.com/en/stag-s-leap-wine-cellars-winemaker-series-dijon-clone-chardonnay/w/2420499?year=2007&price_id=14541181
[2026-03-16 12:53:17]  [968/3172] [!] 데이터 없음: https://www.vivino.com/en/moric-lutzmannsburg-alte-reben-blaufrankisch/w/1126419?year=2021&price_id=37843592
[2026-03-16 12:53:17]  [970/3172] [!] 데이터 없음: https://www.vivino.com/en/colombaia-tuscany-rosato/w/6435443?year=2021&price_id=38505560
[2026-03-16 12:53:17]  [971/3172] [!] 데이터 없음: https://www.vivino.com/en/joseph-pascal-bourgogne-pinot-noir/w/778775?year=2022&price_id=36418841
[2026-03-16 12:53:17]  [972/3172] [!] 데이터 없음: https://www.vivino.com/en/weingut-richard-ostreicher-rosen-spatburgunder/w/9402705?year=2023&price_id=40838511
[2026-03-16 12:53:17]  [976/3172] [!] 데이터 없음: https://www.vivino.com/en/domaine-a-f-gros-vosne-romanee-les-chalandins/w/7130066?year=2023&price_id=40825894
[2026-03-16 12:53:17]  [977/3172] [!] 데이터 없음: https://www.vivino.com/en/rosemount-single-vineyard-series-mclaren-vines-vineyard-shiraz-grenache/w/1991680?year=2006&price_id=14540460
[2026-03-16 12:53:17]  [975/3172] [!] 데이터 없음: https://www.vivino.com/en/egon-muller-scharzhof-scharzhofberger-riesling-kabinett/w/86685?year=2022&price_id=37843716
[2026-03-16 12:53:17]  [973/3172] [!] 데이터 없음: https://www.vivino.com/en/argiolas-korem-isola-dei-nuraghi/w/82195?year=2019&price_id=36485640
[2026-03-16 12:53:17]  [974/3172] [!] 데이터 없음: https://www.vivino.com/en/chateau-musar-hochar-pere-et-fils/w/75196?year=2017&price_id=37843616
[2026-03-16 12:53:17]  [979/3172] [!] 데이터 없음: https://www.vivino.com/en/molino-104975-teorema-barbaresco/w/1159990?year=2016&price_id=36736920
[2026-03-16 12:53:17]  [978/3172] [!] 데이터 없음: https://www.vivino.com/en/domaine-comte-georges-de-vogue-musigny-grand-cru-cuvee-vieilles-vignes/w/1187200?year=2011&price_id=799013
[2026-03-16 12:53:17]  [980/3172] [!] 데이터 없음: https://www.vivino.com/en/albert-grivault-clos-blanc-pommard-1er-cru/w/1597099?year=2020&price_id=37843683
[2026-03-16 12:53:17]  [981/3172] [!] 데이터 없음: https://www.vivino.com/en/rosemount-diamond-label-cabernet-sauvignon/w/68244?year=2001&price_id=14540712
[2026-03-16 12:53:18]  [982/3172] [!] 데이터 없음: https://www.vivino.com/en/bodega-norton-reserva-malbec/w/3215?year=2005&price_id=2894981
[2026-03-16 12:53:18]  [983/3172] [!] 데이터 없음: https://www.vivino.com/en/yellow-tail-cabernet-sauvignon/w/2549?year=2015&price_id=15556359
[2026-03-16 12:53:18]  [984/3172] [!] 데이터 없음: https://www.vivino.com/en/castello-di-querceto-colli-della-toscana-centrale-il-sole-di-alessandro/w/1614485?year=2005&price_id=2754468
[2026-03-16 12:53:18]  [985/3172] [!] 데이터 없음: https://www.vivino.com/en/amisfield-pinot-gris/w/1783313?year=2023&price_id=36998471
[2026-03-16 12:53:18]  [986/3172] [!] 데이터 없음: https://www.vivino.com/en/smith-sheth-cru-sauvignon-blanc/w/6306318?year=2023&price_id=38032868
[2026-03-16 12:53:18]  [987/3172] [!] 데이터 없음: https://www.vivino.com/en/soraighe-valpolicella-ripasso-superiore/w/1364616?year=2020&price_id=36736876
[2026-03-16 12:53:18]  [990/3172] [!] 데이터 없음: https://www.vivino.com/en/sileni-estates-cellar-selection-marlborough-sauvignon-blanc/w/1214612?year=2024&price_id=38951218
[2026-03-16 12:53:18]  [988/3172] [!] 데이터 없음: https://www.vivino.com/en/pegasus-bay-winery-bel-canto-dry-riesling/w/1261670?year=2024&price_id=40716445
[2026-03-16 12:53:18]  [989/3172] [!] 데이터 없음: https://www.vivino.com/en/heartland-wines-pty-ltd-dolcetto-lagrein/w/2044?year=2005&price_id=2895053
[2026-03-16 12:53:18] --- 중간 저장: 누적 821건 ---
[2026-03-16 12:53:25]  [991/3172] [!] 데이터 없음: https://www.vivino.com/en/hannes-sabathi-gelber-muskateller-klassik/w/90052?year=2020&price_id=37843671
[2026-03-16 12:53:25]  [992/3172] [!] 데이터 없음: https://www.vivino.com/en/domaine-marc-morey-fils-bourgogne-blanc/w/1723854?year=2023&price_id=39191444
[2026-03-16 12:53:25]  [993/3172] [!] 데이터 없음: https://www.vivino.com/en/amisfield-dry-riesling/w/86253?year=2024&price_id=39913989
[2026-03-16 12:53:25]  [994/3172] [!] 데이터 없음: https://www.vivino.com/en/santa-carolina-vistana-cabernet-sauvignon-rose/w/1136400?year=2004&price_id=2894957
[2026-03-16 12:53:25]  [995/3172] [!] 데이터 없음: https://www.vivino.com/en/silver-buckle-chardonnay/w/1768149?year=2011&price_id=2805039
[2026-03-16 12:53:25]  [997/3172] [!] 데이터 없음: https://www.vivino.com/en/heron-s-flight-dolcetto/w/2502783?year=2021&price_id=34771402
[2026-03-16 12:53:25]  [996/3172] [!] 데이터 없음: https://www.vivino.com/en/domaine-g-roumier-morey-saint-denis-premier-cru-clos-de-la-bussiere/w/100045?year=2022&price_id=38771161
[2026-03-16 12:53:25]  [998/3172] [!] 데이터 없음: https://www.vivino.com/en/two-paddocks-the-first-paddock-gibbston-vineyard-pinot-noir/w/2511044?year=2022&price_id=40802949
[2026-03-16 12:53:25]  [999/3172] [!] 데이터 없음: https://www.vivino.com/en/felton-road-bannockburn-pinot-noir/w/88318?year=2009&price_id=21403118
[2026-03-16 12:53:25]  [1000/3172] [!] 데이터 없음: https://www.vivino.com/en/hafner-t-b-a-trockenbeerenauslese-scheurebe-essencia/w/2388515?year=2002&price_id=2804810
[2026-03-16 12:53:25]  [1001/3172] [!] 데이터 없음: https://www.vivino.com/en/decoy-california-red-wine/w/1128171?year=2004&price_id=4550238
[2026-03-16 12:53:25]  [1002/3172] [!] 데이터 없음: https://www.vivino.com/en/kressmann-monopole-bordeaux-blanc/w/1614548?year=2010&price_id=7953574
[2026-03-16 12:53:26]  [1003/3172] [!] 데이터 없음: https://www.vivino.com/en/castello-di-poppiano-castello-di-poppiano-chianti-colli-fiorentini-riserva/w/1310982?year=2011&price_id=14650402
[2026-03-16 12:53:26]  [1004/3172] [!] 데이터 없음: https://www.vivino.com/en/weingut-knoll-loibner-gelber-muskateller-smaragd/w/2235351?year=2023&price_id=37843736
[2026-03-16 12:53:26]  [1005/3172] [!] 데이터 없음: https://www.vivino.com/en/famille-perrin-l-andeol-rasteau/w/1220175?year=2011&price_id=14542010
[2026-03-16 12:53:26]  [1006/3172] [!] 데이터 없음: https://www.vivino.com/en/venica-venica-cabernet-franc/w/1362053?year=2019&price_id=36485618
[2026-03-16 12:53:26]  [1007/3172] [!] 데이터 없음: https://www.vivino.com/en/montes-montes-alpha-syrah-colchagua-valley-red-wine/w/71334?year=2007&price_id=14650519
[2026-03-16 12:53:26]  [1010/3172] [!] 데이터 없음: https://www.vivino.com/en/cloudy-bay-pelorus-brut/w/18981?price_id=22123103
[2026-03-16 12:53:26]  [1008/3172] [!] 데이터 없음: https://www.vivino.com/en/rosemount-chardonnay-diamond-label/w/68254?year=2003&price_id=14541390
[2026-03-16 12:53:26]  [1009/3172] [!] 데이터 없음: https://www.vivino.com/en/sterling-vineyards-vintner-s-collection-cabernet-sauvignon/w/1136087?year=2014&price_id=14541803
[2026-03-16 12:53:26]  [1011/3172] [!] 데이터 없음: https://www.vivino.com/en/es-vina-real-rioja-crianza/w/1261821?year=2014&price_id=15574739
[2026-03-16 12:53:26]  [1012/3172] [!] 데이터 없음: https://www.vivino.com/en/bodegas-muga-muga-rosado/w/7490?year=2006&price_id=2894950
[2026-03-16 12:53:26]  [1013/3172] [!] 데이터 없음: https://www.vivino.com/en/domaine-chevallier-chablis/w/1770856?year=2024&price_id=39375458
[2026-03-16 12:53:26]  [1014/3172] [!] 데이터 없음: https://www.vivino.com/en/familia-torres-atrium-merlot/w/2651?year=2005&price_id=2894933
[2026-03-16 12:53:26]  [1015/3172] [!] 데이터 없음: https://www.vivino.com/en/quintodecimo-terra-d-eclano-aglianico-irpinia/w/1245573?year=2015&price_id=24839158
[2026-03-16 12:53:26]  [1016/3172] [!] 데이터 없음: https://www.vivino.com/en/c-silva-dalva-ruby-porto/w/1155177?price_id=17633335
[2026-03-16 12:53:27]  [1017/3172] [!] 데이터 없음: https://www.vivino.com/en/chateau-musar-blanc-gaston-hochar/w/1888649?year=2017&price_id=37843801
[2026-03-16 12:53:27]  [1018/3172] [!] 데이터 없음: https://www.vivino.com/en/luis-felipe-edwards-reserva-merlot/w/85363?year=2015&price_id=9885752
[2026-03-16 12:53:27]  [1019/3172] [!] 데이터 없음: https://www.vivino.com/en/finca-la-estacada-hello-world-cabernet-franc/w/3495681?year=2015&price_id=15839109
[2026-03-16 12:53:27]  [1020/3172] [!] 데이터 없음: https://www.vivino.com/en/jp-chenet-original-merlot/w/3043053?year=2004&price_id=7944056
[2026-03-16 12:53:27] --- 중간 저장: 누적 821건 ---
[2026-03-16 12:53:37]  [1021/3172] [!] 데이터 없음: https://www.vivino.com/en/michel-redde-et-fils-la-moynerie-pouilly-fume/w/1100049?year=2022&price_id=38558280
[2026-03-16 12:53:37]  [1022/3172] [!] 데이터 없음: https://www.vivino.com/en/tarapaca-gran-reserva-syrah/w/1215041?year=2019&price_id=28232810
[2026-03-16 12:53:37]  [1023/3172] [!] 데이터 없음: https://www.vivino.com/en/the-tapas-wine-collection-tempranillo/w/1194084?year=2008&price_id=14650379
[2026-03-16 12:53:37]  [1024/3172] [!] 데이터 없음: https://www.vivino.com/en/prophet-s-rock-home-vineyard-pinot-noir/w/3647977?year=2023&price_id=38896566
[2026-03-16 12:53:37]  [1025/3172] [!] 데이터 없음: https://www.vivino.com/en/chateau-phelan-segur-bordeaux-rose/w/98172?year=2017&price_id=24211508
[2026-03-16 12:53:37]  [1027/3172] [!] 데이터 없음: https://www.vivino.com/en/tinazzi-tenuta-valleselle-ripa-magna-corvina/w/1154421?year=2006&price_id=2895188
[2026-03-16 12:53:37]  [1026/3172] [!] 데이터 없음: https://www.vivino.com/en/carpineto-chianti-castaldo/w/6193?year=2003&price_id=2895029
[2026-03-16 12:53:37]  [1028/3172] [!] 데이터 없음: https://www.vivino.com/en/craggy-range-gimblett-gravels-les-beaux-cailloux/w/79638?year=2019&price_id=25478344
[2026-03-16 12:53:37]  [1029/3172] [!] 데이터 없음: https://www.vivino.com/en/donnhoff-hermannshohle-riesling-gg/w/1214613?year=2023&price_id=37843715
[2026-03-16 12:53:37]  [1030/3172] [!] 데이터 없음: https://www.vivino.com/en/wente-family-vineyards-riva-ranch-chardonnay/w/1742845?year=2002&price_id=2894897
[2026-03-16 12:53:37]  [1031/3172] [!] 데이터 없음: https://www.vivino.com/en/weingut-knoll-loibner-chardonnay-smaragd/w/1911262?year=2023&price_id=37843888
[2026-03-16 12:53:37]  [1032/3172] [!] 데이터 없음: https://www.vivino.com/en/donnhoff-tonschiefer-riesling-trocken/w/1155960?year=2023&price_id=37843615
[2026-03-16 12:53:37]  [1033/3172] [!] 데이터 없음: https://www.vivino.com/en/lamothe-parrot-scarlett-dark/w/4931184?year=2016&price_id=18930011
[2026-03-16 12:53:38]  [1037/3172] [!] 데이터 없음: https://www.vivino.com/en/gallo-signature-series-chardonnay/w/1196226?year=2001&price_id=14549972
[2026-03-16 12:53:38]  [1042/3172] [!] 데이터 없음: https://www.vivino.com/en/gut-oggau-josephine-rot/w/1729546?year=2023&price_id=38505524
[2026-03-16 12:53:38]  [1034/3172] [!] 데이터 없음: https://www.vivino.com/en/argiano-suolo/w/2888?year=2013&price_id=14650503
[2026-03-16 12:53:38]  [1035/3172] [!] 데이터 없음: https://www.vivino.com/en/raphet-morey-saint-denis-1er-cru-les-millandes/w/1209881?year=2021&price_id=33035082
[2026-03-16 12:53:38]  [1036/3172] [!] 데이터 없음: https://www.vivino.com/en/domaine-marc-morey-fils-chassagne-montrachet-1er-cru-les-cailleret/w/1202923?year=2022&price_id=40929068
[2026-03-16 12:53:38]  [1038/3172] [!] 데이터 없음: https://www.vivino.com/en/it-s-cristina-lugana-lugana-white-wine-v/w/1127731?year=2022&price_id=36736914
[2026-03-16 12:53:38]  [1039/3172] [!] 데이터 없음: https://www.vivino.com/en/sandbanks-dunes-ontario/w/1824651?year=2012&price_id=4394310
[2026-03-16 12:53:38]  [1040/3172] [!] 데이터 없음: https://www.vivino.com/en/cloudy-bay-sauvignon-blanc/w/18978?year=2024&price_id=38276432
[2026-03-16 12:53:38]  [1041/3172] [!] 데이터 없음: https://www.vivino.com/en/johanneshof-gewurztraminer/w/1959104?year=2025&price_id=40802950
[2026-03-16 12:53:38]  [1043/3172] [!] 데이터 없음: https://www.vivino.com/en/tinazzi-tenuta-valleselle-arnasi-pinot-grigio/w/1125487?year=2006&price_id=2895362
[2026-03-16 12:53:38]  [1044/3172] [!] 데이터 없음: https://www.vivino.com/en/tabali-talinay-coastal-limestone-vineyard-sauvignon-blanc/w/1611997?year=2013&price_id=16730250
[2026-03-16 12:53:38]  [1045/3172] [!] 데이터 없음: https://www.vivino.com/en/fr-rapet-corton-charlemagne-grand-cru/w/87852?year=2022&price_id=37249124
[2026-03-16 12:53:38]  [1046/3172] [!] 데이터 없음: https://www.vivino.com/en/mark-haisma-gevrey-chambertin/w/2915617?year=2017&price_id=24559049
[2026-03-16 12:53:38]  [1047/3172] [!] 데이터 없음: https://www.vivino.com/en/chard-farm-finla-mor-pinot-noir/w/83450?year=2023&price_id=39686725
[2026-03-16 12:53:39]  [1048/3172] [!] 데이터 없음: https://www.vivino.com/en/barratt-the-reserve-pinot-noir/w/1827565?year=2010&price_id=21687587
[2026-03-16 12:53:39]  [1049/3172] [!] 데이터 없음: https://www.vivino.com/en/marina-cvetic-riserva-trebbiano/w/2526510?year=2020&price_id=36485512
[2026-03-16 12:53:39]  [1050/3172] [!] 데이터 없음: https://www.vivino.com/en/penfolds-bin-311-chardonnay/w/1249?year=2021&price_id=30195057
[2026-03-16 12:53:39] --- 중간 저장: 누적 821건 ---
[2026-03-16 12:53:46]  [1051/3172] [!] 데이터 없음: https://www.vivino.com/en/finca-la-estacada-hello-world-petit-verdot/w/3123972?year=2014&price_id=14650482
[2026-03-16 12:53:46]  [1052/3172] [!] 데이터 없음: https://www.vivino.com/en/carmen-gran-reserva-merlot/w/1203117?year=2014&price_id=14539449
[2026-03-16 12:53:46]  [1053/3172] [!] 데이터 없음: https://www.vivino.com/en/argiolas-meri-vermentino-di-sardegna/w/1272816?year=2017&price_id=20945508
[2026-03-16 12:53:46]  [1054/3172] [!] 데이터 없음: https://www.vivino.com/en/heinrich-pannobile/w/1126495?year=2020&price_id=37843827
[2026-03-16 12:53:46]  [1055/3172] [!] 데이터 없음: https://www.vivino.com/en/mollydooker-winery-gigglepot-cabernet-sauvignon/w/1131225?year=2016&price_id=18675551
[2026-03-16 12:53:46]  [1056/3172] [!] 데이터 없음: https://www.vivino.com/en/bouvet-ladubay-tresor-saumur-rose-brut/w/1313483?price_id=30601271
[2026-03-16 12:53:46]  [1057/3172] [!] 데이터 없음: https://www.vivino.com/en/aldo-rainoldi-sassella-valtellina-superiore/w/1259300?year=2013&price_id=36738528
[2026-03-16 12:53:46]  [1058/3172] [!] 데이터 없음: https://www.vivino.com/en/chateau-le-boscq-saint-estephe/w/1427885?year=2002&price_id=7944043
[2026-03-16 12:53:46]  [1059/3172] [!] 데이터 없음: https://www.vivino.com/en/penfolds-bin-128-shiraz/w/1245?year=2003&price_id=2895194
[2026-03-16 12:53:46]  [1060/3172] [!] 데이터 없음: https://www.vivino.com/en/f-x-pichler-unendlich-riesling-smaragd/w/1581262?year=2023&price_id=40908355
[2026-03-16 12:53:46]  [1061/3172] [!] 데이터 없음: https://www.vivino.com/en/neleman-fifty-reasons-sauvignon-blanc/w/5368488?year=2014&price_id=14539410
[2026-03-16 12:53:46]  [1062/3172] [!] 데이터 없음: https://www.vivino.com/en/dona-paula-los-indios-parcel-malbec/w/2030239?year=2011&price_id=4491067
[2026-03-16 12:53:46]  [1066/3172] [!] 데이터 없음: https://www.vivino.com/en/bera-alladio-langhe-nebbiolo/w/1157502?year=2004&price_id=2804626
[2026-03-16 12:53:46]  [1067/3172] [!] 데이터 없음: https://www.vivino.com/en/kaesler-old-vine-semillon/w/1457995?year=2006&price_id=14549856
[2026-03-16 12:53:46]  [1069/3172] [!] 데이터 없음: https://www.vivino.com/en/thirteen-th-street-niagara-peninsula-white-palette/w/1617396?year=2012&price_id=14542048
[2026-03-16 12:53:46]  [1063/3172] [!] 데이터 없음: https://www.vivino.com/en/pegasus-bay-winery-prima-donna-pinot-noir/w/1173985?year=2020&price_id=36998448
[2026-03-16 12:53:46]  [1064/3172] [!] 데이터 없음: https://www.vivino.com/en/salentein-reserve-cabernet-sauvignon-barrel-selection/w/1125263?year=2003&price_id=14650367
[2026-03-16 12:53:46]  [1065/3172] [!] 데이터 없음: https://www.vivino.com/en/esterhazy-estoras/w/1166778?year=2009&price_id=17350639
[2026-03-16 12:53:47]  [1068/3172] [!] 데이터 없음: https://www.vivino.com/en/robert-denogent-vieilles-vignes-saint-veran-les-pommards/w/1167288?year=2020&price_id=37843644
[2026-03-16 12:53:47]  [1075/3172] [!] 데이터 없음: https://www.vivino.com/en/chateau-ducru-beaucaillou-saint-julien-grand-cru-classe/w/61744?year=2010&price_id=37843976
[2026-03-16 12:53:47]  [1070/3172] [!] 데이터 없음: https://www.vivino.com/en/burggarten-spatburgunder-classic/w/1849878?year=2018&price_id=24499682
[2026-03-16 12:53:47]  [1071/3172] [!] 데이터 없음: https://www.vivino.com/en/jean-marc-brocard-chablis-premier-cru-fourchaume/w/43654?year=2011&price_id=7944151
[2026-03-16 12:53:47]  [1072/3172] [!] 데이터 없음: https://www.vivino.com/en/masi-veneto-masianco/w/21950?year=2021&price_id=33312599
[2026-03-16 12:53:47]  [1073/3172] [!] 데이터 없음: https://www.vivino.com/en/kaiken-ultra-cabernet-sauvignon/w/71464?year=2004&price_id=2894895
[2026-03-16 12:53:47]  [1074/3172] [!] 데이터 없음: https://www.vivino.com/en/protos-roble/w/1132737?year=2011&price_id=2754341
[2026-03-16 12:53:47]  [1080/3172] [!] 데이터 없음: https://www.vivino.com/en/valiano-poggio-teo-chianti-classico/w/1161447?year=2013&price_id=24459460
[2026-03-16 12:53:47]  [1076/3172] [!] 데이터 없음: https://www.vivino.com/en/chateau-vartely-ice-muscat-ottonel/w/1524017?year=2011&price_id=2873843
[2026-03-16 12:53:47]  [1077/3172] [!] 데이터 없음: https://www.vivino.com/en/domaine-leflaive-puligny-montrachet-1er-cru-les-pucelles/w/84906?year=2021&price_id=37844015
[2026-03-16 12:53:47]  [1078/3172] [!] 데이터 없음: https://www.vivino.com/en/indomita-gran-reserva-cabernet-sauvignon/w/1683137?year=2005&price_id=14550002
[2026-03-16 12:53:47]  [1079/3172] [!] 데이터 없음: https://www.vivino.com/en/wente-family-vineyards-morning-fog-chardonnay/w/1720?year=2003&price_id=2895323
[2026-03-16 12:53:48] --- 중간 저장: 누적 821건 ---
[2026-03-16 12:53:55]  [1081/3172] [!] 데이터 없음: https://www.vivino.com/en/cave-springs-cellars-cabernet-merlot/w/1758348?year=2011&price_id=14541233
[2026-03-16 12:53:55]  [1082/3172] [!] 데이터 없음: https://www.vivino.com/en/alconde-reserva/w/1151502?year=2005&price_id=14549956
[2026-03-16 12:53:55]  [1083/3172] [!] 데이터 없음: https://www.vivino.com/en/tenuta-regaleali-nozze-d-oro-sicilia/w/1123337?year=2010&price_id=14650526
[2026-03-16 12:53:55]  [1084/3172] [!] 데이터 없음: https://www.vivino.com/en/wittmann-rheinhessen-morstein-riesling-gg/w/1153695?year=2014&price_id=37843563
[2026-03-16 12:53:55]  [1085/3172] [!] 데이터 없음: https://www.vivino.com/en/emilio-moro-malleolus/w/11604?year=2010&price_id=5109468
[2026-03-16 12:53:55]  [1086/3172] [!] 데이터 없음: https://www.vivino.com/en/devotus-reserve-single-vineyard-pinot-noir/w/3723907?year=2019&price_id=37028791
[2026-03-16 12:53:55]  [1088/3172] [!] 데이터 없음: https://www.vivino.com/en/braida-il-baciale-monferrato-rosso/w/15142?year=2019&price_id=36485510
[2026-03-16 12:53:55]  [1087/3172] [!] 데이터 없음: https://www.vivino.com/en/villa-maria-auckland-ngakirikiri-cabernet-sauvignon/w/4159326?year=2018&price_id=34102285
[2026-03-16 12:53:55]  [1089/3172] [!] 데이터 없음: https://www.vivino.com/en/andrew-januir-stone-cairn/w/2243780?year=2013&price_id=10496214
[2026-03-16 12:53:55]  [1090/3172] [!] 데이터 없음: https://www.vivino.com/en/terenzi-madrechiesa-morellino-di-scansano-riserva/w/1420652?year=2018&price_id=36485548
[2026-03-16 12:53:55]  [1091/3172] [!] 데이터 없음: https://www.vivino.com/en/venica-venica-jesera-pinot-grigio/w/91004?year=2022&price_id=36485567
[2026-03-16 12:53:55]  [1092/3172] [!] 데이터 없음: https://www.vivino.com/en/domaine-bonnardot-belissand-beaune-premier-cru/w/2926872?year=2023&price_id=38775517
[2026-03-16 12:53:56]  [1093/3172] [!] 데이터 없음: https://www.vivino.com/en/a-et-p-de-villaine-rully-1er-cru-les-champs-cloux/w/6626598?year=2023&price_id=41141500
[2026-03-16 12:53:56]  [1094/3172] [!] 데이터 없음: https://www.vivino.com/en/belle-glos-clark-telephone-vineyard-pinot-noir/w/15238?year=2021&price_id=35673589
[2026-03-16 12:53:56]  [1095/3172] [!] 데이터 없음: https://www.vivino.com/en/terra-andina-carmenere/w/1136560?year=2009&price_id=2805051
[2026-03-16 12:53:56]  [1098/3172] [!] 데이터 없음: https://www.vivino.com/en/col-d-orcia-rosso-di-montalcino/w/73470?year=2021&price_id=36485561
[2026-03-16 12:53:56]  [1096/3172] [!] 데이터 없음: https://www.vivino.com/en/greywacke-kevin-judd-riesling/w/1130874?year=2023&price_id=37845092
[2026-03-16 12:53:56]  [1097/3172] [!] 데이터 없음: https://www.vivino.com/en/domaine-poisot-pere-and-fils-pernand-vergelesses-1er-cru-en-caradeux/w/1312601?year=2022&price_id=37062879
[2026-03-16 12:53:56]  [1099/3172] [!] 데이터 없음: https://www.vivino.com/en/la-bonnelle-saint-emilion-grand-cru/w/1174698?year=2015&price_id=22871449
[2026-03-16 12:53:56]  [1100/3172] [!] 데이터 없음: https://www.vivino.com/en/nomad-at-hinterbrook-traveller-s-riesling/w/4896036?year=2014&price_id=14550159
[2026-03-16 12:53:56]  [1101/3172] [!] 데이터 없음: https://www.vivino.com/en/mitchelton-preece-chardonnay/w/1227618?year=2007&price_id=14541216
[2026-03-16 12:53:56]  [1103/3172] [!] 데이터 없음: https://www.vivino.com/en/serge-laporte-millesia-sancerre/w/1371644?year=2022&price_id=33696561
[2026-03-16 12:53:56]  [1102/3172] [!] 데이터 없음: https://www.vivino.com/en/bulas-ten-anos-tawny-porto/w/1378098?price_id=38979668
[2026-03-16 12:53:56]  [1104/3172] [!] 데이터 없음: https://www.vivino.com/en/happs-three-hills-malbec/w/1999424?year=2018&price_id=28384689
[2026-03-16 12:53:56]  [1108/3172] [!] 데이터 없음: https://www.vivino.com/en/terra-sancta-single-block-shingle-beach-pinot-noir/w/1406409?year=2022&price_id=34460466
[2026-03-16 12:53:56]  [1109/3172] [!] 데이터 없음: https://www.vivino.com/en/abbazia-moscato-dolce/w/2115561?price_id=2804987
[2026-03-16 12:53:56]  [1110/3172] [!] 데이터 없음: https://www.vivino.com/en/la-forge-estate-merlot/w/1190844?year=2018&price_id=23660418
[2026-03-16 12:53:56]  [1105/3172] [!] 데이터 없음: https://www.vivino.com/en/olivier-pithon-mon-p-tit-pithon-rouge/w/1682546?year=2023&price_id=38520538
[2026-03-16 12:53:56]  [1106/3172] [!] 데이터 없음: https://www.vivino.com/en/quebrada-de-macul-alba-de-domus/w/1105375?year=2008&price_id=9468632
[2026-03-16 12:53:57]  [1107/3172] [!] 데이터 없음: https://www.vivino.com/en/domaine-boris-champy-petit-aigle-savigny-les-beaune-savigny-les-beaune/w/9925007?year=2021&price_id=37843734
[2026-03-16 12:53:57] --- 중간 저장: 누적 821건 ---
[2026-03-16 12:54:07]  [1112/3172] [!] 데이터 없음: https://www.vivino.com/en/bret-brothers-climat-en-carementrant-pouilly-fuisse/w/1205133?year=2023&price_id=38416424
[2026-03-16 12:54:07]  [1114/3172] [!] 데이터 없음: https://www.vivino.com/en/chateau-leoville-las-cases-saint-julien-grand-cru-classe/w/81848?year=1989&price_id=1713307
[2026-03-16 12:54:07]  [1111/3172] [!] 데이터 없음: https://www.vivino.com/en/kaiken-cabernet-sauvignon-reserva/w/71444?year=2005&price_id=2895204
[2026-03-16 12:54:07]  [1113/3172] [!] 데이터 없음: https://www.vivino.com/en/terra-andina-carmenere-reserva/w/1136554?year=2008&price_id=2894951
[2026-03-16 12:54:07]  [1115/3172] [!] 데이터 없음: https://www.vivino.com/en/schloss-gobelsburg-langenlois-gruner-veltliner/w/5941966?year=2016&price_id=17970315
[2026-03-16 12:54:07]  [1116/3172] [!] 데이터 없음: https://www.vivino.com/en/st-michael-eppan-sanct-valentin-chardonnay/w/2398590?year=2016&price_id=36485667
[2026-03-16 12:54:07]  [1117/3172] [!] 데이터 없음: https://www.vivino.com/en/mitolo-g-a-m-shiraz/w/79010?year=2005&price_id=2754366
[2026-03-16 12:54:07]  [1118/3172] [!] 데이터 없음: https://www.vivino.com/en/montes-classic-series-reserva-sauvignon-blanc-central-valley/w/12618329?year=2008&price_id=14650541
[2026-03-16 12:54:07]  [1119/3172] [!] 데이터 없음: https://www.vivino.com/en/baron-philippe-de-rothschild-sa-baronesa-p/w/8717238?year=2018&price_id=28635608
[2026-03-16 12:54:07]  [1120/3172] [!] 데이터 없음: https://www.vivino.com/en/franz-hirtzberger-honivogl-gruner-veltliner-smaragd/w/2024734?year=2024&price_id=39191451
[2026-03-16 12:54:07]  [1121/3172] [!] 데이터 없음: https://www.vivino.com/en/tommasi-lugana/w/1588919?year=2005&price_id=14540450
[2026-03-16 12:54:07]  [1122/3172] [!] 데이터 없음: https://www.vivino.com/en/solar-de-urbezo-chardonnay/w/1192332?year=2018&price_id=34860507
[2026-03-16 12:54:07]  [1125/3172] [!] 데이터 없음: https://www.vivino.com/en/franz-hirtzberger-rotes-tor-gruner-veltliner-federspiel/w/1153715?year=2024&price_id=39191448
[2026-03-16 12:54:07]  [1123/3172] [!] 데이터 없음: https://www.vivino.com/en/saltram-maker-s-table-shiraz/w/1577532?year=2006&price_id=2895226
[2026-03-16 12:54:08]  [1124/3172] [!] 데이터 없음: https://www.vivino.com/en/planeta-dorilli-cerasuolo-di-vittoria-classico/w/1483173?year=2017&price_id=36738529
[2026-03-16 12:54:08]  [1126/3172] [!] 데이터 없음: https://www.vivino.com/en/kumeu-river-winery-kumeu-cremant/w/5479877?price_id=23422975
[2026-03-16 12:54:08]  [1128/3172] [!] 데이터 없음: https://www.vivino.com/en/tinazzi-tenuta-valleselle-introl-della-torre-merlot/w/1138396?year=2006&price_id=2804934
[2026-03-16 12:54:08]  [1130/3172] [!] 데이터 없음: https://www.vivino.com/en/hogue-genesis-cabernet-sauvignon/w/1294058?year=2002&price_id=2895039
[2026-03-16 12:54:08]  [1129/3172] [!] 데이터 없음: https://www.vivino.com/en/jaufrette-gigondas/w/2206397?year=2013&price_id=40508796
[2026-03-16 12:54:08]  [1127/3172] [!] 데이터 없음: https://www.vivino.com/en/ruinart-brut-rose-champagne/w/1148298?price_id=13687715
[2026-03-16 12:54:08]  [1131/3172] [!] 데이터 없음: https://www.vivino.com/en/zuccardi-q-cabernet-sauvignon/w/19427?year=2006&price_id=14650505
[2026-03-16 12:54:08]  [1133/3172] [!] 데이터 없음: https://www.vivino.com/en/robert-denogent-vieilles-vignes-saint-veran-les-pommards/w/1167288?year=2022&price_id=39117952
[2026-03-16 12:54:08]  [1132/3172] [!] 데이터 없음: https://www.vivino.com/en/louis-roederer-brut-premier-champagne/w/74298?price_id=275458
[2026-03-16 12:54:08]  [1134/3172] [!] 데이터 없음: https://www.vivino.com/en/wente-family-vineyards-wetmore-vineyard-cabernet-sauvignon/w/1732398?year=2004&price_id=2804802
[2026-03-16 12:54:08]  [1135/3172] [!] 데이터 없음: https://www.vivino.com/en/schmitt-sohne-gmbh-weinkellerei-riesling-kabinett/w/1536783?year=2005&price_id=14550298
[2026-03-16 12:54:08]  [1139/3172] [!] 데이터 없음: https://www.vivino.com/en/tramier-l-and-fils-le-petit-panier-merlot/w/2155880?year=2017&price_id=21508221
[2026-03-16 12:54:08]  [1136/3172] [!] 데이터 없음: https://www.vivino.com/en/planeta-sito-dell-ulmo-merlot/w/1904616?year=2002&price_id=14541551
[2026-03-16 12:54:08]  [1137/3172] [!] 데이터 없음: https://www.vivino.com/en/craggy-range-chardonnay-gimblett-gravels-vineyard/w/87013?year=2024&price_id=40802955
[2026-03-16 12:54:08]  [1138/3172] [!] 데이터 없음: https://www.vivino.com/en/weingut-josef-pockl-zweigelt-classique/w/1206518?year=2018&price_id=37843764
[2026-03-16 12:54:08]  [1140/3172] [!] 데이터 없음: https://www.vivino.com/en/hugo-casanova-linaje-cabernet-sauvignon/w/1212851?year=2007&price_id=2873672
[2026-03-16 12:54:09] --- 중간 저장: 누적 821건 ---
[2026-03-16 12:54:17]  [1142/3172] [!] 데이터 없음: https://www.vivino.com/en/house-of-arras-brut-elite/w/1622543?price_id=27312447
[2026-03-16 12:54:18]  [1141/3172] [!] 데이터 없음: https://www.vivino.com/en/yangarra-estate-vineyard-gsm/w/2843811?year=2016&price_id=33897612
[2026-03-16 12:54:18]  [1143/3172] [!] 데이터 없음: https://www.vivino.com/en/felton-road-calvert-pinot-noir/w/88319?year=2023&price_id=37530269
[2026-03-16 12:54:18]  [1144/3172] [!] 데이터 없음: https://www.vivino.com/en/bellene-nuits-saint-georges-premier-cru-aux-chaignots/w/3521429?year=2019&price_id=33035167
[2026-03-16 12:54:18]  [1148/3172] [!] 데이터 없음: https://www.vivino.com/en/moric-lutzmannsburg-alte-reben-blaufrankisch/w/1126419?year=2022&price_id=38650473
[2026-03-16 12:54:18]  [1146/3172] [!] 데이터 없음: https://www.vivino.com/en/pierre-amadieu-cotes-du-rhone-roulepierre-rouge/w/1675000?year=2018&price_id=21280992
[2026-03-16 12:54:18]  [1147/3172] [!] 데이터 없음: https://www.vivino.com/en/chateau-patache-daux-les-chevaux-de-patache-d-aux/w/4502674?year=2004&price_id=14550149
[2026-03-16 12:54:18]  [1145/3172] [!] 데이터 없음: https://www.vivino.com/en/armand-de-brignac-brut-gold-champagne/w/2240674?price_id=31325303
[2026-03-16 12:54:18]  [1149/3172] [!] 데이터 없음: https://www.vivino.com/en/tatiarra-trademark-shiraz/w/1178265?year=2018&price_id=30326250
[2026-03-16 12:54:18]  [1150/3172] [!] 데이터 없음: https://www.vivino.com/en/moritz-kissinger-null-ohm-weiss/w/10569502?year=2023&price_id=37844070
[2026-03-16 12:54:18]  [1151/3172] [!] 데이터 없음: https://www.vivino.com/en/domaine-a-f-gros-vosne-romanee-aux-reas/w/1447844?year=2022&price_id=37843828
[2026-03-16 12:54:18]  [1152/3172] [!] 데이터 없음: https://www.vivino.com/en/jean-marc-brocard-chablis-sainte-claire-vieilles-vignes/w/1374713?year=2013&price_id=7944083
[2026-03-16 12:54:18]  [1153/3172] [!] 데이터 없음: https://www.vivino.com/en/bests-pinot-noir/w/1650479?year=2004&price_id=2895057
[2026-03-16 12:54:18]  [1154/3172] [!] 데이터 없음: https://www.vivino.com/en/it-le-coste-bianchetto/w/2269298?year=2023&price_id=40262323
[2026-03-16 12:54:18]  [1156/3172] [!] 데이터 없음: https://www.vivino.com/en/bests-bin-no-1-shiraz/w/96183?year=2012&price_id=21678405
[2026-03-16 12:54:18]  [1159/3172] [!] 데이터 없음: https://www.vivino.com/en/cloudy-bay-chardonnay/w/18979?year=2006&price_id=2754487
[2026-03-16 12:54:19]  [1162/3172] [!] 데이터 없음: https://www.vivino.com/en/balbas-reserva/w/1164713?year=2001&price_id=16245126
[2026-03-16 12:54:19]  [1163/3172] [!] 데이터 없음: https://www.vivino.com/en/robert-mondavi-winery-cabernet-sauvignon/w/2425?year=2018&price_id=25051514
[2026-03-16 12:54:19]  [1155/3172] [!] 데이터 없음: https://www.vivino.com/en/mount-edward-muirkirk-vineyard-pinot-noir/w/3285599?year=2021&price_id=37845097
[2026-03-16 12:54:19]  [1157/3172] [!] 데이터 없음: https://www.vivino.com/en/weingut-richard-ostreicher-rosen-spatburgunder/w/9402705?year=2020&price_id=40838508
[2026-03-16 12:54:19]  [1158/3172] [!] 데이터 없음: https://www.vivino.com/en/cantine-di-marco-salento-primitivo/w/1144882?year=2015&price_id=14549865
[2026-03-16 12:54:19]  [1160/3172] [!] 데이터 없음: https://www.vivino.com/en/azienda-agricola-conterno-fantino-nebbiolo-langhe-ginestrino/w/16644?year=2022&price_id=37845839
[2026-03-16 12:54:19]  [1161/3172] [!] 데이터 없음: https://www.vivino.com/en/groth-cabernet-sauvignon/w/10004?year=2016&price_id=25002079
[2026-03-16 12:54:19]  [1164/3172] [!] 데이터 없음: https://www.vivino.com/en/peter-skoff-sauvignon-blanc-klassik-sudsteiermark/w/3143624?year=2009&price_id=14549867
[2026-03-16 12:54:19]  [1165/3172] [!] 데이터 없음: https://www.vivino.com/en/domaine-vacheron-sancerre-chambrates/w/2395499?year=2023&price_id=39001872
[2026-03-16 12:54:19]  [1166/3172] [!] 데이터 없음: https://www.vivino.com/en/casale-del-giglio-anthium-bellone-lazio-white-wine/w/4424541?year=2018&price_id=21280993
[2026-03-16 12:54:19]  [1167/3172] [!] 데이터 없음: https://www.vivino.com/en/bests-bin-no-1-shiraz/w/96183?year=2004&price_id=8995949
[2026-03-16 12:54:19]  [1168/3172] [!] 데이터 없음: https://www.vivino.com/en/domaine-tortochot-charmes-chambertin-grand-cru/w/2078334?year=2022&price_id=37062883
[2026-03-16 12:54:19]  [1169/3172] [!] 데이터 없음: https://www.vivino.com/en/michele-chiarlo-barolo-barolo-red-wine-v-87i4n/w/4331612?year=2001&price_id=37027309
[2026-03-16 12:54:19]  [1170/3172] [!] 데이터 없음: https://www.vivino.com/en/ornellaia-le-serre-nuove/w/22448?year=2019&price_id=36485655
[2026-03-16 12:54:20] --- 중간 저장: 누적 821건 ---
[2026-03-16 12:54:29]  [1171/3172] [!] 데이터 없음: https://www.vivino.com/en/lunae-liguria-horae-liguria-di-levante/w/1617420?year=2014&price_id=36485485
[2026-03-16 12:54:29]  [1174/3172] [!] 데이터 없음: https://www.vivino.com/en/la-felce-monte-dei-frati/w/1633949?year=2019&price_id=23002949
[2026-03-16 12:54:29]  [1173/3172] [!] 데이터 없음: https://www.vivino.com/en/man-o-war-kulta-totto/w/7373509?year=2019&price_id=36998459
[2026-03-16 12:54:30]  [1172/3172] [!] 데이터 없음: https://www.vivino.com/en/joh-jos-prum-graacher-himmelreich-riesling-auslese/w/68354?year=2021&price_id=37843985
[2026-03-16 12:54:30]  [1179/3172] [!] 데이터 없음: https://www.vivino.com/en/hans-herzog-hans-family-estate-riesling/w/1677842?year=2018&price_id=32855504
[2026-03-16 12:54:30]  [1175/3172] [!] 데이터 없음: https://www.vivino.com/en/kopke-l-b-v-port/w/76373?year=2020&price_id=39162786
[2026-03-16 12:54:30]  [1176/3172] [!] 데이터 없음: https://www.vivino.com/en/obikwa-merlot/w/1188280?year=2005&price_id=2895086
[2026-03-16 12:54:30]  [1184/3172] [!] 데이터 없음: https://www.vivino.com/en/donnhoff-grauburgunder-trocken/w/1155959?year=2022&price_id=40825892
[2026-03-16 12:54:31]  [1185/3172] [!] 데이터 없음: https://www.vivino.com/en/bonneau-du-martray-corton-charlemagne-grand-cru/w/82779?year=2022&price_id=40400889
[2026-03-16 12:54:31]  [1177/3172] [!] 데이터 없음: https://www.vivino.com/en/colinas-beiras-reserva-espumante-brut/w/1244642?year=2009&price_id=17609962
[2026-03-16 12:54:31]  [1178/3172] [!] 데이터 없음: https://www.vivino.com/en/penfolds-koonunga-hill-shiraz-cabernet/w/1306?year=2018&price_id=26456007
[2026-03-16 12:54:31]  [1180/3172] [!] 데이터 없음: https://www.vivino.com/en/nederburg-estate-cabernet-sauvignon-paarl-red-wine-v-wzjjz/w/4295461?year=2002&price_id=25895286
[2026-03-16 12:54:31]  [1181/3172] [!] 데이터 없음: https://www.vivino.com/en/chateau-mercier-cuvee-prestige-cotes-de-bourg/w/1492600?year=2012&price_id=14650432
[2026-03-16 12:54:31]  [1182/3172] [!] 데이터 없음: https://www.vivino.com/en/banfi-poggio-all-oro-brunello-di-montalcino-riserva/w/1165001?year=2013&price_id=36736917
[2026-03-16 12:54:31]  [1186/3172] [!] 데이터 없음: https://www.vivino.com/en/domaine-marc-morey-fils-chassagne-montrachet-1er-cru-les-chenevottes/w/1198645?year=2023&price_id=39191440
[2026-03-16 12:54:31]  [1187/3172] [!] 데이터 없음: https://www.vivino.com/en/tenuta-san-guido-le-difese/w/5076?year=2022&price_id=37843826
[2026-03-16 12:54:31]  [1197/3172] [!] 데이터 없음: https://www.vivino.com/en/kolonne-null-riesling/w/7528323?year=2024&price_id=39830175
[2026-03-16 12:54:32]  [1189/3172] [!] 데이터 없음: https://www.vivino.com/en/cascina-degli-ulivi-gavi/w/1147765?year=2006&price_id=2895060
[2026-03-16 12:54:32]  [1183/3172] [!] 데이터 없음: https://www.vivino.com/en/jermann-pignacolusse-rosso/w/79514?year=2013&price_id=36485633
[2026-03-16 12:54:32]  [1194/3172] [!] 데이터 없음: https://www.vivino.com/en/terenzi-bramaluce-toscana-rosso/w/1757216?year=2023&price_id=39872267
[2026-03-16 12:54:32]  [1192/3172] [!] 데이터 없음: https://www.vivino.com/en/sartarelli-balciana/w/85568?year=2019&price_id=36485644
[2026-03-16 12:54:32]  [1198/3172] [!] 데이터 없음: https://www.vivino.com/en/invivo-sauvignon-blanc/w/1219785?year=2020&price_id=26456003
[2026-03-16 12:54:32]  [1191/3172] [!] 데이터 없음: https://www.vivino.com/en/parker-coonawarra-estate-terra-rossa-cabernet-sauvignon/w/1427400?year=2003&price_id=2894920
[2026-03-16 12:54:32]  [1188/3172] [!] 데이터 없음: https://www.vivino.com/en/elk-cove-estate-pinot-noir/w/1751367?year=2007&price_id=14650392
[2026-03-16 12:54:32]  [1193/3172] [!] 데이터 없음: https://www.vivino.com/en/antinori-tuscany-castello-della-sala-muffato-della-sala/w/1690?year=2014&price_id=36485647
[2026-03-16 12:54:33]  [1190/3172] [!] 데이터 없음: https://www.vivino.com/en/planeta-la-segreta-il-bianco/w/4991?year=2003&price_id=14539463
[2026-03-16 12:54:33]  [1199/3172] [!] 데이터 없음: https://www.vivino.com/en/cave-de-turckheim-riesling-alsace/w/1207214?year=2001&price_id=14541924
[2026-03-16 12:54:33]  [1196/3172] [!] 데이터 없음: https://www.vivino.com/en/f-x-pichler-loibner-gruner-veltliner/w/9803000?year=2023&price_id=37843675
[2026-03-16 12:54:33]  [1195/3172] [!] 데이터 없음: https://www.vivino.com/en/bernard-latour-cotes-du-rhone-blanc/w/5760397?year=2022&price_id=35442865
[2026-03-16 12:54:33]  [1200/3172] [!] 데이터 없음: https://www.vivino.com/en/ruffino-modus-toscana/w/2183?year=2000&price_id=2895182
[2026-03-16 12:54:33] --- 중간 저장: 누적 821건 ---
[2026-03-16 12:54:41]  [1201/3172] [!] 데이터 없음: https://www.vivino.com/en/henry-fessy-morgon/w/84047?year=2008&price_id=14650523
[2026-03-16 12:54:41]  [1202/3172] [!] 데이터 없음: https://www.vivino.com/en/azienda-agricola-conterno-fantino-barolo-ginestra-vigna-del-gris/w/16639?year=2020&price_id=37845844
[2026-03-16 12:54:42]  [1203/3172] [!] 데이터 없음: https://www.vivino.com/en/schloss-lieser-sl-riesling-feinherb/w/1207305?year=2014&price_id=23168854
[2026-03-16 12:54:42]  [1204/3172] [!] 데이터 없음: https://www.vivino.com/en/badia-a-coltibuono-cancelli-rosso/w/1149559?year=2006&price_id=2873750
[2026-03-16 12:54:42]  [1205/3172] [!] 데이터 없음: https://www.vivino.com/en/pegasus-bay-winery-chardonnay/w/16116?year=2022&price_id=39388058
[2026-03-16 12:54:42]  [1206/3172] [!] 데이터 없음: https://www.vivino.com/en/fr-chateau-latour-les-forts-de-latour-pauillac/w/1168676?year=2015&price_id=37843945
[2026-03-16 12:54:42]  [1207/3172] [!] 데이터 없음: https://www.vivino.com/en/de-faveri-valdobbiadene-prosecco-superiore-selezione-brut/w/1727631?year=2019&price_id=36736885
[2026-03-16 12:54:42]  [1208/3172] [!] 데이터 없음: https://www.vivino.com/en/glaetzer-amon-ra-shiraz/w/1160689?year=2005&price_id=2754232
[2026-03-16 12:54:42]  [1209/3172] [!] 데이터 없음: https://www.vivino.com/en/amistat-rouge/w/1437384?year=2015&price_id=18803725
[2026-03-16 12:54:42]  [1211/3172] [!] 데이터 없음: https://www.vivino.com/en/domaine-leflaive-puligny-montrachet/w/84918?year=2023&price_id=41121103
[2026-03-16 12:54:42]  [1210/3172] [!] 데이터 없음: https://www.vivino.com/en/st-michael-eppan-blauburgunder-pinot-nero/w/1517896?year=2018&price_id=28232814
[2026-03-16 12:54:42]  [1212/3172] [!] 데이터 없음: https://www.vivino.com/en/domaine-gros-frere-et-soeur-bourgogne-rouge/w/1408207?year=2023&price_id=40825902
[2026-03-16 12:54:42]  [1213/3172] [!] 데이터 없음: https://www.vivino.com/en/hafner-weiber-burgunder/w/1581266?year=2004&price_id=2895218
[2026-03-16 12:54:42]  [1214/3172] [!] 데이터 없음: https://www.vivino.com/en/chateau-patache-daux-medoc/w/1953295?year=1994&price_id=7953589
[2026-03-16 12:54:42]  [1222/3172] [!] 데이터 없음: https://www.vivino.com/en/destiny-bay-vineyards-magna-praemia/w/1601698?year=2016&price_id=35631005
[2026-03-16 12:54:42]  [1215/3172] [!] 데이터 없음: https://www.vivino.com/en/donnhoff-hermannshohle-riesling-gg/w/1214613?year=2024&price_id=40825891
[2026-03-16 12:54:42]  [1216/3172] [!] 데이터 없음: https://www.vivino.com/en/seghesio-winery-cortina-zinfandel/w/6367?year=2003&price_id=2895036
[2026-03-16 12:54:42]  [1217/3172] [!] 데이터 없음: https://www.vivino.com/en/tabali-pedregoso-gran-reserva-sauvignon-blanc/w/5087741?year=2017&price_id=16730105
[2026-03-16 12:54:42]  [1218/3172] [!] 데이터 없음: https://www.vivino.com/en/rh-phillips-cabernet-sauvignon/w/1133080?year=2001&price_id=14550254
[2026-03-16 12:54:42]  [1219/3172] [!] 데이터 없음: https://www.vivino.com/en/chateau-cantenac-brown-margaux-grand-cru-classe/w/81864?year=2010&price_id=37843737
[2026-03-16 12:54:42]  [1220/3172] [!] 데이터 없음: https://www.vivino.com/en/st-michael-eppan-weissburgunder-pinot-bianco/w/10084?year=2017&price_id=36485680
[2026-03-16 12:54:43]  [1221/3172] [!] 데이터 없음: https://www.vivino.com/en/gallo-family-vineyards-chardonnay/w/38484?year=2000&price_id=2873823
[2026-03-16 12:54:43]  [1223/3172] [!] 데이터 없음: https://www.vivino.com/en/royal-oporto-ruby-port/w/2647641?price_id=10734093
[2026-03-16 12:54:43]  [1224/3172] [!] 데이터 없음: https://www.vivino.com/en/pegasus-bay-winery-gewurztraminer/w/5148442?year=2025&price_id=39913978
[2026-03-16 12:54:43]  [1225/3172] [!] 데이터 없음: https://www.vivino.com/en/ayala-brut-majeur-champagne/w/12318?price_id=21996513
[2026-03-16 12:54:43]  [1226/3172] [!] 데이터 없음: https://www.vivino.com/en/de-faveri-rose-extra-dry/w/2624267?price_id=15297580
[2026-03-16 12:54:43]  [1227/3172] [!] 데이터 없음: https://www.vivino.com/en/joh-jos-prum-graacher-himmelreich-riesling-spatlese/w/1480361?year=2005&price_id=14549873
[2026-03-16 12:54:43]  [1228/3172] [!] 데이터 없음: https://www.vivino.com/en/erwin-tinhof-leithaberg-blaufrankisch/w/1503392?year=2009&price_id=37843868
[2026-03-16 12:54:43]  [1229/3172] [!] 데이터 없음: https://www.vivino.com/en/domaine-boris-champy-altitude-bourgogne-hautes-cotes-de-beaune/w/8902857?year=2020&price_id=37843810
[2026-03-16 12:54:43]  [1230/3172] [!] 데이터 없음: https://www.vivino.com/en/peter-lehmann-weighbridge-shiraz/w/2104?year=2005&price_id=2895141
[2026-03-16 12:54:43] --- 중간 저장: 누적 821건 ---
[2026-03-16 12:54:53]  [1234/3172] [!] 데이터 없음: https://www.vivino.com/en/donnhoff-weissburgunder-s/w/1155962?year=2022&price_id=37843576
[2026-03-16 12:54:53]  [1231/3172] [!] 데이터 없음: https://www.vivino.com/en/clearview-estate-endeavour-hawke-s-bay-chardonnay/w/1401141?year=2019&price_id=37256817
[2026-03-16 12:54:53]  [1232/3172] [!] 데이터 없음: https://www.vivino.com/en/champagne-paul-bara-grand-rose-brut-champagne-grand-cru-bouzy/w/1540816?price_id=20769947
[2026-03-16 12:54:53]  [1233/3172] [!] 데이터 없음: https://www.vivino.com/en/masciarelli-abruzzo-montepulciano-d-abruzzo/w/93061?year=2021&price_id=38546952
[2026-03-16 12:54:53]  [1235/3172] [!] 데이터 없음: https://www.vivino.com/en/es-finca-constancia-altozano-tempranillo/w/1706171?year=2005&price_id=2894935
[2026-03-16 12:54:53]  [1236/3172] [!] 데이터 없음: https://www.vivino.com/en/valli-bannockburn-vineyard-pinot-noir/w/86089?year=2017&price_id=17561944
[2026-03-16 12:54:53]  [1237/3172] [!] 데이터 없음: https://www.vivino.com/en/marchese-delle-saline-tiade-etna-rosso/w/6492036?year=2017&price_id=36485653
[2026-03-16 12:54:53]  [1238/3172] [!] 데이터 없음: https://www.vivino.com/en/burn-cottage-burn-cottage-vineyard-pinot-noir/w/1759418?year=2021&price_id=38032863
[2026-03-16 12:54:53]  [1239/3172] [!] 데이터 없음: https://www.vivino.com/en/chateau-des-laurets-puisseguin-saint-emilion/w/1137096?year=2011&price_id=15198814
[2026-03-16 12:54:53]  [1240/3172] [!] 데이터 없음: https://www.vivino.com/en/il-carmel-old-vines-carignan-bshrn-mshm-vld-vynh-hsdrh-hzvryt/w/1117544?year=2009&price_id=14650499
[2026-03-16 12:54:53]  [1241/3172] [!] 데이터 없음: https://www.vivino.com/en/montes-classic-series-reserva-merlot-central-valley/w/1268490?year=2008&price_id=14650409
[2026-03-16 12:54:53]  [1242/3172] [!] 데이터 없음: https://www.vivino.com/en/destiny-bay-vineyards-mystae/w/1395058?year=2008&price_id=3604871
[2026-03-16 12:54:53]  [1244/3172] [!] 데이터 없음: https://www.vivino.com/en/chateau-l-eglise-clinet-pomerol/w/1099373?year=2012&price_id=799252
[2026-03-16 12:54:53]  [1243/3172] [!] 데이터 없음: https://www.vivino.com/en/ruffino-romitorio-di-santedame-toscana/w/1168441?year=2000&price_id=2805029
[2026-03-16 12:54:53]  [1247/3172] [!] 데이터 없음: https://www.vivino.com/en/daniel-alibrand-sauternes/w/1255726?year=2010&price_id=28072564
[2026-03-16 12:54:53]  [1249/3172] [!] 데이터 없음: https://www.vivino.com/en/grohl-grauer-burgunder-trocken/w/2446858?year=2024&price_id=40057900
[2026-03-16 12:54:54]  [1245/3172] [!] 데이터 없음: https://www.vivino.com/en/powers-winery-malbec/w/1216168?year=2009&price_id=2895151
[2026-03-16 12:54:54]  [1246/3172] [!] 데이터 없음: https://www.vivino.com/en/tenuta-romana-soliditas/w/4110998?year=2023&price_id=40949385
[2026-03-16 12:54:54]  [1248/3172] [!] 데이터 없음: https://www.vivino.com/en/cycles-gladiator-merlot-central-coast/w/3220019?year=2005&price_id=14650397
[2026-03-16 12:54:54]  [1258/3172] [!] 데이터 없음: https://www.vivino.com/en/tramier-l-and-fils-le-petit-panier-pinot-noir/w/2163096?year=2012&price_id=7943991
[2026-03-16 12:54:54]  [1250/3172] [!] 데이터 없음: https://www.vivino.com/en/argiano-solengo/w/2887?year=2019&price_id=38848569
[2026-03-16 12:54:54]  [1251/3172] [!] 데이터 없음: https://www.vivino.com/en/fr-chateau-latour-grand-vin-pauillac-premier-grand-cru-classe/w/1655970?year=1995&price_id=4040053
[2026-03-16 12:54:54]  [1252/3172] [!] 데이터 없음: https://www.vivino.com/en/carrick-wines-sauvignon-blanc/w/95046?year=2023&price_id=38032875
[2026-03-16 12:54:54]  [1253/3172] [!] 데이터 없음: https://www.vivino.com/en/chateau-marquis-de-terme-margaux-grand-cru-classe/w/79272?year=1982&price_id=38161867
[2026-03-16 12:54:54]  [1254/3172] [!] 데이터 없음: https://www.vivino.com/en/kessler-zink-riesling-kabinett/w/3172902?year=2018&price_id=23130037
[2026-03-16 12:54:54]  [1255/3172] [!] 데이터 없음: https://www.vivino.com/en/weingut-hiedler-maximum-gruner-veltliner/w/1203167?year=2007&price_id=2894903
[2026-03-16 12:54:54]  [1256/3172] [!] 데이터 없음: https://www.vivino.com/en/drei-dono-graf-noir/w/88392?year=2005&price_id=20543730
[2026-03-16 12:54:54]  [1257/3172] [!] 데이터 없음: https://www.vivino.com/en/montes-classic-series-reserva-cabernet-sauvignon-colchagua-valley/w/71374?year=2008&price_id=2895199
[2026-03-16 12:54:54]  [1259/3172] [!] 데이터 없음: https://www.vivino.com/en/barefoot-white-zinfandel/w/1132893?price_id=40818332
[2026-03-16 12:54:54]  [1260/3172] [!] 데이터 없음: https://www.vivino.com/en/clos-bellane-cotes-du-rhone-villages-valreas-rouge/w/1475993?year=2023&price_id=40577444
[2026-03-16 12:54:55] --- 중간 저장: 누적 821건 ---
[2026-03-16 12:55:04]  [1261/3172] [!] 데이터 없음: https://www.vivino.com/en/tony-bish-golden-egg-chardonnay/w/4530128?year=2024&price_id=39388061
[2026-03-16 12:55:04]  [1262/3172] [!] 데이터 없음: https://www.vivino.com/en/becker-landgraf-j2-grauer-burgunder/w/1742401?year=2024&price_id=39108207
[2026-03-16 12:55:04]  [1264/3172] [!] 데이터 없음: https://www.vivino.com/en/veyder-malberg-elsarner-ried-brandstatt-riesling/w/4335665?year=2020&price_id=37843617
[2026-03-16 12:55:04]  [1265/3172] [!] 데이터 없음: https://www.vivino.com/en/francis-ford-coppola-winery-director-s-cut-cabernet-sauvignon/w/6277?year=2019&price_id=33920011
[2026-03-16 12:55:04]  [1267/3172] [!] 데이터 없음: https://www.vivino.com/en/dulong-bordeaux-bordeaux/w/1534577?year=2003&price_id=16860346
[2026-03-16 12:55:04]  [1263/3172] [!] 데이터 없음: https://www.vivino.com/en/banrock-station-moscato/w/84331?year=2019&price_id=24559051
[2026-03-16 12:55:04]  [1266/3172] [!] 데이터 없음: https://www.vivino.com/en/mas-de-daumas-gassac-frizant-mousseux-rose/w/11082?year=2022&price_id=37844094
[2026-03-16 12:55:04]  [1268/3172] [!] 데이터 없음: https://www.vivino.com/en/dunleavy-the-grafter-single-vineyard-syrah/w/2040105?year=2021&price_id=32444663
[2026-03-16 12:55:04]  [1269/3172] [!] 데이터 없음: https://www.vivino.com/en/costaripa-mattia-vezzola-brut/w/3429423?price_id=36484492
[2026-03-16 12:55:04]  [1270/3172] [!] 데이터 없음: https://www.vivino.com/en/vinas-del-vero-blecua-somontano/w/1215527?year=2002&price_id=2754677
[2026-03-16 12:55:04]  [1271/3172] [!] 데이터 없음: https://www.vivino.com/en/stigler-baden-pinot-noir-brut/w/1984545?year=2010&price_id=14541526
[2026-03-16 12:55:04]  [1272/3172] [!] 데이터 없음: https://www.vivino.com/en/mitchelton-shiraz/w/1252028?year=2004&price_id=2804725
[2026-03-16 12:55:05]  [1274/3172] [!] 데이터 없음: https://www.vivino.com/en/paraduxx-pintail-blend-napa-valley/w/5339511?year=2022&price_id=39836641
[2026-03-16 12:55:05]  [1273/3172] [!] 데이터 없음: https://www.vivino.com/en/alamos-chardonnay/w/69694?year=2017&price_id=18930004
[2026-03-16 12:55:05]  [1275/3172] [!] 데이터 없음: https://www.vivino.com/en/maculan-dindarello/w/81725?year=2022&price_id=36736889
[2026-03-16 12:55:05]  [1276/3172] [!] 데이터 없음: https://www.vivino.com/en/shaw-smith-sauvignon-blanc/w/31554?year=2007&price_id=2754167
[2026-03-16 12:55:05]  [1277/3172] [!] 데이터 없음: https://www.vivino.com/en/petit-le-brun-brut-champagne-grand-cru-avize-champagne-grand-cru-avize/w/2525330?price_id=33741513
[2026-03-16 12:55:05]  [1278/3172] [!] 데이터 없음: https://www.vivino.com/en/yangarra-estate-vineyard-pf-shiraz/w/4588622?year=2019&price_id=25740255
[2026-03-16 12:55:05]  [1279/3172] [!] 데이터 없음: https://www.vivino.com/en/woodbridge-by-robert-mondavi-sweet-white/w/1376453?year=1999&price_id=25051530
[2026-03-16 12:55:05]  [1281/3172] [!] 데이터 없음: https://www.vivino.com/en/ausone-saint-emilion-grand-cru-premier-grand-cru-classe/w/1152417?year=2015&price_id=15443989
[2026-03-16 12:55:05]  [1282/3172] [!] 데이터 없음: https://www.vivino.com/en/hans-herzog-hans-family-estate-montepulciano/w/1870600?year=2020&price_id=40663813
[2026-03-16 12:55:05]  [1280/3172] [!] 데이터 없음: https://www.vivino.com/en/ramos-pinto-tawny-port/w/13296?price_id=27993881
[2026-03-16 12:55:05]  [1283/3172] [!] 데이터 없음: https://www.vivino.com/en/domaine-a-f-gros-vosne-romanee-les-chalandins/w/7130066?year=2020&price_id=37843590
[2026-03-16 12:55:05]  [1284/3172] [!] 데이터 없음: https://www.vivino.com/en/domaine-anne-et-herve-sigaut-chambolle-musigny/w/1155116?year=2021&price_id=33689880
[2026-03-16 12:55:05]  [1285/3172] [!] 데이터 없음: https://www.vivino.com/en/renacer-punto-final-cabernet-sauvignon/w/2230823?year=2011&price_id=2895255
[2026-03-16 12:55:06]  [1286/3172] [!] 데이터 없음: https://www.vivino.com/en/fr-chateau-des-fines-roches-chateauneuf-du-pape-blanc/w/1168895?year=2022&price_id=33696574
[2026-03-16 12:55:06]  [1287/3172] [!] 데이터 없음: https://www.vivino.com/en/a-et-p-de-villaine-rully-1er-cru-cloux/w/9544849?year=2020&price_id=37843658
[2026-03-16 12:55:06]  [1290/3172] [!] 데이터 없음: https://www.vivino.com/en/trinity-hill-the-gimblett/w/17608?year=2021&price_id=31315723
[2026-03-16 12:55:06]  [1288/3172] [!] 데이터 없음: https://www.vivino.com/en/heartland-wines-pty-ltd-shiraz/w/2046?year=2005&price_id=14539592
[2026-03-16 12:55:06]  [1289/3172] [!] 데이터 없음: https://www.vivino.com/en/domaine-a-f-gros-richebourg-grand-cru/w/1100248?year=2021&price_id=37844032
[2026-03-16 12:55:06] --- 중간 저장: 누적 821건 ---
[2026-03-16 12:55:15]  [1291/3172] [!] 데이터 없음: https://www.vivino.com/en/william-fevre-chablis-sea-limited-edition-chablis/w/9024084?year=2018&price_id=23300330
[2026-03-16 12:55:15]  [1292/3172] [!] 데이터 없음: https://www.vivino.com/en/alpha-crucis-cabernet-sauvignon/w/1982604?year=2008&price_id=2894995
[2026-03-16 12:55:15]  [1293/3172] [!] 데이터 없음: https://www.vivino.com/en/frenchmans-hill-blood-creek/w/3830817?year=2013&price_id=22758786
[2026-03-16 12:55:15]  [1294/3172] [!] 데이터 없음: https://www.vivino.com/en/fr-francois-lurton-les-fumees-blanches/w/13655?year=2025&price_id=41208162
[2026-03-16 12:55:15]  [1295/3172] [!] 데이터 없음: https://www.vivino.com/en/chalk-hill-mclaren-vale-cabernet-sauvignon/w/1118569?year=2011&price_id=2873702
[2026-03-16 12:55:15]  [1296/3172] [!] 데이터 없음: https://www.vivino.com/en/banfi-poggio-alle-mura-brunello-di-montalcino-riserva/w/1654642?year=1999&price_id=2804691
[2026-03-16 12:55:15]  [1297/3172] [!] 데이터 없음: https://www.vivino.com/en/michel-stephane-ogier-le-passage-saint-joseph/w/1623438?year=2010&price_id=7943984
[2026-03-16 12:55:15]  [1298/3172] [!] 데이터 없음: https://www.vivino.com/en/thirteen-th-street-niagara-peninsula-thirteen-below-zero-riesling/w/1439576?year=2010&price_id=14541054
[2026-03-16 12:55:15]  [1299/3172] [!] 데이터 없음: https://www.vivino.com/en/domaine-serene-willamette-valley-select-pinot-noir/w/183?year=2006&price_id=14650540
[2026-03-16 12:55:15]  [1300/3172] [!] 데이터 없음: https://www.vivino.com/en/anakena-winery-birdman-series-cabernet-sauvignon-cachapoal/w/5173122?year=2015&price_id=28552991
[2026-03-16 12:55:15]  [1301/3172] [!] 데이터 없음: https://www.vivino.com/en/chateau-giscours-chateau-giscours-grand-cru-classe/w/13689?year=2008&price_id=37844034
[2026-03-16 12:55:15]  [1302/3172] [!] 데이터 없음: https://www.vivino.com/en/bethany-old-vine-grenache/w/1252550?year=2011&price_id=2754488
[2026-03-16 12:55:15]  [1305/3172] [!] 데이터 없음: https://www.vivino.com/en/domaine-boris-champy-beaune-1er-cru-aux-coucherias/w/8502457?year=2020&price_id=37844056
[2026-03-16 12:55:15]  [1307/3172] [!] 데이터 없음: https://www.vivino.com/en/argyle-reserve-pinot-noir/w/6406?year=2006&price_id=14650500
[2026-03-16 12:55:16]  [1303/3172] [!] 데이터 없음: https://www.vivino.com/en/les-vignerons-de-tavel-cuvee-royale-tavel-rose/w/42294?year=2024&price_id=39258292
[2026-03-16 12:55:16]  [1304/3172] [!] 데이터 없음: https://www.vivino.com/en/roulot-auxey-duresses-premier-cru/w/1231616?year=2014&price_id=39227668
[2026-03-16 12:55:16]  [1306/3172] [!] 데이터 없음: https://www.vivino.com/en/nautilus-estate-cuvee-brut/w/1947124?price_id=5042973
[2026-03-16 12:55:16]  [1308/3172] [!] 데이터 없음: https://www.vivino.com/en/wente-family-vineyards-riverbank-riesling/w/1736524?year=2018&price_id=21678416
[2026-03-16 12:55:16]  [1309/3172] [!] 데이터 없음: https://www.vivino.com/en/domaine-philippe-charlopin-parizot-cuvee-prestige-bourgogne/w/23394?year=2010&price_id=14650455
[2026-03-16 12:55:16]  [1311/3172] [!] 데이터 없음: https://www.vivino.com/en/stag-s-leap-wine-cellars-fay-cabernet-sauvignon/w/1107322?year=2006&price_id=10250499
[2026-03-16 12:55:16]  [1310/3172] [!] 데이터 없음: https://www.vivino.com/en/salentein-portillo-cabernet-sauvignon/w/1149720?year=2005&price_id=2895213
[2026-03-16 12:55:16]  [1312/3172] [!] 데이터 없음: https://www.vivino.com/en/weingut-knoll-ried-kellerberg-durnsteiner-riesling-smaragd/w/1525786?year=2024&price_id=39978503
[2026-03-16 12:55:16]  [1313/3172] [!] 데이터 없음: https://www.vivino.com/en/domaine-weinbach-clos-des-capucins-riesling-alsace-grand-cru-schlossberg/w/13576?year=2019&price_id=38459313
[2026-03-16 12:55:16]  [1314/3172] [!] 데이터 없음: https://www.vivino.com/en/aldo-conterno-bussiador/w/1407984?year=2013&price_id=14541978
[2026-03-16 12:55:16]  [1315/3172] [!] 데이터 없음: https://www.vivino.com/en/chateau-belgrave-haut-medoc-grand-cru-classe-haut-medoc-red-wine/w/1321228?year=2018&price_id=37843902
[2026-03-16 12:55:16]  [1320/3172] [!] 데이터 없음: https://www.vivino.com/en/aldo-rainoldi-sassella-valtellina-superiore/w/1259300?year=2002&price_id=14539416
[2026-03-16 12:55:16]  [1316/3172] [!] 데이터 없음: https://www.vivino.com/en/domaine-marquis-d-angerville-volnay-1er-cru-clos-des-ducs-monopole/w/1595135?year=2019&price_id=37844047
[2026-03-16 12:55:16]  [1317/3172] [!] 데이터 없음: https://www.vivino.com/en/gibbston-valley-school-house-pinot-noir/w/1744450?year=2023&price_id=40673702
[2026-03-16 12:55:16]  [1318/3172] [!] 데이터 없음: https://www.vivino.com/en/chateau-mont-redon-cotes-du-rhone-reserve/w/1879228?year=2023&price_id=40475584
[2026-03-16 12:55:16]  [1319/3172] [!] 데이터 없음: https://www.vivino.com/en/kopke-twenty-years-old-tawny-port-porto/w/1190334?price_id=26436659
[2026-03-16 12:55:17] --- 중간 저장: 누적 821건 ---
[2026-03-16 12:55:25]  [1321/3172] [!] 데이터 없음: https://www.vivino.com/en/trinity-hill-homage-syrah/w/17607?year=2021&price_id=36962089
[2026-03-16 12:55:25]  [1322/3172] [!] 데이터 없음: https://www.vivino.com/en/domaine-du-pelican-loire-valley-savagnin-maceration-pelliculaire/w/8828768?year=2019&price_id=37843574
[2026-03-16 12:55:25]  [1323/3172] [!] 데이터 없음: https://www.vivino.com/en/terra-andina-cabernet-sauvignon-reserva/w/1136551?year=2008&price_id=2754639
[2026-03-16 12:55:25]  [1324/3172] [!] 데이터 없음: https://www.vivino.com/en/renacer-punto-final-malbec-classico/w/86834?year=2011&price_id=2895345
[2026-03-16 12:55:25]  [1325/3172] [!] 데이터 없음: https://www.vivino.com/en/domaine-de-baluce-cuvee-baptiste-beaujolais-blanc/w/7744370?year=2023&price_id=40860400
[2026-03-16 12:55:25]  [1326/3172] [!] 데이터 없음: https://www.vivino.com/en/planeta-la-segreta-il-rosso/w/1298077?year=2003&price_id=2895249
[2026-03-16 12:55:25]  [1327/3172] [!] 데이터 없음: https://www.vivino.com/en/ruffino-la-solatia-chardonnay/w/1499586?year=1998&price_id=2804582
[2026-03-16 12:55:25]  [1328/3172] [!] 데이터 없음: https://www.vivino.com/en/bodegas-muga-reserva/w/1849316?year=2003&price_id=7944140
[2026-03-16 12:55:25]  [1329/3172] [!] 데이터 없음: https://www.vivino.com/en/dievole-petrignano-chianti-classico/w/10952233?year=2021&price_id=39299295
[2026-03-16 12:55:25]  [1330/3172] [!] 데이터 없음: https://www.vivino.com/en/bellene-vosne-romanee-les-quartiers-de-nuits/w/1228386?year=2021&price_id=33731360
[2026-03-16 12:55:25]  [1331/3172] [!] 데이터 없음: https://www.vivino.com/en/gibbston-valley-pinot-noir/w/1142375?year=2004&price_id=2895007
[2026-03-16 12:55:25]  [1332/3172] [!] 데이터 없음: https://www.vivino.com/en/a-et-p-de-villaine-les-montots-mercurey/w/80283?year=2024&price_id=41141490
[2026-03-16 12:55:26]  [1333/3172] [!] 데이터 없음: https://www.vivino.com/en/xanadu-wines-chardonnay/w/1629737?year=2004&price_id=15135160
[2026-03-16 12:55:26]  [1335/3172] [!] 데이터 없음: https://www.vivino.com/en/famille-perrin-gigondas-la-gille/w/1670585?year=2014&price_id=19327051
[2026-03-16 12:55:26]  [1334/3172] [!] 데이터 없음: https://www.vivino.com/en/alessio-dorigo-tazzelenghe/w/96463?year=2001&price_id=14539606
[2026-03-16 12:55:26]  [1336/3172] [!] 데이터 없음: https://www.vivino.com/en/tinel-blondelet-quercus-pouilly-fume/w/1992562?year=2021&price_id=33696582
[2026-03-16 12:55:26]  [1337/3172] [!] 데이터 없음: https://www.vivino.com/en/indomita-reserva-cabernet-sauvignon/w/74064?year=2007&price_id=2804930
[2026-03-16 12:55:26]  [1338/3172] [!] 데이터 없음: https://www.vivino.com/en/bisquertt-la-joya-reserve-sauvignon-blanc/w/1591165?year=2006&price_id=14650491
[2026-03-16 12:55:26]  [1339/3172] [!] 데이터 없음: https://www.vivino.com/en/concannon-vineyard-cabernet-sauvignon-founder-s-paso-robles/w/4254851?year=2003&price_id=15148019
[2026-03-16 12:55:26]  [1340/3172] [!] 데이터 없음: https://www.vivino.com/en/a-et-p-de-villaine-rully-1er-cru-cloux-rouge/w/9544873?year=2020&price_id=37843917
[2026-03-16 12:55:26]  [1341/3172] [!] 데이터 없음: https://www.vivino.com/en/sebestyen-szekszard-nanai-kekfrankos/w/4116568?year=2011&price_id=9233860
[2026-03-16 12:55:26]  [1342/3172] [!] 데이터 없음: https://www.vivino.com/en/blue-nun-gewurztraminer/w/1247743?year=2018&price_id=32072761
[2026-03-16 12:55:26]  [1343/3172] [!] 데이터 없음: https://www.vivino.com/en/fattoria-dei-barbi-toscano-birbone/w/54294?year=2006&price_id=2804846
[2026-03-16 12:55:26]  [1344/3172] [!] 데이터 없음: https://www.vivino.com/en/verum-castilla-la-mancha-la-posada-tempranillo/w/2364691?year=2015&price_id=14650544
[2026-03-16 12:55:26]  [1348/3172] [!] 데이터 없음: https://www.vivino.com/en/de-josef-leitz-blanc-de-noirs-brut/w/1951689?year=2020&price_id=29297146
[2026-03-16 12:55:26]  [1345/3172] [!] 데이터 없음: https://www.vivino.com/en/norman-hardie-riesling/w/2413981?year=2013&price_id=14540841
[2026-03-16 12:55:26]  [1346/3172] [!] 데이터 없음: https://www.vivino.com/en/kaesler-stonehorse-shiraz/w/87516?year=2018&price_id=26456000
[2026-03-16 12:55:26]  [1347/3172] [!] 데이터 없음: https://www.vivino.com/en/chateau-purcari-eighteen-twentyseven-pinot-grigio-de-purcari/w/3142523?year=2014&price_id=10352038
[2026-03-16 12:55:27]  [1349/3172] [!] 데이터 없음: https://www.vivino.com/en/takler-reserve-kekfrankos/w/4500566?year=2012&price_id=12052991
[2026-03-16 12:55:27]  [1350/3172] [!] 데이터 없음: https://www.vivino.com/en/pegasus-bay-winery-pinot-noir/w/16117?year=2022&price_id=37229829
[2026-03-16 12:55:27] --- 중간 저장: 누적 821건 ---
[2026-03-16 12:55:37]  [1351/3172] [!] 데이터 없음: https://www.vivino.com/en/xanadu-wines-djl-sauvignon-blanc-semillon/w/5972771?year=2013&price_id=18418747
[2026-03-16 12:55:37]  [1352/3172] [!] 데이터 없음: https://www.vivino.com/en/bests-chardonnay/w/3053487?year=2001&price_id=2895267
[2026-03-16 12:55:37]  [1353/3172] [!] 데이터 없음: https://www.vivino.com/en/didier-dagueneau-louis-benjamin-dagueneau-blanc-etc-pouilly-fume/w/9895558?year=2020&price_id=35146327
[2026-03-16 12:55:37]  [1354/3172] [!] 데이터 없음: https://www.vivino.com/en/weingut-josef-pockl-solo-rosso/w/1687266?year=2022&price_id=40735235
[2026-03-16 12:55:37]  [1355/3172] [!] 데이터 없음: https://www.vivino.com/en/scea-chateau-la-marzelle-saint-emilion-grand-cru-grand-cru-classe/w/1172667?year=2011&price_id=9353540
[2026-03-16 12:55:37]  [1356/3172] [!] 데이터 없음: https://www.vivino.com/en/telmo-rodriguez-gago-g/w/63084?year=2012&price_id=14650393
[2026-03-16 12:55:37]  [1357/3172] [!] 데이터 없음: https://www.vivino.com/en/te-awanga-estate-quarter-acre-chardonnay/w/3439431?year=2021&price_id=35150960
[2026-03-16 12:55:37]  [1358/3172] [!] 데이터 없음: https://www.vivino.com/en/santa-rita-bougainville-petite-sirah/w/1982106?year=2013&price_id=25002081
[2026-03-16 12:55:37]  [1360/3172] [!] 데이터 없음: https://www.vivino.com/en/domaine-la-croix-de-roche-bordeaux-superieur/w/1406198?year=2020&price_id=35241735
[2026-03-16 12:55:37]  [1361/3172] [!] 데이터 없음: https://www.vivino.com/en/tement-morillon-muschelkalk/w/2371605?year=2023&price_id=39619308
[2026-03-16 12:55:37]  [1362/3172] [!] 데이터 없음: https://www.vivino.com/en/kendall-jackson-vintner-s-reserve-chardonnay/w/2132?year=2008&price_id=3680220
[2026-03-16 12:55:38]  [1359/3172] [!] 데이터 없음: https://www.vivino.com/en/saxenburg-private-collection-sauvignon-blanc/w/1636020?year=2006&price_id=2895358
[2026-03-16 12:55:38]  [1363/3172] [!] 데이터 없음: https://www.vivino.com/en/la-biancara-di-angiolino-maule-pico/w/1313670?year=2019&price_id=40071814
[2026-03-16 12:55:38]  [1365/3172] [!] 데이터 없음: https://www.vivino.com/en/redwood-creek-merlot/w/83724?year=2002&price_id=2895030
[2026-03-16 12:55:38]  [1366/3172] [!] 데이터 없음: https://www.vivino.com/en/pio-cesare-barolo/w/22550?year=2019&price_id=36485475
[2026-03-16 12:55:38]  [1367/3172] [!] 데이터 없음: https://www.vivino.com/en/chateau-de-chantegrive-graves/w/1177468?year=2018&price_id=38473135
[2026-03-16 12:55:38]  [1368/3172] [!] 데이터 없음: https://www.vivino.com/en/bellavista-franciacorta-franciacorta-grande-cuvee-alma-non-dosato-franciacorta/w/7314931?price_id=38792152
[2026-03-16 12:55:38]  [1369/3172] [!] 데이터 없음: https://www.vivino.com/en/newton-chardonnay-unfiltered/w/1618879?year=2005&price_id=14539697
[2026-03-16 12:55:38]  [1364/3172] [!] 데이터 없음: https://www.vivino.com/en/casa-vinicola-gioacchino-garofoli-spa-rosso-conero-piancarda/w/7922?year=2015&price_id=20935326
[2026-03-16 12:55:38]  [1371/3172] [!] 데이터 없음: https://www.vivino.com/en/domaine-du-tunnel-saint-joseph/w/1105482?year=2023&price_id=38542966
[2026-03-16 12:55:38]  [1372/3172] [!] 데이터 없음: https://www.vivino.com/en/stonyridge-vineyard-larose-red-blend/w/1631901?year=2018&price_id=19991922
[2026-03-16 12:55:38]  [1373/3172] [!] 데이터 없음: https://www.vivino.com/en/weingut-richard-ostreicher-rossbach-chardonnay/w/6878678?year=2023&price_id=39797840
[2026-03-16 12:55:38]  [1374/3172] [!] 데이터 없음: https://www.vivino.com/en/champagne-billecart-salmon-vintage-champagne/w/1319243?year=2013&price_id=41190228
[2026-03-16 12:55:38]  [1375/3172] [!] 데이터 없음: https://www.vivino.com/en/mucyn-saint-joseph-les-salamandres/w/5013957?year=2023&price_id=38118363
[2026-03-16 12:55:39]  [1370/3172] [!] 데이터 없음: https://www.vivino.com/en/erath-pinot-noir/w/1451312?year=2008&price_id=14650448
[2026-03-16 12:55:39]  [1376/3172] [!] 데이터 없음: https://www.vivino.com/en/domain-road-paradise-pinot-noir/w/2814057?year=2019&price_id=37940072
[2026-03-16 12:55:39]  [1377/3172] [!] 데이터 없음: https://www.vivino.com/en/chateau-ducru-beaucaillou-saint-julien-grand-cru-classe/w/61744?year=2009&price_id=90077
[2026-03-16 12:55:39]  [1378/3172] [!] 데이터 없음: https://www.vivino.com/en/chateau-saint-pierre-saint-julien-saint-julien-grand-cru-classe/w/1181214?year=2005&price_id=40825901
[2026-03-16 12:55:39]  [1379/3172] [!] 데이터 없음: https://www.vivino.com/en/pares-balta-electio-xarel-lo/w/1262317?year=2006&price_id=14650399
[2026-03-16 12:55:39]  [1380/3172] [!] 데이터 없음: https://www.vivino.com/en/tenuta-di-trinoro-toscana-le-cupole-rosso/w/1164872?year=2022&price_id=40393519
[2026-03-16 12:55:39] --- 중간 저장: 누적 821건 ---
[2026-03-16 12:55:48]  [1382/3172] [!] 데이터 없음: https://www.vivino.com/en/indomita-brio-cabernet-sauvignon/w/1676842?year=2007&price_id=14549785
[2026-03-16 12:55:48]  [1381/3172] [!] 데이터 없음: https://www.vivino.com/en/veyder-malberg-elsarner-ried-brandstatt-riesling/w/4335665?year=2021&price_id=37843850
[2026-03-16 12:55:48]  [1383/3172] [!] 데이터 없음: https://www.vivino.com/en/mamete-prevostini-corte-di-cama-sforzato-di-valtellina/w/75712?year=2014&price_id=19070154
[2026-03-16 12:55:48]  [1384/3172] [!] 데이터 없음: https://www.vivino.com/en/chalk-hill-vermentino/w/6024391?year=2014&price_id=26783523
[2026-03-16 12:55:48]  [1385/3172] [!] 데이터 없음: https://www.vivino.com/en/master-one-limited-edition-cabernet-sauvignon/w/5052142?year=2013&price_id=10084580
[2026-03-16 12:55:48]  [1386/3172] [!] 데이터 없음: https://www.vivino.com/en/domaine-comte-georges-de-vogue-musigny-grand-cru-cuvee-vieilles-vignes/w/1187200?year=2006&price_id=37844043
[2026-03-16 12:55:49]  [1387/3172] [!] 데이터 없음: https://www.vivino.com/en/castello-di-semivicoli-trebbiano-d-abruzzo/w/1240102?year=2010&price_id=7943993
[2026-03-16 12:55:49]  [1388/3172] [!] 데이터 없음: https://www.vivino.com/en/es-gonzalez-byass-cristina-medium-dry/w/5252069?price_id=22111014
[2026-03-16 12:55:49]  [1389/3172] [!] 데이터 없음: https://www.vivino.com/en/merryvale-vineyards-chardonnay/w/3085?year=2003&price_id=2895118
[2026-03-16 12:55:49]  [1390/3172] [!] 데이터 없음: https://www.vivino.com/en/zuccardi-serie-a-malbec/w/19445?year=2008&price_id=14650441
[2026-03-16 12:55:49]  [1391/3172] [!] 데이터 없음: https://www.vivino.com/en/greywacke-kevin-judd-pinot-noir/w/1130869?year=2021&price_id=34771413
[2026-03-16 12:55:49]  [1392/3172] [!] 데이터 없음: https://www.vivino.com/en/au-brokenwood-semillon/w/1843911?year=2006&price_id=2754403
[2026-03-16 12:55:49]  [1393/3172] [!] 데이터 없음: https://www.vivino.com/en/de-bortoli-noble-one-botrytis-semillon/w/19085?year=2003&price_id=13579481
[2026-03-16 12:55:49]  [1396/3172] [!] 데이터 없음: https://www.vivino.com/en/castano-solanera-vinas-viejas/w/1137120?year=2020&price_id=37805346
[2026-03-16 12:55:49]  [1398/3172] [!] 데이터 없음: https://www.vivino.com/en/fr-pierre-jean-villa-jardin-suspendu-condrieu/w/5251610?year=2023&price_id=39190049
[2026-03-16 12:55:49]  [1394/3172] [!] 데이터 없음: https://www.vivino.com/en/bisquertt-la-joya-reserve-malbec/w/1154445?year=2005&price_id=14650511
[2026-03-16 12:55:49]  [1400/3172] [!] 데이터 없음: https://www.vivino.com/en/kollwentz-rose/w/96825?year=2023&price_id=37843950
[2026-03-16 12:55:49]  [1395/3172] [!] 데이터 없음: https://www.vivino.com/en/gibbston-valley-shed-red-pinot-blanc/w/3815168?year=2023&price_id=37940069
[2026-03-16 12:55:49]  [1397/3172] [!] 데이터 없음: https://www.vivino.com/en/clos-culombu-ribbe-rosse-blanc/w/6507499?year=2022&price_id=38520534
[2026-03-16 12:55:49]  [1404/3172] [!] 데이터 없음: https://www.vivino.com/en/millton-clos-de-ste-anne-the-crucible-syrah/w/5390659?year=2021&price_id=35716883
[2026-03-16 12:55:49]  [1407/3172] [!] 데이터 없음: https://www.vivino.com/en/mamete-prevostini-sommarovina-valtellina-superiore-sassella/w/1265175?year=2015&price_id=25110762
[2026-03-16 12:55:49]  [1399/3172] [!] 데이터 없음: https://www.vivino.com/en/moric-lutzmannsburg-alte-reben-blaufrankisch/w/1126419?year=2020&price_id=37843648
[2026-03-16 12:55:49]  [1401/3172] [!] 데이터 없음: https://www.vivino.com/en/domaine-a-f-gros-richebourg-grand-cru/w/1100248?year=2023&price_id=40825911
[2026-03-16 12:55:49]  [1402/3172] [!] 데이터 없음: https://www.vivino.com/en/zonin-berengario/w/10304?year=2000&price_id=14650376
[2026-03-16 12:55:50]  [1403/3172] [!] 데이터 없음: https://www.vivino.com/en/weingut-knoll-ried-schutt-durnsteiner-riesling-smaragd/w/1102933?year=2022&price_id=37843920
[2026-03-16 12:55:50]  [1405/3172] [!] 데이터 없음: https://www.vivino.com/en/chateau-labegorce-margaux/w/91020?year=2014&price_id=15506039
[2026-03-16 12:55:50]  [1406/3172] [!] 데이터 없음: https://www.vivino.com/en/los-colmillos-tinto/w/1148300?year=2009&price_id=2895132
[2026-03-16 12:55:50]  [1408/3172] [!] 데이터 없음: https://www.vivino.com/en/pasas-sonrosado/w/3196645?year=2013&price_id=14540517
[2026-03-16 12:55:50]  [1409/3172] [!] 데이터 없음: https://www.vivino.com/en/pio-cesare-dolcetto-d-alba/w/22546?year=2022&price_id=36485657
[2026-03-16 12:55:50]  [1410/3172] [!] 데이터 없음: https://www.vivino.com/en/borgianni-chianti/w/1211572?year=2014&price_id=8555815
[2026-03-16 12:55:50] --- 중간 저장: 누적 821건 ---
[2026-03-16 12:55:59]  [1411/3172] [!] 데이터 없음: https://www.vivino.com/en/masi-veneto-levarie-soave-classico/w/21984?year=2003&price_id=2895119
[2026-03-16 12:55:59]  [1412/3172] [!] 데이터 없음: https://www.vivino.com/en/badia-a-coltibuono-chianti-cetamura/w/1126792?year=2006&price_id=2895062
[2026-03-16 12:55:59]  [1413/3172] [!] 데이터 없음: https://www.vivino.com/en/marques-de-murrieta-reserva-rioja-finca-ygay/w/10998?year=2001&price_id=2894970
[2026-03-16 12:55:59]  [1414/3172] [!] 데이터 없음: https://www.vivino.com/en/rh-phillips-exp-syrah/w/1132213?year=2003&price_id=14549945
[2026-03-16 12:55:59]  [1415/3172] [!] 데이터 없음: https://www.vivino.com/en/domaine-leflaive-puligny-montrachet-1er-cru-clavoillon-puligny-montrachet-clavaillon/w/84914?year=2023&price_id=41121102
[2026-03-16 12:56:00]  [1416/3172] [!] 데이터 없음: https://www.vivino.com/en/castelnau-blanc-de-blancs-millesime-brut-champagne/w/2178254?year=2008&price_id=39133163
[2026-03-16 12:56:00]  [1417/3172] [!] 데이터 없음: https://www.vivino.com/en/ernest-julio-gallo-frei-ranch-vineyard-cabernet-sauvignon/w/1919990?year=1997&price_id=2804912
[2026-03-16 12:56:00]  [1418/3172] [!] 데이터 없음: https://www.vivino.com/en/it-s-cristina-cabernet-sauvignon-garda/w/1127734?year=2020&price_id=36485578
[2026-03-16 12:56:00]  [1419/3172] [!] 데이터 없음: https://www.vivino.com/en/escudo-rojo-gran-reserva/w/4217?year=2017&price_id=17970383
[2026-03-16 12:56:00]  [1420/3172] [!] 데이터 없음: https://www.vivino.com/en/rupestre-de-alpera-tinto/w/2283949?year=2009&price_id=14650515
[2026-03-16 12:56:00]  [1421/3172] [!] 데이터 없음: https://www.vivino.com/en/es-gonzalez-byass-alfonso-oloroso-seco/w/1164440?price_id=22111497
[2026-03-16 12:56:00]  [1422/3172] [!] 데이터 없음: https://www.vivino.com/en/craggy-range-syrah-gimblett-gravels-vineyard/w/2396111?year=2023&price_id=39913980
[2026-03-16 12:56:00]  [1423/3172] [!] 데이터 없음: https://www.vivino.com/en/beres-tokaji-aszu-3-puttonyos/w/1235477?year=2008&price_id=13579434
[2026-03-16 12:56:00]  [1425/3172] [!] 데이터 없음: https://www.vivino.com/en/vie-di-romans-vineyards-piere-sauvignon-blanc/w/1084873?year=2021&price_id=38835114
[2026-03-16 12:56:00]  [1426/3172] [!] 데이터 없음: https://www.vivino.com/en/familia-torres-tres-torres/w/1878566?year=2005&price_id=14541008
[2026-03-16 12:56:00]  [1424/3172] [!] 데이터 없음: https://www.vivino.com/en/indomita-varietal-chardonnay/w/1220903?year=2008&price_id=2895138
[2026-03-16 12:56:00]  [1427/3172] [!] 데이터 없음: https://www.vivino.com/en/bindi-sergardi-calidonia-chianti-classico-riserva/w/21369?year=2005&price_id=14549970
[2026-03-16 12:56:00]  [1428/3172] [!] 데이터 없음: https://www.vivino.com/en/handpicked-cabernet-merlot/w/1406636?year=2010&price_id=2804825
[2026-03-16 12:56:00]  [1429/3172] [!] 데이터 없음: https://www.vivino.com/en/donnhoff-weissburgunder-trocken/w/1155958?year=2023&price_id=38459358
[2026-03-16 12:56:00]  [1430/3172] [!] 데이터 없음: https://www.vivino.com/en/century-cellars-cabernet-sauvignon/w/1144221?year=2004&price_id=2895300
[2026-03-16 12:56:00]  [1432/3172] [!] 데이터 없음: https://www.vivino.com/en/hugo-cabernet-sauvignon/w/2222303?year=2010&price_id=2804882
[2026-03-16 12:56:00]  [1431/3172] [!] 데이터 없음: https://www.vivino.com/en/von-winning-chardonnay-ii-pfalz/w/5290719?year=2015&price_id=15032662
[2026-03-16 12:56:00]  [1433/3172] [!] 데이터 없음: https://www.vivino.com/en/bollinger-special-cuvee-brut-ay-champagne/w/18929?price_id=22122555
[2026-03-16 12:56:01]  [1434/3172] [!] 데이터 없음: https://www.vivino.com/en/penfolds-father-grand-tawny-10-year-old/w/2069066?price_id=22391436
[2026-03-16 12:56:01]  [1435/3172] [!] 데이터 없음: https://www.vivino.com/en/dourthe-freres-bordeaux-numero-1/w/4004409?year=2005&price_id=7953598
[2026-03-16 12:56:01]  [1436/3172] [!] 데이터 없음: https://www.vivino.com/en/kettmeir-athesis-brut/w/1541232?year=2022&price_id=41144052
[2026-03-16 12:56:01]  [1437/3172] [!] 데이터 없음: https://www.vivino.com/en/providence-syrah/w/2403913?year=2014&price_id=14575619
[2026-03-16 12:56:01]  [1438/3172] [!] 데이터 없음: https://www.vivino.com/en/destiny-bay-vineyards-mystae/w/1395058?year=2019&price_id=30922207
[2026-03-16 12:56:01]  [1439/3172] [!] 데이터 없음: https://www.vivino.com/en/f-x-pichler-loibner-klostersatz-gruner-veltliner-federspiel/w/1272378?year=2013&price_id=14650439
[2026-03-16 12:56:01]  [1440/3172] [!] 데이터 없음: https://www.vivino.com/en/mas-de-daumas-gassac-frizant-mousseux-rose/w/11082?year=2020&price_id=37843941
[2026-03-16 12:56:01] --- 중간 저장: 누적 821건 ---
[2026-03-16 12:56:09]  [1441/3172] [!] 데이터 없음: https://www.vivino.com/en/staatsweingut-bad-kreuznach-kreuznacher-kahlenberg-riesling-kabinett-trocken/w/1545913?year=2023&price_id=38459346
[2026-03-16 12:56:09]  [1442/3172] [!] 데이터 없음: https://www.vivino.com/en/cloudy-bay-te-wahi-pinot-noir/w/1419566?year=2019&price_id=36971138
[2026-03-16 12:56:09]  [1443/3172] [!] 데이터 없음: https://www.vivino.com/en/konyari-sessio/w/1474060?year=2012&price_id=9156607
[2026-03-16 12:56:10]  [1444/3172] [!] 데이터 없음: https://www.vivino.com/en/velich-seewinkel-beerenauslese/w/1167354?year=2018&price_id=39737061
[2026-03-16 12:56:10]  [1445/3172] [!] 데이터 없음: https://www.vivino.com/en/ca-del-bosco-franciacorta-cuvee-prestige-rose/w/23124?price_id=3859058
[2026-03-16 12:56:10]  [1446/3172] [!] 데이터 없음: https://www.vivino.com/en/bernhard-huber-malterdinger-spatburgunder/w/1810351?year=2003&price_id=2895008
[2026-03-16 12:56:10]  [1447/3172] [!] 데이터 없음: https://www.vivino.com/en/surveyor-thomson-rows-1-37-pinot-noir-otago/w/6124938?year=2019&price_id=36254262
[2026-03-16 12:56:10]  [1448/3172] [!] 데이터 없음: https://www.vivino.com/en/banfi-poggio-alle-mura-rosso-di-montalcino/w/2114063?year=2020&price_id=36485585
[2026-03-16 12:56:10]  [1449/3172] [!] 데이터 없음: https://www.vivino.com/en/domaine-de-la-vougeraie-pommard-les-petits-noizons/w/1824933?year=2022&price_id=38600274
[2026-03-16 12:56:10]  [1450/3172] [!] 데이터 없음: https://www.vivino.com/en/pio-cesare-barbaresco/w/22551?year=2019&price_id=36736898
[2026-03-16 12:56:10]  [1451/3172] [!] 데이터 없음: https://www.vivino.com/en/man-o-war-ironclad/w/1125551?year=2023&price_id=39913986
[2026-03-16 12:56:10]  [1452/3172] [!] 데이터 없음: https://www.vivino.com/en/tramier-l-and-fils-linteau-cotes-du-rhone/w/1402263?year=2019&price_id=26506344
[2026-03-16 12:56:10]  [1454/3172] [!] 데이터 없음: https://www.vivino.com/en/valli-waitaki-vineyard-chardonnay/w/4901000?year=2023&price_id=40582566
[2026-03-16 12:56:10]  [1455/3172] [!] 데이터 없음: https://www.vivino.com/en/p-ferraud-and-fils-beaujolais-villages-les-merrains-rouge/w/1243143?year=2001&price_id=15888860
[2026-03-16 12:56:10]  [1456/3172] [!] 데이터 없음: https://www.vivino.com/en/pilandro-il-pozzetto/w/5399793?year=2018&price_id=36736893
[2026-03-16 12:56:10]  [1457/3172] [!] 데이터 없음: https://www.vivino.com/en/la-chaume-bellae-domini/w/1223946?year=2006&price_id=7953635
[2026-03-16 12:56:10]  [1458/3172] [!] 데이터 없음: https://www.vivino.com/en/terranoble-ca1-andes-carmenere/w/1458091?year=2011&price_id=2804990
[2026-03-16 12:56:10]  [1453/3172] [!] 데이터 없음: https://www.vivino.com/en/azienda-vinicola-le-coste-due-m-rbf3d/w/6531546?year=2022&price_id=40262317
[2026-03-16 12:56:10]  [1459/3172] [!] 데이터 없음: https://www.vivino.com/en/clos-de-la-vieille-eglise-castillon-cotes-de-bordeaux/w/1416680?year=2015&price_id=28089314
[2026-03-16 12:56:10]  [1460/3172] [!] 데이터 없음: https://www.vivino.com/en/konyari-janoshegyi-kekfrankos/w/1973015?year=2011&price_id=9184971
[2026-03-16 12:56:10]  [1461/3172] [!] 데이터 없음: https://www.vivino.com/en/false-bay-slow-chenin-blanc-stellenbosch/w/5799675?year=2024&price_id=39692706
[2026-03-16 12:56:10]  [1462/3172] [!] 데이터 없음: https://www.vivino.com/en/chateau-pontet-canet-pauillac-grand-cru-classe/w/14362?year=2009&price_id=29535010
[2026-03-16 12:56:11]  [1463/3172] [!] 데이터 없음: https://www.vivino.com/en/roque-cantafaroune-languedoc/w/8685991?year=2020&price_id=34208654
[2026-03-16 12:56:11]  [1464/3172] [!] 데이터 없음: https://www.vivino.com/en/smith-sheth-cru-heretaunga-syrah-hawkes-bay/w/7424006?year=2021&price_id=38584661
[2026-03-16 12:56:11]  [1465/3172] [!] 데이터 없음: https://www.vivino.com/en/daylight-wine-spirits-the-marlborist-chardonnay/w/10931861?year=2022&price_id=38650815
[2026-03-16 12:56:11]  [1466/3172] [!] 데이터 없음: https://www.vivino.com/en/kopke-vintage-port/w/76371?year=2016&price_id=26433278
[2026-03-16 12:56:11]  [1467/3172] [!] 데이터 없음: https://www.vivino.com/en/stephane-montez-chanson-condrieu/w/1198525?year=2022&price_id=35675298
[2026-03-16 12:56:11]  [1469/3172] [!] 데이터 없음: https://www.vivino.com/en/santa-carolina-vistana-merlot/w/1183398?year=2017&price_id=17633387
[2026-03-16 12:56:11]  [1468/3172] [!] 데이터 없음: https://www.vivino.com/en/beau-site-saint-estephe/w/98074?year=1996&price_id=38183116
[2026-03-16 12:56:11]  [1470/3172] [!] 데이터 없음: https://www.vivino.com/en/gallo-family-vineyards-cabernet-sauvignon/w/3380?year=2002&price_id=2895081
[2026-03-16 12:56:11] --- 중간 저장: 누적 821건 ---
[2026-03-16 12:56:19]  [1471/3172] [!] 데이터 없음: https://www.vivino.com/en/chateau-rauzan-gassies-chevalier-de-rauzan-gassies-margaux/w/2606548?year=2002&price_id=7953644
[2026-03-16 12:56:19]  [1473/3172] [!] 데이터 없음: https://www.vivino.com/en/terre-de-mistral-rosalie-sainte-victoire-cotes-de-provence-rose/w/1656076?year=2025&price_id=41202229
[2026-03-16 12:56:19]  [1472/3172] [!] 데이터 없음: https://www.vivino.com/en/casa-vinicola-bennati-amarone-della-valpolicella/w/19490?year=2017&price_id=36738523
[2026-03-16 12:56:19]  [1474/3172] [!] 데이터 없음: https://www.vivino.com/en/vignobles-vellas-little-fuck-malbec/w/6675781?year=2018&price_id=28384690
[2026-03-16 12:56:19]  [1475/3172] [!] 데이터 없음: https://www.vivino.com/en/domaines-schlumberger-gewurztraminer-alsace-grand-cru-kessler/w/1162442?year=2010&price_id=14650534
[2026-03-16 12:56:19]  [1476/3172] [!] 데이터 없음: https://www.vivino.com/en/valli-waitaki-vineyard-riesling/w/4900956?year=2024&price_id=40799061
[2026-03-16 12:56:19]  [1477/3172] [!] 데이터 없음: https://www.vivino.com/en/luis-felipe-edwards-reserva-gewurztraminer/w/2245468?year=2019&price_id=23138364
[2026-03-16 12:56:19]  [1478/3172] [!] 데이터 없음: https://www.vivino.com/en/prophet-s-rock-dry-riesling/w/1287432?year=2023&price_id=39388059
[2026-03-16 12:56:19]  [1479/3172] [!] 데이터 없음: https://www.vivino.com/en/two-paddocks-pinot-noir/w/2018570?year=2024&price_id=40561250
[2026-03-16 12:56:19]  [1480/3172] [!] 데이터 없음: https://www.vivino.com/en/oriol-rossell-virolet/w/1270325?year=2013&price_id=14650377
[2026-03-16 12:56:19]  [1481/3172] [!] 데이터 없음: https://www.vivino.com/en/villeneuve-saumur-champigny-saumur-champigny/w/2640168?year=2022&price_id=40577451
[2026-03-16 12:56:19]  [1482/3172] [!] 데이터 없음: https://www.vivino.com/en/domaine-saint-marc-bourgogne-bois-de-blagny-meursault/w/2331294?year=2019&price_id=33696575
[2026-03-16 12:56:20]  [1483/3172] [!] 데이터 없음: https://www.vivino.com/en/bodega-y-cavas-de-weinert-cabernet-sauvignon/w/2469?year=2000&price_id=22675081
[2026-03-16 12:56:20]  [1484/3172] [!] 데이터 없음: https://www.vivino.com/en/castello-di-montepo-sassoalloro/w/15486?year=2012&price_id=36485582
[2026-03-16 12:56:20]  [1485/3172] [!] 데이터 없음: https://www.vivino.com/en/bodegas-marques-de-caceres-gran-reserva-vendimia-seleccionada/w/10251?year=2001&price_id=19160034
[2026-03-16 12:56:20]  [1486/3172] [!] 데이터 없음: https://www.vivino.com/en/monier-perreol-saint-joseph-rouge/w/1204363?year=2022&price_id=38775513
[2026-03-16 12:56:20]  [1487/3172] [!] 데이터 없음: https://www.vivino.com/en/villa-gemma-abruzzo-montepulciano-d-abruzzo/w/93058?year=2018&price_id=36485539
[2026-03-16 12:56:20]  [1488/3172] [!] 데이터 없음: https://www.vivino.com/en/iq-leveret-premium-brut/w/2701819?price_id=3604895
[2026-03-16 12:56:20]  [1489/3172] [!] 데이터 없음: https://www.vivino.com/en/chateau-des-capitans-julienas/w/79436?year=2011&price_id=14549932
[2026-03-16 12:56:20]  [1491/3172] [!] 데이터 없음: https://www.vivino.com/en/te-mata-estate-winery-limited-estate-vineyards-merlot-cabernets/w/93260?year=2005&price_id=14655593
[2026-03-16 12:56:20]  [1490/3172] [!] 데이터 없음: https://www.vivino.com/en/degenfeld-tokaji-aszu-5-puttonyos/w/1483095?year=2008&price_id=13579416
[2026-03-16 12:56:20]  [1492/3172] [!] 데이터 없음: https://www.vivino.com/en/raphet-charmes-chambertin-grand-cru/w/1295425?year=2022&price_id=37464726
[2026-03-16 12:56:20]  [1493/3172] [!] 데이터 없음: https://www.vivino.com/en/fr-chateau-grand-moulin-la-tour-l-expression-d-un-terroir-rouge/w/1394338?year=2009&price_id=14650380
[2026-03-16 12:56:20]  [1494/3172] [!] 데이터 없음: https://www.vivino.com/en/stephane-aviron-vieilles-vignes-morgon-cote-du-py/w/1112517?year=2021&price_id=33433522
[2026-03-16 12:56:20]  [1500/3172] [!] 데이터 없음: https://www.vivino.com/en/lan-vina-lanciano-reserva/w/88835?year=1998&price_id=2894914
[2026-03-16 12:56:20]  [1495/3172] [!] 데이터 없음: https://www.vivino.com/en/krug-rose/w/79632?price_id=37844005
[2026-03-16 12:56:21]  [1496/3172] [!] 데이터 없음: https://www.vivino.com/en/kim-crawford-sauvignon-blanc/w/66534?year=2016&price_id=15446460
[2026-03-16 12:56:21]  [1497/3172] [!] 데이터 없음: https://www.vivino.com/en/egon-muller-scharzhof-riesling-scharzhof/w/86690?year=2020&price_id=38459366
[2026-03-16 12:56:21]  [1498/3172] [!] 데이터 없음: https://www.vivino.com/en/nederburg-estate-private-bin-cabernet-sauvignon/w/1160367?year=2001&price_id=2754351
[2026-03-16 12:56:21]  [1499/3172] [!] 데이터 없음: https://www.vivino.com/en/royal-tokaji-aszu-6-puttonyos/w/1549415?year=2007&price_id=28072546
[2026-03-16 12:56:21] --- 중간 저장: 누적 821건 ---
[2026-03-16 12:56:27]  [1510/3172] [!] 데이터 없음: https://www.vivino.com/en/pio-cesare-moscato-d-asti/w/22544?year=2017&price_id=19011282
[2026-03-16 12:56:28]  [1501/3172] [!] 데이터 없음: https://www.vivino.com/en/tagua-tagua-btt-reserva-carmenere/w/5050148?year=2017&price_id=33472479
[2026-03-16 12:56:28]  [1502/3172] [!] 데이터 없음: https://www.vivino.com/en/hetszolo-tokaji-aszu-5-puttonyos/w/1182790?year=2004&price_id=13611902
[2026-03-16 12:56:28]  [1503/3172] [!] 데이터 없음: https://www.vivino.com/en/f-x-pichler-gruner-veltliner-ried-loibenberg-smaragd/w/7951202?year=2022&price_id=37843660
[2026-03-16 12:56:28]  [1504/3172] [!] 데이터 없음: https://www.vivino.com/en/f-x-pichler-unendlich-gruner-veltliner/w/2835690?year=2021&price_id=37843747
[2026-03-16 12:56:28]  [1505/3172] [!] 데이터 없음: https://www.vivino.com/en/duckhorn-howell-mountain-red/w/1128397?year=2013&price_id=14549897
[2026-03-16 12:56:28]  [1506/3172] [!] 데이터 없음: https://www.vivino.com/en/vina-aquitania-cabernet-sauvignon-maipo-valley-red-wine-v/w/63044?year=2006&price_id=2895104
[2026-03-16 12:56:28]  [1507/3172] [!] 데이터 없음: https://www.vivino.com/en/mezain-bordeaux-sauvignon/w/2286545?year=2003&price_id=8649870
[2026-03-16 12:56:28]  [1508/3172] [!] 데이터 없음: https://www.vivino.com/en/planeta-maroccoli-syrah/w/4994?year=2019&price_id=36485588
[2026-03-16 12:56:28]  [1509/3172] [!] 데이터 없음: https://www.vivino.com/en/san-pedro-central-valley-eighteen-sixtyfive-unique-cabernet-sauvignon-maipo-valley/w/6604109?year=2005&price_id=23541465
[2026-03-16 12:56:28]  [1511/3172] [!] 데이터 없음: https://www.vivino.com/en/cl-urban-maule-red-blend/w/1229663?year=2009&price_id=2873863
[2026-03-16 12:56:28]  [1512/3172] [!] 데이터 없음: https://www.vivino.com/en/rupert-and-rothschild-vignerons-classique/w/1139111?year=2002&price_id=7944214
[2026-03-16 12:56:28]  [1515/3172] [!] 데이터 없음: https://www.vivino.com/en/biancospino-barolo-barolo/w/1876658?year=2006&price_id=9885736
[2026-03-16 12:56:28]  [1519/3172] [!] 데이터 없음: https://www.vivino.com/en/michel-fonne-tradition-muscat/w/1604822?year=2012&price_id=14650430
[2026-03-16 12:56:28]  [1513/3172] [!] 데이터 없음: https://www.vivino.com/en/philippe-girard-puligny-montrachet-les-enseigneres-blanc/w/12209499?year=2022&price_id=38976349
[2026-03-16 12:56:28]  [1514/3172] [!] 데이터 없음: https://www.vivino.com/en/barwang-cabernet-sauvignon/w/1143541?year=2013&price_id=15542088
[2026-03-16 12:56:29]  [1517/3172] [!] 데이터 없음: https://www.vivino.com/en/stonyridge-vineyard-larose-red-blend/w/1631901?year=2013&price_id=18747866
[2026-03-16 12:56:29]  [1516/3172] [!] 데이터 없음: https://www.vivino.com/en/nautilus-estate-albarino/w/4422739?year=2025&price_id=39914003
[2026-03-16 12:56:29]  [1518/3172] [!] 데이터 없음: https://www.vivino.com/en/nanny-goat-cross-breed/w/6853210?year=2024&price_id=38617045
[2026-03-16 12:56:29]  [1520/3172] [!] 데이터 없음: https://www.vivino.com/en/rosemount-diamond-label-traminer-riesling/w/67844?year=2004&price_id=14540549
[2026-03-16 12:56:29]  [1521/3172] [!] 데이터 없음: https://www.vivino.com/en/arnaldo-caprai-collepiano-sagrantino-di-montefalco/w/23095?year=2018&price_id=36736900
[2026-03-16 12:56:29]  [1522/3172] [!] 데이터 없음: https://www.vivino.com/en/weingut-knoll-ried-pfaffenberg-steiner-riesling-selection/w/1728331?year=2022&price_id=37843871
[2026-03-16 12:56:29]  [1523/3172] [!] 데이터 없음: https://www.vivino.com/en/sensi-chianti/w/1180356?year=2005&price_id=14541730
[2026-03-16 12:56:29]  [1524/3172] [!] 데이터 없음: https://www.vivino.com/en/stonier-wines-pinot-noir/w/1191287?year=2006&price_id=2804961
[2026-03-16 12:56:29]  [1525/3172] [!] 데이터 없음: https://www.vivino.com/en/donnhoff-niederhauser-klamm-riesling-kabinett/w/7351908?year=2022&price_id=37844020
[2026-03-16 12:56:29]  [1526/3172] [!] 데이터 없음: https://www.vivino.com/en/chateau-alcee-castillon-cotes-de-bordeaux/w/3393906?year=2012&price_id=18458197
[2026-03-16 12:56:29]  [1528/3172] [!] 데이터 없음: https://www.vivino.com/en/moet-chandon-grand-vintage-rose-brut-champagne/w/1122103?year=2013&price_id=31600427
[2026-03-16 12:56:29]  [1529/3172] [!] 데이터 없음: https://www.vivino.com/en/philippe-charmond-saint-veran/w/1292788?year=2024&price_id=40462528
[2026-03-16 12:56:29]  [1530/3172] [!] 데이터 없음: https://www.vivino.com/en/domaine-leflaive-esprit-nuits-saint-georges/w/11217292?year=2020&price_id=41135891
[2026-03-16 12:56:29]  [1527/3172] [!] 데이터 없음: https://www.vivino.com/en/it-le-coste-litrozzo-rosso/w/2269463?year=2022&price_id=38505538
[2026-03-16 12:56:29] --- 중간 저장: 누적 821건 ---
[2026-03-16 12:56:37]  [1531/3172] [!] 데이터 없음: https://www.vivino.com/en/konyari-sigillum-loliense-red/w/1250568?year=2011&price_id=9184990
[2026-03-16 12:56:37]  [1532/3172] [!] 데이터 없음: https://www.vivino.com/en/mudbrick-waiheke-island-rose/w/2051111?year=2024&price_id=38262015
[2026-03-16 13:13:11] [*] 기존 데이터 821건 로드됨.
[2026-03-16 13:13:11] [*] 울트라 패스트 수집 시작: 대상 2753건 (병렬:12)
[2026-03-16 13:13:17]  [5/2753] [성공] Barratt Chardonnay 2011... | 분포:True
[2026-03-16 13:13:18]  [7/2753] [성공] Beringer Classic Cabernet... | 분포:True
[2026-03-16 13:13:18]  [6/2753] [성공] Parés Baltà Garnatxa Hise... | 분포:True
[2026-03-16 13:13:19]  [9/2753] [성공] Seghesio Sonoma Zinfandel... | 분포:True
[2026-03-16 13:13:19]  [1/2753] [!] 데이터 없음: https://www.vivino.com/en/barefoot-moscato/w/1201651?price_id=7943990
[2026-03-16 13:13:19]  [12/2753] [성공] Vanitá Nero d'Avola (Orga... | 분포:True
[2026-03-16 13:13:19]  [2/2753] [성공] Robert-Denogent Les Tache... | 분포:True
[2026-03-16 13:13:20]  [3/2753] [성공] Guasti Clemente Barolo 20... | 분포:True
[2026-03-16 13:13:20]  [11/2753] [성공] Indomita Varietal Caberne... | 분포:True
[2026-03-16 13:13:20]  [8/2753] [성공] Casa Silva Quinta Generat... | 분포:True
[2026-03-16 13:13:20]  [10/2753] [성공] Vista Alegre Reserve Ruby... | 분포:True
[2026-03-16 13:13:21]  [4/2753] [성공] Château Larmande Saint-Ém... | 분포:True
[2026-03-16 13:13:22]  [14/2753] [성공] Vidal del Saz Crianza Tem... | 분포:True
[2026-03-16 13:13:22]  [13/2753] [성공] Decibel Malbec 2023... | 분포:True
[2026-03-16 13:13:23]  [15/2753] [성공] Anderra Cabernet Sauvigno... | 분포:True
[2026-03-16 13:13:23]  [18/2753] [성공] Rippon 'Emma's Block' Mat... | 분포:True
[2026-03-16 13:13:23]  [16/2753] [성공] A.F. Gros Vosne-Romanee '... | 분포:True
[2026-03-16 13:13:23]  [17/2753] [성공] Renacer Malbec 2006... | 분포:True
[2026-03-16 13:13:24]  [22/2753] [성공] Huarpe Taymente Malbec 20... | 분포:True
[2026-03-16 13:13:24]  [20/2753] [성공] Ferrari Perlé 2017... | 분포:True
[2026-03-16 13:13:24]  [24/2753] [성공] Rockburn Eleven Barrels P... | 분포:True
[2026-03-16 13:13:24]  [19/2753] [성공] Badger Mountain Cabernet ... | 분포:True
[2026-03-16 13:13:24]  [21/2753] [성공] Bree Pinot Noir Rosé 2014... | 분포:True
[2026-03-16 13:13:25]  [23/2753] [성공] Ippolito 1845 Pecorello 2... | 분포:True
[2026-03-16 13:13:25]  [30/2753] [성공] de Ladoucette Baron de L ... | 분포:True
[2026-03-16 13:13:25]  [27/2753] [성공] Passage Rock Reserve Syra... | 분포:True
[2026-03-16 13:13:25]  [25/2753] [성공] Gróf Degenfeld Zomborka F... | 분포:True
[2026-03-16 13:13:26]  [28/2753] [성공] Renacer Punto Final Caber... | 분포:True
[2026-03-16 13:13:26]  [29/2753] [성공] Vio Giobatta - BioVio Ma ... | 분포:True
[2026-03-16 13:13:26]  [26/2753] [성공] F.X. Pichler Ried Steiner... | 분포:False
[2026-03-16 13:13:27] --- 중간 저장: 누적 850건 ---
[2026-03-16 13:13:37]  [32/2753] [성공] Jermann Pinot Grigio 2023... | 분포:True
[2026-03-16 13:13:37]  [33/2753] [성공] Pyramid Valley Vineyards ... | 분포:True
[2026-03-16 13:13:37]  [36/2753] [성공] Gérard Raphet Chambolle-M... | 분포:True
[2026-03-16 13:13:38]  [39/2753] [성공] Domaine des Beaumont More... | 분포:True
[2026-03-16 13:13:38]  [35/2753] [성공] Castello Pomino Pomino Vi... | 분포:True
[2026-03-16 13:13:39]  [31/2753] [성공] Sensi Mantello Sangiovese... | 분포:False
[2026-03-16 13:13:39]  [34/2753] [성공] Mitchelton Blackwood Park... | 분포:True
[2026-03-16 13:13:39]  [40/2753] [성공] Fiuza Ikon Touriga Nacion... | 분포:True
[2026-03-16 13:13:39]  [37/2753] [성공] Bouchard Père & Fils Mont... | 분포:True
[2026-03-16 13:13:39]  [38/2753] [성공] Robert-Denogent Vieilles ... | 분포:True
[2026-03-16 13:13:39]  [41/2753] [성공] Domaine Ciringa Fosilni B... | 분포:True
[2026-03-16 13:13:40]  [44/2753] [성공] Tabali Reserva Especial S... | 분포:True
[2026-03-16 13:13:40]  [42/2753] [성공] Domaine de Leyre-Loup Fle... | 분포:True
[2026-03-16 13:13:40]  [43/2753] [성공] Donnafugata Tancredi 2020... | 분포:True
[2026-03-16 13:13:41]  [45/2753] [성공] Duque de Medina Reserva O... | 분포:True
[2026-03-16 13:13:41]  [46/2753] [성공] Bodega Norton Barrel Sele... | 분포:True
[2026-03-16 13:13:42]  [48/2753] [성공] Warre's Fine White Port... | 분포:True
[2026-03-16 13:13:42]  [50/2753] [성공] Veyder-Malberg Alter.Nati... | 분포:True
[2026-03-16 13:13:42]  [47/2753] [성공] Groth Cabernet Sauvignon ... | 분포:True
[2026-03-16 13:13:42]  [51/2753] [성공] Elvio Cogno Barolo Cascin... | 분포:True
[2026-03-16 13:13:42]  [52/2753] [성공] Masi Masianco 2005... | 분포:True
[2026-03-16 13:13:42]  [53/2753] [성공] Kendall-Jackson Stature L... | 분포:True
[2026-03-16 13:13:43]  [49/2753] [성공] Kadabra Malbec 2016... | 분포:True
[2026-03-16 13:13:43]  [54/2753] [성공] Kressmann Monopole Bordea... | 분포:True
[2026-03-16 13:13:43]  [56/2753] [성공] Rosemount Diamond Label S... | 분포:True
[2026-03-16 13:13:43]  [55/2753] [성공] Domaine Rapet Corton-Char... | 분포:True
[2026-03-16 13:13:44]  [59/2753] [성공] Masciarelli Trebbiano d'A... | 분포:True
[2026-03-16 13:13:44]  [60/2753] [성공] A.F. Gros Richebourg Gran... | 분포:True
[2026-03-16 13:13:44]  [57/2753] [성공] Solar de Urbezo Vendimia ... | 분포:True
[2026-03-16 13:13:45]  [58/2753] [성공] Beringer Founders' Estate... | 분포:True
[2026-03-16 13:13:45] --- 중간 저장: 누적 880건 ---
[2026-03-16 13:13:56]  [65/2753] [성공] Anakena Birdman Series Sa... | 분포:True
[2026-03-16 13:13:56]  [62/2753] [성공] F.X. Pichler Unendlich Ri... | 분포:True
[2026-03-16 13:13:56]  [63/2753] [성공] Bruno Paillard Première C... | 분포:True
[2026-03-16 13:13:56]  [66/2753] [성공] Two Paddocks The Last Cha... | 분포:True
[2026-03-16 13:13:57]  [70/2753] [성공] Château Carbonnieux Pessa... | 분포:True
[2026-03-16 13:13:57]  [61/2753] [성공] Quinta da Alorna Branco 2... | 분포:True
[2026-03-16 13:13:57]  [64/2753] [성공] Domaine Fontchêne Les Ant... | 분포:True
[2026-03-16 13:13:57]  [68/2753] [성공] Stonyridge Vineyard Laros... | 분포:True
[2026-03-16 13:13:57]  [72/2753] [성공] Kumala Reserve Shiraz 201... | 분포:True
[2026-03-16 13:13:58]  [69/2753] [성공] Wolf Blass President's Se... | 분포:True
[2026-03-16 13:13:58]  [67/2753] [성공] Wirra Wirra Church Block ... | 분포:True
[2026-03-16 13:13:58]  [71/2753] [성공] Peter Lehmann Portrait Sh... | 분포:True
[2026-03-16 13:13:59]  [73/2753] [성공] Gibbston Valley China Ter... | 분포:True
[2026-03-16 13:13:59]  [75/2753] [성공] Christophe Violot-Guillem... | 분포:True
[2026-03-16 13:13:59]  [74/2753] [성공] Domaine Marquis d'Angervi... | 분포:True
[2026-03-16 13:14:00]  [76/2753] [성공] Moric Reserve Blaufränkis... | 분포:True
[2026-03-16 13:14:00]  [77/2753] [성공] Domaine Thomson Pinot Noi... | 분포:True
[2026-03-16 13:14:00]  [80/2753] [성공] Michel Guignier La Petite... | 분포:True
[2026-03-16 13:14:00]  [81/2753] [성공] Umani Ronchi San Lorenzo ... | 분포:True
[2026-03-16 13:14:01]  [79/2753] [성공] Saint Clair Family Estate... | 분포:True
[2026-03-16 13:14:01]  [78/2753] [성공] Castell del Remei Gotim B... | 분포:True
[2026-03-16 13:14:01]  [84/2753] [성공] Le Coste Rosso 2019... | 분포:True
[2026-03-16 13:14:01]  [82/2753] [성공] Santa Carolina Barrica Se... | 분포:True
[2026-03-16 13:14:02]  [87/2753] [성공] Markus Molitor Edition 20... | 분포:True
[2026-03-16 13:14:02]  [83/2753] [성공] Casa Mayor Chardonnay 201... | 분포:True
[2026-03-16 13:14:02]  [86/2753] [성공] Mudbrick Vineyard Reserve... | 분포:True
[2026-03-16 13:14:02]  [88/2753] [성공] Jermann Pinot Grigio 2022... | 분포:True
[2026-03-16 13:14:02]  [85/2753] [성공] Weingut Pöckl Réve de Jeu... | 분포:True
[2026-03-16 13:14:02]  [89/2753] [성공] Aldo Rainoldi Grumello Va... | 분포:True
[2026-03-16 13:14:03]  [90/2753] [성공] Bodega Norton Late Harves... | 분포:True
[2026-03-16 13:14:04] --- 중간 저장: 누적 910건 ---
[2026-03-16 13:14:13]  [91/2753] [성공] Kakhetian Traditional Win... | 분포:False
[2026-03-16 13:14:15]  [93/2753] [성공] Rudolf Müller Eiswein 200... | 분포:True
[2026-03-16 13:14:15]  [96/2753] [성공] Tinel-Blondelet Frétoy Sa... | 분포:True
[2026-03-16 13:14:15]  [100/2753] [성공] Combier Crozes-Hermitage ... | 분포:True
[2026-03-16 13:14:16]  [102/2753] [성공] Rockburn Pinot Noir 2024... | 분포:True
[2026-03-16 13:14:16]  [98/2753] [성공] Planeta Sito dell'Ulmo Me... | 분포:True
[2026-03-16 13:14:16]  [95/2753] [성공] Cheval des Andes Mendoza ... | 분포:True
[2026-03-16 13:14:16]  [101/2753] [성공] Domaine Leflaive Bourgogn... | 분포:True
[2026-03-16 13:14:17]  [99/2753] [성공] Weingut Knoll Ried Kreutl... | 분포:True
[2026-03-16 13:14:17]  [97/2753] [성공] Pierre Jean Villa Côte-Rô... | 분포:True
[2026-03-16 13:14:17]  [94/2753] [성공] Domaine Chante Cigale Châ... | 분포:True
[2026-03-16 13:14:17]  [92/2753] [성공] Alain Graillot La Guiraud... | 분포:True
[2026-03-16 13:14:17]  [103/2753] [성공] Michele Chiarlo Barolo Ce... | 분포:True
[2026-03-16 13:14:19]  [104/2753] [성공] Cavalleri Franciacorta Ex... | 분포:True
[2026-03-16 13:14:20]  [112/2753] [성공] Chard Farm Judge & Jury C... | 분포:True
[2026-03-16 13:14:20]  [111/2753] [!] 데이터 없음: https://www.vivino.com/en/contadi-castaldi-franciacorta-rose/w/1309984?price_id=3433419
[2026-03-16 13:14:20]  [105/2753] [성공] Trénel Mâcon-Villages 201... | 분포:True
[2026-03-16 13:14:21]  [110/2753] [성공] Colterenzio (Schreckbichl... | 분포:True
[2026-03-16 13:14:21]  [113/2753] [성공] Seña Aconcagua Valley 200... | 분포:True
[2026-03-16 13:14:21]  [108/2753] [성공] Pighin Cabernet Sauvignon... | 분포:False
[2026-03-16 13:14:21]  [109/2753] [성공] Mamete Prevostini Valtell... | 분포:True
[2026-03-16 13:14:21]  [114/2753] [성공] Craggy Range Kidnappers V... | 분포:True
[2026-03-16 13:14:21]  [106/2753] [성공] Hugo Casanova Don Aldo Fo... | 분포:True
[2026-03-16 13:14:21]  [107/2753] [성공] Domaine de la Jaufrette V... | 분포:True
[2026-03-16 13:14:21]  [115/2753] [성공] Peter Lehmann Portrait Dr... | 분포:True
[2026-03-16 13:14:22]  [117/2753] [성공] Domaine Tortochot Mazis-C... | 분포:True
[2026-03-16 13:14:22]  [118/2753] [성공] Egon Müller - Scharzhof S... | 분포:True
[2026-03-16 13:14:23]  [116/2753] [성공] Kessler-Zink Chardonnay E... | 분포:True
[2026-03-16 13:14:23]  [119/2753] [성공] Château Haut-Bailly Châte... | 분포:True
[2026-03-16 13:14:23]  [120/2753] [성공] Cloudy Bay Te Koko Sauvig... | 분포:True
[2026-03-16 13:14:23] --- 중간 저장: 누적 939건 ---
[2026-03-16 13:14:34]  [123/2753] [성공] Argiolas Costera Cannonau... | 분포:True
[2026-03-16 13:14:34]  [121/2753] [성공] Domaine Marc Morey & Fils... | 분포:True
[2026-03-16 13:14:35]  [124/2753] [성공] Domaine du Pelican Arbois... | 분포:True
[2026-03-16 13:14:36]  [122/2753] [성공] Terrazas de los Andes Cab... | 분포:True
[2026-03-16 13:14:36]  [125/2753] [성공] Basilio Izquierdo Acodo T... | 분포:True
[2026-03-16 13:14:36]  [126/2753] [성공] Château de Châtagneréaz G... | 분포:False
[2026-03-16 13:14:36]  [127/2753] [성공] Carrick Dry Riesling 2024... | 분포:False
[2026-03-16 13:14:36]  [129/2753] [성공] Te Motu Kokoro 2020... | 분포:True
[2026-03-16 13:14:36]  [132/2753] [성공] Château Vartely Muscat De... | 분포:True
[2026-03-16 13:14:37]  [130/2753] [성공] Le Coste Bianco 2022... | 분포:True
[2026-03-16 13:14:37]  [131/2753] [성공] S.A. Prüm Wehlener Sonnen... | 분포:True
[2026-03-16 13:14:37]  [128/2753] [성공] TerraNoble Reserva Terroi... | 분포:True
[2026-03-16 13:14:38]  [134/2753] [성공] Penfolds Bin 311 Chardonn... | 분포:True
[2026-03-16 13:14:38]  [133/2753] [성공] Tua Rita Keir Ansonica 20... | 분포:True
[2026-03-16 13:14:38]  [137/2753] [성공] Braida Vigna Senza Nome M... | 분포:True
[2026-03-16 13:14:40]  [138/2753] [성공] Quartz Reef Methode Tradi... | 분포:True
[2026-03-16 13:14:40]  [140/2753] [성공] Peter Lehmann The Master'... | 분포:True
[2026-03-16 13:14:40]  [139/2753] [성공] Stonier Reserve Pinot Noi... | 분포:True
[2026-03-16 13:14:40]  [136/2753] [성공] Nederburg 56 Hundred Pino... | 분포:True
[2026-03-16 13:14:40]  [135/2753] [성공] Barkan Reserve Chardonnay... | 분포:False
[2026-03-16 13:14:41]  [141/2753] [성공] Schloss Johannisberg Grün... | 분포:True
[2026-03-16 13:14:41]  [143/2753] [성공] Domaine Comte Georges de ... | 분포:True
[2026-03-16 13:14:41]  [142/2753] [성공] Château Monlot Saint-Émil... | 분포:True
[2026-03-16 13:14:42]  [145/2753] [성공] Château de Camensac Haut-... | 분포:True
[2026-03-16 13:14:42]  [144/2753] [성공] Francois Martenot Bourgog... | 분포:True
[2026-03-16 13:14:42]  [147/2753] [성공] Poliziano Le Stanze Tosca... | 분포:True
[2026-03-16 13:14:42]  [146/2753] [성공] Swanson Pinot Grigio 2006... | 분포:True
[2026-03-16 13:14:42]  [149/2753] [성공] Nanny Goat Pinot Noir 202... | 분포:True
[2026-03-16 13:14:43]  [148/2753] [성공] Man O' War Valhalla 2023... | 분포:True
[2026-03-16 13:14:43]  [150/2753] [성공] Joseph Drouhin Puligny-Mo... | 분포:True
[2026-03-16 13:14:43] --- 중간 저장: 누적 969건 ---
[2026-03-16 13:14:51]  [152/2753] [성공] Domaine William Fèvre Cha... | 분포:True
[2026-03-16 13:14:51]  [151/2753] [성공] Albinea Canali Foglie Ros... | 분포:True
[2026-03-16 13:14:52]  [157/2753] [성공] Indomita Gran Reserva Car... | 분포:False
[2026-03-16 13:14:52]  [153/2753] [성공] Château Haut-Batailley Pa... | 분포:True
[2026-03-16 13:14:52]  [156/2753] [성공] Casablanca El Bosque Cabe... | 분포:True
[2026-03-16 13:14:53]  [158/2753] [성공] Jean-Louis Trocard Clos d... | 분포:True
[2026-03-16 13:14:53]  [161/2753] [성공] Gaja Costa Russi (Barbare... | 분포:True
[2026-03-16 13:14:53]  [160/2753] [성공] Mouton Cadet X Mathilde R... | 분포:True
[2026-03-16 13:14:54]  [159/2753] [성공] Château Margaux Pavillon ... | 분포:True
[2026-03-16 13:14:54]  [162/2753] [성공] Yellow Tail Bubbles Mosca... | 분포:True
[2026-03-16 13:14:54]  [155/2753] [성공] Robert Mondavi Private Se... | 분포:True
[2026-03-16 13:14:54]  [154/2753] [성공] Château de Brague Bordeau... | 분포:True
[2026-03-16 13:14:55]  [163/2753] [성공] Ornellaia Toscana Bianco ... | 분포:True
[2026-03-16 13:14:55]  [165/2753] [성공] Albert Grivault Clos Du M... | 분포:True
[2026-03-16 13:14:56]  [168/2753] [성공] Henriot Souverain Brut Ch... | 분포:True
[2026-03-16 13:14:56]  [164/2753] [성공] Domeniile Alexandrion Rhe... | 분포:True
[2026-03-16 13:14:56]  [166/2753] [성공] Jean-Pierre Moueix Pomero... | 분포:True
[2026-03-16 13:14:57]  [167/2753] [성공] Tabali Reserva Syrah 2014... | 분포:True
[2026-03-16 13:14:57]  [169/2753] [성공] Te Kano Northburn Caberne... | 분포:True
[2026-03-16 13:14:57]  [172/2753] [성공] Robert-Denogent Climat Vi... | 분포:True
[2026-03-16 13:14:58]  [173/2753] [성공] Veuve Clicquot Brut (Cart... | 분포:True
[2026-03-16 13:14:58]  [171/2753] [성공] McWilliam's Cabernet Sauv... | 분포:True
[2026-03-16 13:14:58]  [170/2753] [성공] Stonestreet Merlot 2002... | 분포:True
[2026-03-16 13:14:58]  [174/2753] [성공] Domaine Bonnardot Bourgog... | 분포:True
[2026-03-16 13:14:58]  [176/2753] [성공] Bethany GR Reserve Shiraz... | 분포:True
[2026-03-16 13:14:59]  [177/2753] [성공] Donnafugata Ben Ryé Passi... | 분포:True
[2026-03-16 13:14:59]  [175/2753] [성공] Paraduxx Rosé 2002... | 분포:True
[2026-03-16 13:14:59]  [180/2753] [성공] Château Teynac Château Te... | 분포:True
[2026-03-16 13:15:00]  [179/2753] [성공] Di Majo Norante Falanghin... | 분포:True
[2026-03-16 13:15:00]  [178/2753] [성공] Punters Corner Cabernet S... | 분포:True
[2026-03-16 13:15:01] --- 중간 저장: 누적 999건 ---
[2026-03-16 13:15:11]  [181/2753] [성공] Domaine de Chevalier Pess... | 분포:True
[2026-03-16 13:15:11]  [182/2753] [성공] Baron de Ley Blanco 2024... | 분포:True
[2026-03-16 13:15:12]  [183/2753] [성공] Barone Pizzini Satén Fran... | 분포:True
[2026-03-16 13:15:13]  [190/2753] [성공] Partida Creus VN (Vinel-L... | 분포:True
[2026-03-16 13:15:13]  [192/2753] [성공] Paraduxx Proprietary Red ... | 분포:True
[2026-03-16 13:15:13]  [187/2753] [성공] Domaine des Beaumont More... | 분포:True
[2026-03-16 13:15:13]  [184/2753] [성공] Château Léoville Barton S... | 분포:True
[2026-03-16 13:15:14]  [189/2753] [성공] Villa Maria Cellar Select... | 분포:True
[2026-03-16 13:15:14]  [188/2753] [성공] Soleca Reserva Carménere ... | 분포:True
[2026-03-16 13:15:14]  [186/2753] [성공] Beau-Rivage Blanc 2005... | 분포:True
[2026-03-16 13:15:14]  [185/2753] [성공] Garofoli Rosso Conero Pia... | 분포:True
[2026-03-16 13:15:14]  [191/2753] [성공] Alpha Domus The Pilot Mer... | 분포:False
[2026-03-16 13:15:15]  [193/2753] [성공] Domaine Bonnardot Bourgog... | 분포:True
[2026-03-16 13:15:16]  [195/2753] [성공] St.Andrea Áldás 2015... | 분포:True
[2026-03-16 13:15:16]  [198/2753] [성공] Château Montrose Saint-Es... | 분포:True
[2026-03-16 13:15:16]  [199/2753] [성공] Delas Saint-Esprit Côtes-... | 분포:True
[2026-03-16 13:15:17]  [194/2753] [성공] Domaine Leflaive Esprit G... | 분포:True
[2026-03-16 13:15:17]  [200/2753] [성공] Amisfield Chenin Blanc 20... | 분포:True
[2026-03-16 13:15:17]  [197/2753] [성공] Huia Brut Rosé 2019... | 분포:True
[2026-03-16 13:15:17]  [196/2753] [성공] Clos Ostler Audrey's Pino... | 분포:True
[2026-03-16 13:15:17]  [201/2753] [성공] Château Clerc Milon Pauil... | 분포:True
[2026-03-16 13:15:18]  [204/2753] [성공] Carmen Gran Reserva Caber... | 분포:True
[2026-03-16 13:15:18]  [205/2753] [성공] Domain Road Vineyard Defi... | 분포:True
[2026-03-16 13:15:18]  [202/2753] [성공] Aromo Reserva Privada Mer... | 분포:True
[2026-03-16 13:15:19]  [206/2753] [성공] Arnaldo-Caprai 25 anni Mo... | 분포:True
[2026-03-16 13:15:19]  [203/2753] [성공] Francis Ford Coppola Wine... | 분포:True
[2026-03-16 13:15:19]  [208/2753] [성공] Bollenberg Sélection Ries... | 분포:True
[2026-03-16 13:15:19]  [209/2753] [성공] Mirafiore Barbera d'Alba ... | 분포:True
[2026-03-16 13:15:19]  [207/2753] [성공] Tabali Reserva Especial C... | 분포:True
[2026-03-16 13:15:20]  [210/2753] [성공] Pierre Amadieu Cairanne L... | 분포:True
[2026-03-16 13:15:20] --- 중간 저장: 누적 1029건 ---
[2026-03-16 13:15:26]  [211/2753] [!] 데이터 없음: https://www.vivino.com/en/black-barn-barrel-fermented-chardonnay/w/1533269?year=2023&price_id=35703050
[2026-03-16 13:15:26]  [212/2753] [!] 데이터 없음: https://www.vivino.com/en/macay-cotes-de-bourg/w/1210592?year=2010&price_id=7944210
[2026-03-16 13:15:26]  [213/2753] [!] 데이터 없음: https://www.vivino.com/en/joh-jos-prum-graacher-himmelreich-riesling-kabinett/w/1604769?year=2004&price_id=14550341
[2026-03-16 13:15:27]  [214/2753] [!] 데이터 없음: https://www.vivino.com/en/cos-d-estournel-cos-d-estournel/w/74346?year=1980&price_id=38161858
[2026-03-16 13:15:27]  [215/2753] [!] 데이터 없음: https://www.vivino.com/en/schloss-gobelsburg-domaene-gobelsburg-gruner-veltliner/w/20131?year=2021&price_id=35673574
[2026-03-16 13:15:27]  [216/2753] [!] 데이터 없음: https://www.vivino.com/en/o-fournier-tinta-del-pais-ribera-del-duero/w/3351726?year=2004&price_id=2804665
[2026-03-16 13:15:27]  [217/2753] [!] 데이터 없음: https://www.vivino.com/en/antiche-terre-amarone-della-valpolicella/w/12144335?year=2022&price_id=40618042
[2026-03-16 13:15:27]  [218/2753] [!] 데이터 없음: https://www.vivino.com/en/mongeard-mugneret-fixin/w/779362?year=2021&price_id=35659114
[2026-03-16 13:15:27]  [219/2753] [!] 데이터 없음: https://www.vivino.com/en/jean-pla-la-passion-vieilles-vignes-grenache-cotes-catalanes-red-wine/w/2040961?year=2011&price_id=14650529
[2026-03-16 13:15:27]  [220/2753] [!] 데이터 없음: https://www.vivino.com/en/antinori-tuscany-castello-della-sala-san-giovanni-della-sala-classico-superiore/w/1693?year=2019&price_id=22697482
[2026-03-16 13:15:27]  [221/2753] [!] 데이터 없음: https://www.vivino.com/en/hetszolo-tokaji-aszu-3-puttonyos/w/1196584?year=2004&price_id=13579478
[2026-03-16 13:15:27]  [222/2753] [!] 데이터 없음: https://www.vivino.com/en/nautilus-estate-cuvee-vintage-rose/w/2211167?year=2021&price_id=40740476
[2026-03-16 13:15:27]  [224/2753] [!] 데이터 없음: https://www.vivino.com/en/craggy-range-gimblett-gravels-les-beaux-cailloux/w/79638?year=2018&price_id=22579435
[2026-03-16 13:15:27]  [223/2753] [!] 데이터 없음: https://www.vivino.com/en/joh-jos-prum-wehlener-sonnenuhr-riesling-spatlese-kabinett/w/2763744?year=2023&price_id=37844084
[2026-03-16 13:15:27]  [226/2753] [!] 데이터 없음: https://www.vivino.com/en/felton-road-block-3-pinot-noir/w/88321?year=2022&price_id=38863698
[2026-03-16 13:15:27]  [227/2753] [!] 데이터 없음: https://www.vivino.com/en/bodegas-bianchi-enzo-bianchi-gran-cru/w/13810?year=2002&price_id=2804773
[2026-03-16 13:15:27]  [228/2753] [!] 데이터 없음: https://www.vivino.com/en/castell-del-remei-oda-negre/w/1615?year=2006&price_id=2804630
[2026-03-16 13:15:27]  [225/2753] [!] 데이터 없음: https://www.vivino.com/en/beaucanon-estate-chardonnay/w/2031193?year=2008&price_id=2894985
[2026-03-16 13:15:27]  [229/2753] [!] 데이터 없음: https://www.vivino.com/en/colterenzio-schreckbichl-pinot-nero-blauburgunder/w/1183126?year=2005&price_id=14650557
[2026-03-16 13:15:27]  [230/2753] [!] 데이터 없음: https://www.vivino.com/en/albert-grivault-meursault-1er-cru-perrieres/w/1107291?year=2022&price_id=38107653
[2026-03-16 13:15:27]  [231/2753] [!] 데이터 없음: https://www.vivino.com/en/jean-louis-trocard-clos-de-la-vieille-eglise-pomerol-pomerol/w/1101197?year=2002&price_id=7944129
[2026-03-16 13:15:27]  [232/2753] [!] 데이터 없음: https://www.vivino.com/en/caballero-la-mancha-reserva/w/2420878?year=2016&price_id=25662778
[2026-03-16 13:15:27]  [233/2753] [!] 데이터 없음: https://www.vivino.com/en/riunite-l-olma-lambrusco-reggiano-reggiano/w/4942963?price_id=37938022
[2026-03-16 13:15:27]  [234/2753] [!] 데이터 없음: https://www.vivino.com/en/ikon-evangelista-cabernet-franc/w/1283551?year=2009&price_id=9185013
[2026-03-16 13:15:27]  [235/2753] [!] 데이터 없음: https://www.vivino.com/en/lapostolle-grand-selection-sauvignon-blanc/w/1808938?year=2006&price_id=2895341
[2026-03-16 13:15:27]  [236/2753] [!] 데이터 없음: https://www.vivino.com/en/chateau-guiraud-sauternes-premier-grand-cru-classe/w/22224?year=2005&price_id=7944028
[2026-03-16 13:15:27]  [237/2753] [!] 데이터 없음: https://www.vivino.com/en/chateau-leoville-barton-saint-julien-grand-cru-classe/w/22685?year=1986&price_id=38459341
[2026-03-16 13:15:27]  [238/2753] [!] 데이터 없음: https://www.vivino.com/en/clos-de-la-chapelle-volnay-1er-cru-en-carelle/w/1700758?year=2018&price_id=33035205
[2026-03-16 13:15:27]  [239/2753] [!] 데이터 없음: https://www.vivino.com/en/dog-point-section-94-sauvignon-blanc/w/79391?year=2020&price_id=40582572
[2026-03-16 13:15:27]  [240/2753] [!] 데이터 없음: https://www.vivino.com/en/la-bollina-zenas-primitivo/w/6872989?year=2021&price_id=37805367
[2026-03-16 13:15:28] --- 중간 저장: 누적 1029건 ---
[2026-03-16 13:15:34]  [243/2753] [!] 데이터 없음: https://www.vivino.com/en/joseph-phelps-vineyards-cabernet-sauvignon/w/16578?year=2021&price_id=34025115
[2026-03-16 13:15:34]  [242/2753] [!] 데이터 없음: https://www.vivino.com/en/guido-berlucchi-sixtyone-franciacorta-brut/w/1703690?price_id=1881286
[2026-03-16 13:15:34]  [241/2753] [!] 데이터 없음: https://www.vivino.com/en/rivera-piani-di-tufara-moscato-di-trani-dolce/w/1856327?year=2017&price_id=23905355
[2026-03-16 13:15:34]  [244/2753] [!] 데이터 없음: https://www.vivino.com/en/fromm-winery-syrah/w/2450701?year=2022&price_id=39388042
[2026-03-16 13:15:34]  [245/2753] [!] 데이터 없음: https://www.vivino.com/en/bisquertt-la-joya-gran-reserva-syrah/w/1841897?year=2003&price_id=14650538
[2026-03-16 13:15:34]  [246/2753] [!] 데이터 없음: https://www.vivino.com/en/kendall-jackson-vintner-s-reserve-cabernet-sauvignon/w/2140?year=2016&price_id=21643554
[2026-03-16 13:15:34]  [247/2753] [!] 데이터 없음: https://www.vivino.com/en/mitchelton-blackwood-park-riesling/w/1212235?year=2006&price_id=2873746
[2026-03-16 13:15:34]  [248/2753] [!] 데이터 없음: https://www.vivino.com/en/domaine-vacheron-sancerre-le-paradis/w/1856143?year=2023&price_id=39001873
[2026-03-16 13:15:34]  [249/2753] [!] 데이터 없음: https://www.vivino.com/en/ets-jean-guillot-chateau-bouteilley/w/85973?year=2005&price_id=15437023
[2026-03-16 13:15:34]  [250/2753] [!] 데이터 없음: https://www.vivino.com/en/ferrari-maximum-brut/w/1864742?price_id=275375
[2026-03-16 13:15:34]  [251/2753] [!] 데이터 없음: https://www.vivino.com/en/chard-farm-river-run-pinot-noir/w/1648097?year=2024&price_id=40723807
[2026-03-16 13:15:34]  [252/2753] [!] 데이터 없음: https://www.vivino.com/en/pyramid-valley-vineyards-angel-flower-pinot-noir/w/1485818?year=2022&price_id=37229845
[2026-03-16 13:15:35]  [253/2753] [!] 데이터 없음: https://www.vivino.com/en/ar-flechas-de-los-andes-gran-corte/w/1154129?year=2007&price_id=2754692
[2026-03-16 13:15:35]  [254/2753] [!] 데이터 없음: https://www.vivino.com/en/warres-otima-10-year-old-tawny-port/w/1185659?price_id=8478988
[2026-03-16 13:15:35]  [255/2753] [!] 데이터 없음: https://www.vivino.com/en/monteviejo-festivo-torrontes-la-rioja/w/1531905?year=2015&price_id=18814631
[2026-03-16 13:15:35]  [256/2753] [!] 데이터 없음: https://www.vivino.com/en/bodega-norton-barrel-select-malbec/w/1136013?year=2005&price_id=2804583
[2026-03-16 13:15:35]  [258/2753] [!] 데이터 없음: https://www.vivino.com/en/weingut-knoll-loibner-riesling-smaragd/w/1102925?year=2024&price_id=39978498
[2026-03-16 13:15:35]  [261/2753] [!] 데이터 없음: https://www.vivino.com/en/thummerer-egri-csillag-vedett-eredetu-birtok/w/1893958?year=2014&price_id=9156610
[2026-03-16 13:15:35]  [262/2753] [!] 데이터 없음: https://www.vivino.com/en/mollydooker-winery-the-boxer-shiraz/w/950?year=2016&price_id=18675550
[2026-03-16 13:15:35]  [263/2753] [!] 데이터 없음: https://www.vivino.com/en/chateau-guiraud-sauternes-premier-grand-cru-classe/w/22224?year=2013&price_id=10271781
[2026-03-16 13:15:35]  [264/2753] [!] 데이터 없음: https://www.vivino.com/en/dujardin-chasne-bourgogne-aligote/w/12148433?year=2022&price_id=38879600
[2026-03-16 13:15:35]  [265/2753] [!] 데이터 없음: https://www.vivino.com/en/julien-sunier-morgon/w/1182917?year=2023&price_id=38774116
[2026-03-16 13:15:35]  [267/2753] [!] 데이터 없음: https://www.vivino.com/en/schloss-johannisberg-riesling-kabinett/w/6795525?year=2006&price_id=30730933
[2026-03-16 13:15:35]  [268/2753] [!] 데이터 없음: https://www.vivino.com/en/monier-perreol-chatelet-saint-joseph/w/1229066?year=2022&price_id=38520535
[2026-03-16 13:15:35]  [269/2753] [!] 데이터 없음: https://www.vivino.com/en/kopke-ten-years-old-tawny-port-porto/w/1184916?price_id=26433271
[2026-03-16 13:15:35]  [259/2753] [!] 데이터 없음: https://www.vivino.com/en/chateau-musar-blanc-gaston-hochar/w/1888649?year=2009&price_id=38634822
[2026-03-16 13:15:35]  [260/2753] [!] 데이터 없음: https://www.vivino.com/en/vina-vik-winery-la-piu-belle/w/5571323?year=2011&price_id=18967980
[2026-03-16 13:15:35]  [270/2753] [!] 데이터 없음: https://www.vivino.com/en/tenuta-il-poggione-brunello-di-montalcino/w/22175?year=2019&price_id=41181839
[2026-03-16 13:15:35]  [266/2753] [!] 데이터 없음: https://www.vivino.com/en/f-x-pichler-unendlich-gruner-veltliner/w/2835690?year=2018&price_id=37843933
[2026-03-16 13:15:35]  [257/2753] [!] 데이터 없음: https://www.vivino.com/en/quartz-reef-pinot-gris/w/1259465?year=2022&price_id=31180736
[2026-03-16 13:15:36] --- 중간 저장: 누적 1029건 ---
[2026-03-16 13:15:43]  [281/2753] [!] 데이터 없음: https://www.vivino.com/en/sa-prum-wehlener-sonnenuhr-riesling-auslese/w/88363?year=2023&price_id=37843661
[2026-03-16 13:15:43]  [271/2753] [!] 데이터 없음: https://www.vivino.com/en/isla-negra-cabernet-sauvignon-merlot-west-bay/w/3115103?year=2017&price_id=16804550
[2026-03-16 13:15:43]  [272/2753] [!] 데이터 없음: https://www.vivino.com/en/altamar-rueda-verdejo/w/4803701?year=2012&price_id=14550104
[2026-03-16 13:15:43]  [273/2753] [!] 데이터 없음: https://www.vivino.com/en/weingut-knoll-ried-loibenberg-loibner-gruner-veltliner-smaragd/w/1102930?year=2024&price_id=39978492
[2026-03-16 13:15:43]  [274/2753] [!] 데이터 없음: https://www.vivino.com/en/jermann-chardonnay/w/2342369?year=2022&price_id=37844029
[2026-03-16 13:15:43]  [275/2753] [!] 데이터 없음: https://www.vivino.com/en/molino-104975-loreto-barbera-d-asti/w/1514450?year=2023&price_id=37143598
[2026-03-16 13:15:43]  [277/2753] [!] 데이터 없음: https://www.vivino.com/en/raphet-charmes-chambertin-grand-cru/w/1295425?year=2021&price_id=33035150
[2026-03-16 13:15:43]  [276/2753] [!] 데이터 없음: https://www.vivino.com/en/luis-felipe-edwards-reserva-gewurztraminer/w/2245468?year=2015&price_id=8392484
[2026-03-16 13:15:43]  [278/2753] [!] 데이터 없음: https://www.vivino.com/en/destiny-bay-vineyards-mystae/w/1395058?year=2021&price_id=38617055
[2026-03-16 13:15:43]  [279/2753] [!] 데이터 없음: https://www.vivino.com/en/tenuta-san-guido-guidalberto/w/5080?year=2017&price_id=36485473
[2026-03-16 13:15:43]  [280/2753] [!] 데이터 없음: https://www.vivino.com/en/pradelle-crozes-hermitage-blanc/w/5392591?year=2021&price_id=33741510
[2026-03-16 13:15:43]  [282/2753] [!] 데이터 없음: https://www.vivino.com/en/hans-herzog-hans-family-estate-tempranillo/w/1631495?year=2019&price_id=39677278
[2026-03-16 13:15:43]  [284/2753] [!] 데이터 없음: https://www.vivino.com/en/pignier-savagnin-cotes-du-jura/w/1663538?year=2018&price_id=38189715
[2026-03-16 13:15:43]  [285/2753] [!] 데이터 없음: https://www.vivino.com/en/balthasar-ress-riesling-feinherb/w/1306612?year=2017&price_id=22384551
[2026-03-16 13:15:43]  [286/2753] [!] 데이터 없음: https://www.vivino.com/en/stephane-aviron-vieilles-vignes-moulin-a-vent/w/1112521?year=2021&price_id=33035181
[2026-03-16 13:15:43]  [287/2753] [!] 데이터 없음: https://www.vivino.com/en/veyder-malberg-hochrain-gruner-veltliner/w/1448968?year=2020&price_id=37844098
[2026-03-16 13:15:43]  [288/2753] [!] 데이터 없음: https://www.vivino.com/en/carchelo-carchelo-c/w/77868?year=2009&price_id=14650364
[2026-03-16 13:15:43]  [289/2753] [!] 데이터 없음: https://www.vivino.com/en/f-x-pichler-ried-steinertal-riesling-smaragd/w/8524886?year=2024&price_id=40262166
[2026-03-16 13:15:43]  [283/2753] [!] 데이터 없음: https://www.vivino.com/en/weingut-knoll-ried-schutt-durnsteiner-riesling-smaragd/w/1102933?year=2023&price_id=37844074
[2026-03-16 13:15:43]  [292/2753] [!] 데이터 없음: https://www.vivino.com/en/contadi-castaldi-franciacorta-brut/w/1136839?price_id=2698433
[2026-03-16 13:15:43]  [293/2753] [!] 데이터 없음: https://www.vivino.com/en/domaine-a-f-gros-moulin-a-vent-en-mortperay/w/6900454?year=2022&price_id=37843938
[2026-03-16 13:15:43]  [295/2753] [!] 데이터 없음: https://www.vivino.com/en/obikwa-pinotage/w/1265981?year=2005&price_id=2895115
[2026-03-16 13:15:43]  [296/2753] [!] 데이터 없음: https://www.vivino.com/en/mas-de-daumas-gassac-haut-vallee-du-gassac-rouge/w/11079?year=2021&price_id=37843654
[2026-03-16 13:15:44]  [297/2753] [!] 데이터 없음: https://www.vivino.com/en/bodegas-piqueras-marius-unico-blanco/w/5294970?year=2012&price_id=15198790
[2026-03-16 13:15:44]  [298/2753] [!] 데이터 없음: https://www.vivino.com/en/domaine-poisot-pere-and-fils-corton-charlemagne-grand-cru/w/1635303?year=2015&price_id=34744462
[2026-03-16 13:15:44]  [299/2753] [!] 데이터 없음: https://www.vivino.com/en/schafer-frohlich-stromberg-riesling-gg/w/2711628?year=2020&price_id=37843804
[2026-03-16 13:15:44]  [290/2753] [!] 데이터 없음: https://www.vivino.com/en/rippon-rippon-mature-vine-riesling-otago/w/2059976?year=2022&price_id=38617044
[2026-03-16 13:15:44]  [291/2753] [!] 데이터 없음: https://www.vivino.com/en/gallo-family-vineyards-chardonnay/w/38484?year=2002&price_id=2895309
[2026-03-16 13:15:44]  [300/2753] [!] 데이터 없음: https://www.vivino.com/en/silver-oak-napa-valley-cabernet-sauvignon/w/3069?year=2016&price_id=26506347
[2026-03-16 13:15:44]  [294/2753] [!] 데이터 없음: https://www.vivino.com/en/chateau-musar-blanc-gaston-hochar/w/1888649?year=1997&price_id=37843562
[2026-03-16 13:15:44] --- 중간 저장: 누적 1029건 ---
[2026-03-16 13:15:51]  [301/2753] [!] 데이터 없음: https://www.vivino.com/en/paraduxx-winemakers-series/w/2145419?year=2021&price_id=35101482
[2026-03-16 13:15:51]  [302/2753] [!] 데이터 없음: https://www.vivino.com/en/hugo-casanova-chardonnay-reserva/w/1225231?year=2006&price_id=2804900
[2026-03-16 13:15:51]  [303/2753] [!] 데이터 없음: https://www.vivino.com/en/kopke-fine-ruby-port/w/1188015?price_id=26433270
[2026-03-16 13:15:51]  [305/2753] [!] 데이터 없음: https://www.vivino.com/en/w-j-graham-s-six-grapes-reserve-port/w/1138277?price_id=18675544
[2026-03-16 13:15:51]  [304/2753] [!] 데이터 없음: https://www.vivino.com/en/mantlerhof-roter-veltliner-reisenthal/w/1133628?year=2019&price_id=41033989
[2026-03-16 13:15:51]  [307/2753] [!] 데이터 없음: https://www.vivino.com/en/tinazzi-cabernet-corvina-le-due-giare/w/1162697?year=2006&price_id=14550376
[2026-03-16 13:15:51]  [306/2753] [!] 데이터 없음: https://www.vivino.com/en/gaja-rossj-bass-langhe/w/66204?year=2023&price_id=37843677
[2026-03-16 13:15:51]  [308/2753] [!] 데이터 없음: https://www.vivino.com/en/puriri-hills-estate/w/1369553?year=2022&price_id=41158274
[2026-03-16 13:15:51]  [309/2753] [!] 데이터 없음: https://www.vivino.com/en/domaine-du-pelican-loire-valley-arbois-savagnin-ouille/w/2172731?year=2018&price_id=37843655
[2026-03-16 13:15:51]  [310/2753] [!] 데이터 없음: https://www.vivino.com/en/greywacke-kevin-judd-chardonnay/w/1130871?year=2022&price_id=36539709
[2026-03-16 13:15:51]  [311/2753] [!] 데이터 없음: https://www.vivino.com/en/marquez-tawny-porto/w/1520664?price_id=22111576
[2026-03-16 13:15:51]  [312/2753] [!] 데이터 없음: https://www.vivino.com/en/wolf-blass-president-s-selection-shiraz/w/1130082?year=2005&price_id=2754242
[2026-03-16 13:15:51]  [322/2753] [!] 데이터 없음: https://www.vivino.com/en/chateau-vartely-cabernet-sauvignon-sec/w/2134513?year=2009&price_id=2804947
[2026-03-16 13:15:52]  [313/2753] [!] 데이터 없음: https://www.vivino.com/en/casa-silva-reserva-carmenere/w/18310?year=2014&price_id=16730155
[2026-03-16 13:15:52]  [314/2753] [!] 데이터 없음: https://www.vivino.com/en/jean-louis-trocard-chateau-la-croix-le-coeur-du-bellevue-lalande-de-pomerol/w/2094817?year=2010&price_id=7944148
[2026-03-16 13:15:52]  [315/2753] [!] 데이터 없음: https://www.vivino.com/en/matt-connell-lowburn-single-vineyard-chardonnay/w/6837483?year=2023&price_id=36908482
[2026-03-16 13:15:52]  [316/2753] [!] 데이터 없음: https://www.vivino.com/en/fr-francois-lurton-gran-lurton-grande-reserve-cabernet-sauvignon/w/1589290?year=2005&price_id=13809069
[2026-03-16 13:15:52]  [317/2753] [!] 데이터 없음: https://www.vivino.com/en/borgo-magredo-pinot-grigio/w/1467211?year=2019&price_id=28232809
[2026-03-16 13:15:52]  [318/2753] [!] 데이터 없음: https://www.vivino.com/en/sa-prum-graacher-himmelreich-riesling-spatlese/w/88365?year=2020&price_id=37843857
[2026-03-16 13:15:52]  [319/2753] [!] 데이터 없음: https://www.vivino.com/en/chateau-musar-rouge-gaston-hochar/w/75190?year=1999&price_id=38634836
[2026-03-16 13:15:52]  [320/2753] [!] 데이터 없음: https://www.vivino.com/en/domaine-marc-morey-fils-chassagne-montrachet-1er-cru-en-virondot/w/1229689?year=2023&price_id=39191428
[2026-03-16 13:15:52]  [321/2753] [!] 데이터 없음: https://www.vivino.com/en/chateau-fourcas-hosten-listrac-medoc/w/82019?year=1995&price_id=41167103
[2026-03-16 13:15:52]  [323/2753] [!] 데이터 없음: https://www.vivino.com/en/-gran-duque-d-alba-gran-reserva/w/1157631?price_id=2804627
[2026-03-16 13:15:52]  [324/2753] [!] 데이터 없음: https://www.vivino.com/en/saltram-maker-s-table-chardonnay/w/64224?year=2006&price_id=2895149
[2026-03-16 13:15:52]  [325/2753] [!] 데이터 없음: https://www.vivino.com/en/domaine-vacheron-sancerre-les-romains/w/1100747?year=2022&price_id=37844099
[2026-03-16 13:15:52]  [326/2753] [!] 데이터 없음: https://www.vivino.com/en/chateau-clarke-listrac-medoc/w/1148646?year=1985&price_id=38183108
[2026-03-16 13:15:52]  [327/2753] [!] 데이터 없음: https://www.vivino.com/en/la-chablisienne-blanchot-chablis-grand-cru/w/16632?year=2003&price_id=7953916
[2026-03-16 13:15:52]  [328/2753] [!] 데이터 없음: https://www.vivino.com/en/tramier-l-and-fils-coteaux-bourguignons/w/2734286?year=2016&price_id=27135913
[2026-03-16 13:15:52]  [329/2753] [!] 데이터 없음: https://www.vivino.com/en/ruinart-brut-r-de-ruinart-champagne/w/1382045?price_id=4337398
[2026-03-16 13:15:52]  [330/2753] [!] 데이터 없음: https://www.vivino.com/en/niepoort-white-port/w/1265624?price_id=17525333
[2026-03-16 13:15:52] --- 중간 저장: 누적 1029건 ---
[2026-03-16 13:16:01]  [331/2753] [!] 데이터 없음: https://www.vivino.com/en/f-x-pichler-ried-klostersatz-gruner-veltliner-federspiel/w/5764483?year=2023&price_id=37843887
[2026-03-16 13:16:01]  [332/2753] [!] 데이터 없음: https://www.vivino.com/en/pago-los-balancines-huno-blend/w/1596484?year=2014&price_id=15592205
[2026-03-16 13:16:01]  [333/2753] [!] 데이터 없음: https://www.vivino.com/en/maison-roche-de-bellene-pinot-noir-bourgogne/w/3850344?year=2022&price_id=40475587
[2026-03-16 13:16:01]  [334/2753] [!] 데이터 없음: https://www.vivino.com/en/lackner-tinnacher-sauvignon-blanc-welles/w/2454199?year=2021&price_id=37843749
[2026-03-16 13:16:01]  [335/2753] [!] 데이터 없음: https://www.vivino.com/en/peregrine-wines-central-otago-limited-riesling/w/93280?year=2024&price_id=40799059
[2026-03-16 13:16:01]  [336/2753] [!] 데이터 없음: https://www.vivino.com/en/jp-chenet-delicious-medium-sweet-moelleux-red/w/6451369?year=2006&price_id=7944107
[2026-03-16 13:16:01]  [337/2753] [!] 데이터 없음: https://www.vivino.com/en/chateau-mont-redon-chateauneuf-du-pape-blanc/w/2044149?year=1997&price_id=41179721
[2026-03-16 13:16:01]  [338/2753] [!] 데이터 없음: https://www.vivino.com/en/gantenbein-chardonnay-graubunden/w/1571955?year=2022&price_id=37843782
[2026-03-16 13:16:01]  [339/2753] [!] 데이터 없음: https://www.vivino.com/en/mishas-the-starlet-central-otago-sauvignon-blanc/w/1624318?year=2024&price_id=40801829
[2026-03-16 13:16:01]  [340/2753] [!] 데이터 없음: https://www.vivino.com/en/chard-farm-swiftburn-sauvignon-blanc/w/83456?year=2024&price_id=40802957
[2026-03-16 13:16:01]  [341/2753] [!] 데이터 없음: https://www.vivino.com/en/domaine-anne-et-herve-sigaut-morey-saint-denis-1er-cru-les-charrieres/w/1575980?year=2021&price_id=33059127
[2026-03-16 13:16:01]  [342/2753] [!] 데이터 없음: https://www.vivino.com/en/stonyridge-vineyard-larose-red-blend/w/1631901?year=2021&price_id=31198174
[2026-03-16 13:16:02]  [351/2753] [!] 데이터 없음: https://www.vivino.com/en/weingut-knoll-loibner-riesling-beerenauslese/w/5109199?year=2015&price_id=37843601
[2026-03-16 13:16:02]  [343/2753] [!] 데이터 없음: https://www.vivino.com/en/azienda-agricola-conterno-fantino-chardonnay-langhe-bastia/w/16649?year=2022&price_id=37845841
[2026-03-16 13:16:02]  [344/2753] [!] 데이터 없음: https://www.vivino.com/en/mcarthur-ridge-southern-tor-pinot-noir/w/1406154?year=2024&price_id=39388053
[2026-03-16 13:16:02]  [345/2753] [!] 데이터 없음: https://www.vivino.com/en/lapostolle-grand-selection-merlot-rapel-valley-red-wine/w/13746?year=2013&price_id=10373658
[2026-03-16 13:16:02]  [346/2753] [!] 데이터 없음: https://www.vivino.com/en/wente-family-vineyards-riverbank-riesling/w/1736524?year=2006&price_id=2895325
[2026-03-16 13:16:02]  [347/2753] [!] 데이터 없음: https://www.vivino.com/en/chateau-poujeaux-moulis-en-medoc/w/86373?year=1995&price_id=38114044
[2026-03-16 13:16:02]  [348/2753] [!] 데이터 없음: https://www.vivino.com/en/cave-st-pierre-reserve-des-administrateurs-pinot-noir/w/1308911?year=2004&price_id=2873668
[2026-03-16 13:16:02]  [349/2753] [!] 데이터 없음: https://www.vivino.com/en/mondie-reserve-oak-aged-cabernet-merlot/w/1232873?year=2011&price_id=7953611
[2026-03-16 13:16:02]  [350/2753] [!] 데이터 없음: https://www.vivino.com/en/angels-gate-cabernet-merlot/w/10467?year=2012&price_id=14550151
[2026-03-16 13:16:02]  [352/2753] [!] 데이터 없음: https://www.vivino.com/en/domaine-arnaud-et-sophie-gevrey-chambertin-en-champs/w/8030637?year=2022&price_id=37844013
[2026-03-16 13:16:02]  [353/2753] [!] 데이터 없음: https://www.vivino.com/en/chateau-lafite-rothschild-pauillac-premier-grand-cru-classe-pauillac/w/3908?year=1990&price_id=37844096
[2026-03-16 13:16:02]  [354/2753] [!] 데이터 없음: https://www.vivino.com/en/mudbrick-noble-riesling-reserve/w/3370989?year=2024&price_id=38724769
[2026-03-16 13:16:02]  [360/2753] [!] 데이터 없음: https://www.vivino.com/en/umani-ronchi-passetto-trebbiano-chardonnay-marche/w/3499?year=2010&price_id=2804695
[2026-03-16 13:16:03]  [355/2753] [!] 데이터 없음: https://www.vivino.com/en/felton-road-block-3-pinot-noir/w/88321?year=2016&price_id=37601779
[2026-03-16 13:16:03]  [356/2753] [!] 데이터 없음: https://www.vivino.com/en/elvio-cogno-barolo-cascina-nuova/w/21058?year=2015&price_id=23905354
[2026-03-16 13:16:03]  [357/2753] [!] 데이터 없음: https://www.vivino.com/en/domaine-tortochot-clos-de-vougeot-grand-cru/w/1450095?year=2021&price_id=33035099
[2026-03-16 13:16:03]  [358/2753] [!] 데이터 없음: https://www.vivino.com/en/l-octavin-hip-hip-j-chardonnay/w/9047303?year=2023&price_id=41024195
[2026-03-16 13:16:03]  [359/2753] [!] 데이터 없음: https://www.vivino.com/en/ercavio-garnacha-de-la-madre-castilla-la-mancha/w/5342613?year=2021&price_id=38275569
[2026-03-16 13:16:03] --- 중간 저장: 누적 1029건 ---
[2026-03-16 13:16:11]  [362/2753] [!] 데이터 없음: https://www.vivino.com/en/quinta-do-noval-late-bottled-vintage-port/w/2242915?year=2019&price_id=39523914
[2026-03-16 13:16:12]  [361/2753] [!] 데이터 없음: https://www.vivino.com/en/biserno-campo-di-sasso-insoglio-del-cinghiale/w/59754?year=2022&price_id=37844082
[2026-03-16 13:16:12]  [363/2753] [!] 데이터 없음: https://www.vivino.com/en/powers-winery-muscat-canelli/w/2650908?year=2010&price_id=2895315
[2026-03-16 13:16:12]  [364/2753] [!] 데이터 없음: https://www.vivino.com/en/felton-road-bannockburn-pinot-noir/w/88318?year=2024&price_id=39400427
[2026-03-16 13:16:12]  [365/2753] [!] 데이터 없음: https://www.vivino.com/en/jean-marc-brocard-chablis-premier-cru-vau-de-vey/w/1385279?year=2013&price_id=7943981
[2026-03-16 13:16:12]  [366/2753] [!] 데이터 없음: https://www.vivino.com/en/hans-herzog-hans-family-estate-viognier/w/1846408?year=2020&price_id=34079253
[2026-03-16 13:16:12]  [367/2753] [!] 데이터 없음: https://www.vivino.com/en/matrot-saint-romain/w/2257533?year=2022&price_id=38472563
[2026-03-16 13:16:12]  [368/2753] [!] 데이터 없음: https://www.vivino.com/en/elvio-cogno-barolo-cascina-nuova/w/21058?year=2020&price_id=39830172
[2026-03-16 13:16:12]  [370/2753] [!] 데이터 없음: https://www.vivino.com/en/f-x-pichler-ried-kellerberg-riesling-smaragd-wachau/w/6266434?year=2023&price_id=37843816
[2026-03-16 13:16:12]  [369/2753] [!] 데이터 없음: https://www.vivino.com/en/kilikanoon-oracle-shiraz/w/1796241?year=2005&price_id=2754633
[2026-03-16 13:16:12]  [371/2753] [!] 데이터 없음: https://www.vivino.com/en/mitolo-jester-shiraz/w/79009?year=2017&price_id=26704524
[2026-03-16 13:16:12]  [372/2753] [!] 데이터 없음: https://www.vivino.com/en/domaine-de-fa-saint-amour/w/5123545?year=2022&price_id=38774120
[2026-03-16 13:16:12]  [373/2753] [!] 데이터 없음: https://www.vivino.com/en/jean-loron-bourgogne-chardonnay/w/2875963?year=2016&price_id=17652178
[2026-03-16 13:16:12]  [377/2753] [!] 데이터 없음: https://www.vivino.com/en/la-linda-malbec-syrah/w/2781962?year=2022&price_id=38979661
[2026-03-16 13:16:12]  [378/2753] [!] 데이터 없음: https://www.vivino.com/en/es-gonzalez-byass-vina-ab-amontillado-seco/w/1493862?price_id=22111806
[2026-03-16 13:16:12]  [374/2753] [!] 데이터 없음: https://www.vivino.com/en/gallo-family-vineyards-gallo-of-sonoma-cabernet-sauvignon/w/2622609?year=1994&price_id=2804936
[2026-03-16 13:16:12]  [375/2753] [!] 데이터 없음: https://www.vivino.com/en/velich-to/w/1126500?year=2022&price_id=38489447
[2026-03-16 13:16:12]  [376/2753] [!] 데이터 없음: https://www.vivino.com/en/salentein-portillo-malbec/w/1147628?year=2002&price_id=2804752
[2026-03-16 13:16:12]  [379/2753] [!] 데이터 없음: https://www.vivino.com/en/vietti-moscato-d-asti-moscato-dasti/w/1172215?year=2019&price_id=23891670
[2026-03-16 13:16:13]  [380/2753] [!] 데이터 없음: https://www.vivino.com/en/georges-duboeuf-fleurie-clos-des-quatre-vents/w/79432?year=2010&price_id=14549832
[2026-03-16 13:16:13]  [381/2753] [!] 데이터 없음: https://www.vivino.com/en/torcalvano-gracciano-amarone-della-valpolicella/w/1171804?year=2002&price_id=2804954
[2026-03-16 13:16:13]  [382/2753] [!] 데이터 없음: https://www.vivino.com/en/chateau-du-barry-bordeaux-bordeaux/w/1270894?year=2010&price_id=7953653
[2026-03-16 13:16:13]  [383/2753] [!] 데이터 없음: https://www.vivino.com/en/st-michael-eppan-sanct-valentin-sauvignon/w/1644452?year=2017&price_id=18803727
[2026-03-16 13:16:13]  [384/2753] [!] 데이터 없음: https://www.vivino.com/en/fr-boyrein-graves-rouge/w/97135?year=2010&price_id=7953629
[2026-03-16 13:16:13]  [385/2753] [!] 데이터 없음: https://www.vivino.com/en/bodegas-marques-de-caceres-crianza/w/10247?year=2007&price_id=19160031
[2026-03-16 13:16:13]  [386/2753] [!] 데이터 없음: https://www.vivino.com/en/avignonesi-desiderio-merlot/w/1209?year=2018&price_id=36485679
[2026-03-16 13:16:13]  [387/2753] [!] 데이터 없음: https://www.vivino.com/en/feuillat-juillot-montagny-1er-cru-les-coeres/w/1385386?year=2022&price_id=35345629
[2026-03-16 13:16:13]  [388/2753] [!] 데이터 없음: https://www.vivino.com/en/chateau-la-conseillante-pomerol/w/768733?year=1982&price_id=38174403
[2026-03-16 13:16:13]  [389/2753] [!] 데이터 없음: https://www.vivino.com/en/man-vintners-shiraz-skaapveld/w/1706579?year=2024&price_id=41138073
[2026-03-16 13:16:13]  [390/2753] [!] 데이터 없음: https://www.vivino.com/en/prophecy-sauvignon-blanc/w/3504438?year=2017&price_id=19190703
[2026-03-16 13:16:14] --- 중간 저장: 누적 1029건 ---
[2026-03-16 13:16:23]  [394/2753] [!] 데이터 없음: https://www.vivino.com/en/donnhoff-weissburgunder-s/w/1155962?year=2021&price_id=37843594
[2026-03-16 13:16:23]  [395/2753] [!] 데이터 없음: https://www.vivino.com/en/pyramid-valley-vineyards-field-of-fire-chardonnay/w/1548421?year=2022&price_id=37229827
[2026-03-16 13:16:23]  [398/2753] [!] 데이터 없음: https://www.vivino.com/en/franz-haas-pinot-nero/w/15222?year=2021&price_id=36485595
[2026-03-16 13:16:23]  [391/2753] [!] 데이터 없음: https://www.vivino.com/en/bodegas-ximenez-spinola-varietal-fermentacion-lenta/w/4361682?year=2016&price_id=37357890
[2026-03-16 13:16:23]  [392/2753] [!] 데이터 없음: https://www.vivino.com/en/a-et-p-de-villaine-bouzeron/w/80279?year=2024&price_id=41141499
[2026-03-16 13:16:23]  [393/2753] [!] 데이터 없음: https://www.vivino.com/en/terra-sancta-estate-pinot-noir-rose/w/1399129?year=2024&price_id=38617052
[2026-03-16 13:16:23]  [396/2753] [!] 데이터 없음: https://www.vivino.com/en/livio-felluga-illivio/w/15093?year=2021&price_id=36485664
[2026-03-16 13:16:23]  [397/2753] [!] 데이터 없음: https://www.vivino.com/en/massena-the-moonlight-run/w/1084161?year=2005&price_id=2894949
[2026-03-16 13:16:23]  [399/2753] [!] 데이터 없음: https://www.vivino.com/en/chateau-capion-fiona-rouge/w/1742379?year=2000&price_id=14650440
[2026-03-16 13:16:23]  [400/2753] [!] 데이터 없음: https://www.vivino.com/en/haut-brion-pessac-leognan-premier-grand-cru-classe/w/1152755?year=1982&price_id=38161855
[2026-03-16 13:16:23]  [401/2753] [!] 데이터 없음: https://www.vivino.com/en/donnhoff-dellchen-riesling-gg/w/1496022?year=2024&price_id=39818762
[2026-03-16 13:16:23]  [402/2753] [!] 데이터 없음: https://www.vivino.com/en/champagne-billecart-salmon-brut-rose-champagne/w/1211816?price_id=3075130
[2026-03-16 13:16:24]  [403/2753] [!] 데이터 없음: https://www.vivino.com/en/puygueraud-closerie-des-bories-francs-cotes-de-bordeaux-cotes-de-francs/w/2826856?year=2012&price_id=10066343
[2026-03-16 13:16:24]  [404/2753] [!] 데이터 없음: https://www.vivino.com/en/cloudy-bay-sauvignon-blanc/w/18978?year=2025&price_id=40828012
[2026-03-16 13:16:24]  [409/2753] [!] 데이터 없음: https://www.vivino.com/en/joh-jos-prum-wehlener-sonnenuhr-riesling-spatlese-kabinett/w/2763744?year=2018&price_id=40825898
[2026-03-16 13:16:24]  [405/2753] [!] 데이터 없음: https://www.vivino.com/en/chateau-saint-pierre-saint-julien-saint-julien-grand-cru-classe/w/1181214?year=2015&price_id=15443998
[2026-03-16 13:16:24]  [406/2753] [!] 데이터 없음: https://www.vivino.com/en/kendall-jackson-grand-reserve-cabernet-sauvignon/w/2130?year=2003&price_id=14549859
[2026-03-16 13:16:24]  [407/2753] [!] 데이터 없음: https://www.vivino.com/en/mantellassi-il-canneto-maremma-toscana-sangiovese/w/1177277?year=2004&price_id=14550189
[2026-03-16 13:16:24]  [408/2753] [!] 데이터 없음: https://www.vivino.com/en/cortesio-barbera-d-asti/w/3349353?year=2008&price_id=2805037
[2026-03-16 13:16:24]  [410/2753] [!] 데이터 없음: https://www.vivino.com/en/relais-du-cheval-blanc-bordeaux/w/1164398?year=2000&price_id=7953849
[2026-03-16 13:16:24]  [411/2753] [!] 데이터 없음: https://www.vivino.com/en/di-giulia-il-gentile-marche-bianco/w/3784717?year=2018&price_id=27032883
[2026-03-16 13:16:24]  [412/2753] [!] 데이터 없음: https://www.vivino.com/en/terra-andina-cabernet-sauvignon/w/1136559?year=2009&price_id=2805005
[2026-03-16 13:16:24]  [413/2753] [!] 데이터 없음: https://www.vivino.com/en/punters-corner-shiraz/w/1213807?year=2006&price_id=14549793
[2026-03-16 13:16:24]  [414/2753] [!] 데이터 없음: https://www.vivino.com/en/lornano-chianti-classico/w/1575748?year=2015&price_id=32716161
[2026-03-16 13:16:24]  [415/2753] [!] 데이터 없음: https://www.vivino.com/en/la-gorce-medoc/w/1984563?year=2009&price_id=7943987
[2026-03-16 13:16:24]  [416/2753] [!] 데이터 없음: https://www.vivino.com/en/jean-louis-trocard-chateau-trocard-bordeaux-superieur/w/1171732?year=2016&price_id=23261029
[2026-03-16 13:16:24]  [417/2753] [!] 데이터 없음: https://www.vivino.com/en/rocca-di-castagnoli-stielle-gran-selezione-chianti-classico/w/3572025?year=2011&price_id=10655741
[2026-03-16 13:16:24]  [418/2753] [!] 데이터 없음: https://www.vivino.com/en/destiny-bay-vineyards-mystae/w/1395058?year=2010&price_id=9507161
[2026-03-16 13:16:25]  [419/2753] [!] 데이터 없음: https://www.vivino.com/en/eos-estate-winery-the-french-connection/w/4135?year=2004&price_id=2804850
[2026-03-16 13:16:25]  [420/2753] [!] 데이터 없음: https://www.vivino.com/en/sensi-chianti-riserva/w/84959?year=2003&price_id=14541865
[2026-03-16 13:16:25] --- 중간 저장: 누적 1029건 ---
[2026-03-16 13:16:34]  [421/2753] [!] 데이터 없음: https://www.vivino.com/en/partida-creus-mc/w/9684717?year=2022&price_id=38505519
[2026-03-16 13:16:34]  [422/2753] [!] 데이터 없음: https://www.vivino.com/en/royal-tokaji-late-harvest/w/3296752?year=2008&price_id=28072550
[2026-03-16 13:16:34]  [423/2753] [!] 데이터 없음: https://www.vivino.com/en/fr-chateau-canon-la-gaffeliere-saint-emilion-grand-cru-premier-grand-cru-classe/w/1389505?year=1978&price_id=38174402
[2026-03-16 13:16:34]  [424/2753] [!] 데이터 없음: https://www.vivino.com/en/conte-placido-pinot-grigio/w/2310838?year=2015&price_id=10655730
[2026-03-16 13:16:34]  [425/2753] [!] 데이터 없음: https://www.vivino.com/en/smith-sheth-cru-omahu-cantera/w/7012314?year=2019&price_id=40124762
[2026-03-16 13:16:34]  [426/2753] [!] 데이터 없음: https://www.vivino.com/en/brewery-hill-organic-shiraz/w/1170737?year=2010&price_id=2804685
[2026-03-16 13:16:34]  [429/2753] [!] 데이터 없음: https://www.vivino.com/en/saxenburg-guinea-fowl-chenin-blanc/w/1530821?year=2006&price_id=2895195
[2026-03-16 13:16:34]  [428/2753] [!] 데이터 없음: https://www.vivino.com/en/argiano-solengo/w/2887?year=2012&price_id=14650425
[2026-03-16 13:16:34]  [427/2753] [!] 데이터 없음: https://www.vivino.com/en/ornellaia-bolgheri-superiore/w/22447?year=2022&price_id=39890742
[2026-03-16 13:16:34]  [430/2753] [!] 데이터 없음: https://www.vivino.com/en/robert-denogent-vieilles-vignes-pouilly-fuisse-les-reisses/w/1691820?year=2020&price_id=37843809
[2026-03-16 13:16:34]  [431/2753] [!] 데이터 없음: https://www.vivino.com/en/ubertas-single-vineyard-shiraz/w/6647069?year=2017&price_id=31798782
[2026-03-16 13:16:34]  [432/2753] [!] 데이터 없음: https://www.vivino.com/en/sirromet-signature-collection-cabernet-sauvignon-granite-belt/w/3599662?year=2010&price_id=2895340
[2026-03-16 13:16:34]  [434/2753] [!] 데이터 없음: https://www.vivino.com/en/donnhoff-tonschiefer-riesling-trocken/w/1155960?year=2022&price_id=37843713
[2026-03-16 13:16:34]  [435/2753] [!] 데이터 없음: https://www.vivino.com/en/tenuta-regaleali-rosso-del-conte-contea-di-sclafani/w/1202931?year=2007&price_id=14650537
[2026-03-16 13:16:34]  [440/2753] [!] 데이터 없음: https://www.vivino.com/en/prunotto-pian-romualdo-barbera-d-alba/w/61104?year=2021&price_id=36485563
[2026-03-16 13:16:34]  [433/2753] [!] 데이터 없음: https://www.vivino.com/en/maison-roche-de-bellene-vosne-romanee/w/3086403?year=2020&price_id=36078217
[2026-03-16 13:16:35]  [437/2753] [!] 데이터 없음: https://www.vivino.com/en/bodega-cauzon-rosado/w/7325877?year=2023&price_id=38957962
[2026-03-16 13:16:35]  [436/2753] [!] 데이터 없음: https://www.vivino.com/en/burn-cottage-moonlight-race-pinot-noir/w/3851587?year=2023&price_id=40561260
[2026-03-16 13:16:35]  [438/2753] [!] 데이터 없음: https://www.vivino.com/en/egon-muller-scharzhof-riesling-le-gallais-wiltinger-braune-kupp-spatlese/w/1373709?year=2021&price_id=37843883
[2026-03-16 13:16:35]  [439/2753] [!] 데이터 없음: https://www.vivino.com/en/gibbston-valley-reserve-pinot-noir/w/1656652?year=2022&price_id=39686724
[2026-03-16 13:16:35]  [441/2753] [!] 데이터 없음: https://www.vivino.com/en/stags-leap-petite-sirah/w/78405?year=2015&price_id=17633380
[2026-03-16 13:16:35]  [442/2753] [!] 데이터 없음: https://www.vivino.com/en/sa-prum-graacher-himmelreich-riesling-spatlese/w/88365?year=2021&price_id=37843811
[2026-03-16 13:16:35]  [443/2753] [!] 데이터 없음: https://www.vivino.com/en/salvatore-murana-martingana-moscato-passito-di-pantelleria/w/1526886?year=2008&price_id=36629862
[2026-03-16 13:16:35]  [444/2753] [!] 데이터 없음: https://www.vivino.com/en/taylor-s-porto-select-reserve-port/w/1264382?price_id=2754199
[2026-03-16 13:16:35]  [445/2753] [!] 데이터 없음: https://www.vivino.com/en/dom-bella-touriga-nacional-superior/w/2133089?year=2013&price_id=30679499
[2026-03-16 13:16:35]  [446/2753] [!] 데이터 없음: https://www.vivino.com/en/redwood-creek-sauvignon-blanc/w/83726?year=2002&price_id=2895123
[2026-03-16 13:16:35]  [447/2753] [!] 데이터 없음: https://www.vivino.com/en/lillet-rose-bordeaux/w/1218423?price_id=40117111
[2026-03-16 13:16:35]  [448/2753] [!] 데이터 없음: https://www.vivino.com/en/royal-oporto-vintage-port/w/81161?year=2001&price_id=20543718
[2026-03-16 13:16:35]  [449/2753] [!] 데이터 없음: https://www.vivino.com/en/royal-tokaji-betsek-5-puttonyos-aszu/w/2204275?year=2003&price_id=28072563
[2026-03-16 13:16:35]  [450/2753] [!] 데이터 없음: https://www.vivino.com/en/epc-champagne-blanc-de-blancs-brut/w/7356609?price_id=39759269
[2026-03-16 13:16:36] --- 중간 저장: 누적 1029건 ---
[2026-03-16 13:16:44]  [455/2753] [!] 데이터 없음: https://www.vivino.com/en/terra-andina-caminos-cabernet-sauvignon-merlot/w/1171900?year=2010&price_id=2895073
[2026-03-16 13:16:44]  [456/2753] [!] 데이터 없음: https://www.vivino.com/en/oremus-tokaji-late-harvest/w/1205909?year=2015&price_id=28072539
[2026-03-16 13:16:44]  [451/2753] [!] 데이터 없음: https://www.vivino.com/en/thirteen-th-street-niagara-peninsula-red-palette/w/1421975?year=2011&price_id=4394313
[2026-03-16 13:16:44]  [452/2753] [!] 데이터 없음: https://www.vivino.com/en/donnhoff-hollenpfad-im-muhlenberg-riesling-gg/w/6659472?year=2022&price_id=37844012
[2026-03-16 13:16:44]  [453/2753] [!] 데이터 없음: https://www.vivino.com/en/kopke-porto-white-colheita/w/4967750?year=2003&price_id=26433273
[2026-03-16 13:16:44]  [454/2753] [!] 데이터 없음: https://www.vivino.com/en/gallo-family-vineyards-cabernet-sauvignon/w/3380?year=2001&price_id=2895292
[2026-03-16 13:16:44]  [458/2753] [!] 데이터 없음: https://www.vivino.com/en/torcalvano-gracciano-merlot-delle-venezie/w/1911976?year=2004&price_id=2895336
[2026-03-16 13:16:44]  [457/2753] [!] 데이터 없음: https://www.vivino.com/en/elena-walch-cardellino-chardonnay/w/1762972?year=2022&price_id=36485684
[2026-03-16 13:16:44]  [459/2753] [!] 데이터 없음: https://www.vivino.com/en/achaval-ferrer-finca-altamira-malbec/w/1176258?year=2004&price_id=2873772
[2026-03-16 13:16:44]  [460/2753] [!] 데이터 없음: https://www.vivino.com/en/cloudy-bay-sauvignon-blanc/w/18978?year=2022&price_id=30635713
[2026-03-16 13:16:44]  [462/2753] [!] 데이터 없음: https://www.vivino.com/en/ricasoli-castello-di-brolio-vin-santo-del-chianti-classico/w/1565715?year=2008&price_id=28072560
[2026-03-16 13:16:44]  [461/2753] [!] 데이터 없음: https://www.vivino.com/en/antinori-tuscany-tignanello/w/1652?year=2022&price_id=40190339
[2026-03-16 13:16:45]  [463/2753] [!] 데이터 없음: https://www.vivino.com/en/f-x-pichler-durnsteiner-gruner-veltliner/w/5972547?year=2023&price_id=37843629
[2026-03-16 13:16:45]  [464/2753] [!] 데이터 없음: https://www.vivino.com/en/domaine-leflaive-meursault-1er-cru-sous-le-dos-d-ane/w/2085929?year=2022&price_id=38183113
[2026-03-16 13:16:45]  [469/2753] [!] 데이터 없음: https://www.vivino.com/en/von-winning-pechstein-gg/w/1834194?year=2023&price_id=39384955
[2026-03-16 13:16:45]  [472/2753] [!] 데이터 없음: https://www.vivino.com/en/jermann-chardonnay/w/2342369?year=2020&price_id=36485559
[2026-03-16 13:16:45]  [465/2753] [!] 데이터 없음: https://www.vivino.com/en/chateau-musar-hochar-pere-et-fils/w/75196?year=2018&price_id=37843774
[2026-03-16 13:16:45]  [466/2753] [!] 데이터 없음: https://www.vivino.com/en/chateau-lafite-monteil-bordeaux-superieur/w/1521022?year=2011&price_id=14650546
[2026-03-16 13:16:45]  [467/2753] [!] 데이터 없음: https://www.vivino.com/en/kumeu-river-winery-estate-chardonnay/w/76137?year=2023&price_id=36998442
[2026-03-16 13:16:45]  [468/2753] [!] 데이터 없음: https://www.vivino.com/en/kaesler-old-vine-shiraz/w/1627871?year=2004&price_id=14650552
[2026-03-16 13:16:45]  [470/2753] [!] 데이터 없음: https://www.vivino.com/en/venica-venica-talis-pinot-bianco/w/1670213?year=2022&price_id=36485476
[2026-03-16 13:16:45]  [471/2753] [!] 데이터 없음: https://www.vivino.com/en/egon-muller-scharzhof-scharzhofberger-riesling-kabinett/w/86685?year=2023&price_id=37843895
[2026-03-16 13:16:45]  [473/2753] [!] 데이터 없음: https://www.vivino.com/en/ottella-lugana/w/1122030?year=2019&price_id=36485574
[2026-03-16 13:16:45]  [478/2753] [!] 데이터 없음: https://www.vivino.com/en/roland-la-garde-blaye-cotes-de-bordeaux/w/98233?year=2008&price_id=7953571
[2026-03-16 13:16:45]  [474/2753] [!] 데이터 없음: https://www.vivino.com/en/masi-veneto-costasera-amarone-della-valpolicella-classico/w/21929?year=2018&price_id=36485547
[2026-03-16 13:16:45]  [475/2753] [!] 데이터 없음: https://www.vivino.com/en/barranco-oscuro-rubaiyat/w/1176231?year=2021&price_id=38848851
[2026-03-16 13:16:45]  [476/2753] [!] 데이터 없음: https://www.vivino.com/en/poliziano-rosso-di-montepulciano/w/18793?year=2020&price_id=36485602
[2026-03-16 13:16:45]  [477/2753] [!] 데이터 없음: https://www.vivino.com/en/chateau-mercier-cuvee-prestige-cotes-de-bourg/w/1492600?year=2011&price_id=14650437
[2026-03-16 13:16:45]  [479/2753] [!] 데이터 없음: https://www.vivino.com/en/sena-aconcagua-valley/w/25474?year=2021&price_id=39748986
[2026-03-16 13:16:46]  [480/2753] [!] 데이터 없음: https://www.vivino.com/en/chalk-hill-moscato/w/1118558?year=2013&price_id=2754602
[2026-03-16 13:16:46] --- 중간 저장: 누적 1029건 ---
[2026-03-16 13:16:55]  [481/2753] [!] 데이터 없음: https://www.vivino.com/en/amisfield-pinot-noir/w/86250?year=2022&price_id=35723460
[2026-03-16 13:16:55]  [487/2753] [!] 데이터 없음: https://www.vivino.com/en/schafer-frohlich-halenberg-riesling-gg/w/1613064?year=2022&price_id=37843949
[2026-03-16 13:16:56]  [482/2753] [!] 데이터 없음: https://www.vivino.com/en/fattoria-dei-barbi-brusco/w/1169116?year=2006&price_id=2894929
[2026-03-16 13:16:56]  [483/2753] [!] 데이터 없음: https://www.vivino.com/en/novum-marlborough-chardonnay/w/6645154?year=2023&price_id=36685399
[2026-03-16 13:16:56]  [484/2753] [!] 데이터 없음: https://www.vivino.com/en/marcel-deiss-complantation/w/7301354?year=2023&price_id=38774119
[2026-03-16 13:16:56]  [485/2753] [!] 데이터 없음: https://www.vivino.com/en/roque-coteaux-du-languedoc/w/2508232?year=2022&price_id=37852840
[2026-03-16 13:16:56]  [486/2753] [!] 데이터 없음: https://www.vivino.com/en/destiny-bay-vineyards-mystae/w/1395058?year=2014&price_id=17118342
[2026-03-16 13:16:56]  [488/2753] [!] 데이터 없음: https://www.vivino.com/en/fr-la-barroche-fiancee-chateauneuf-du-pape/w/14293?year=2022&price_id=39190051
[2026-03-16 13:16:56]  [489/2753] [!] 데이터 없음: https://www.vivino.com/en/schafer-frohlich-halenberg-riesling-gg/w/1613064?year=2020&price_id=37843750
[2026-03-16 13:16:56]  [490/2753] [!] 데이터 없음: https://www.vivino.com/en/schafer-frohlich-stromberg-riesling-gg/w/2711628?year=2022&price_id=37843779
[2026-03-16 13:16:56]  [491/2753] [!] 데이터 없음: https://www.vivino.com/en/millton-clos-de-ste-anne-les-arbres-viognier/w/3769161?year=2021&price_id=32721528
[2026-03-16 13:16:56]  [492/2753] [!] 데이터 없음: https://www.vivino.com/en/william-cole-winemaker-s-special-reserve-red/w/1711335?year=2010&price_id=2873784
[2026-03-16 13:16:56]  [493/2753] [!] 데이터 없음: https://www.vivino.com/en/pignier-sauvageon/w/5519968?year=2023&price_id=38189709
[2026-03-16 13:16:56]  [495/2753] [!] 데이터 없음: https://www.vivino.com/en/lunae-liguria-auxo-colli-di-luni/w/1676675?year=2020&price_id=36485592
[2026-03-16 13:16:56]  [494/2753] [!] 데이터 없음: https://www.vivino.com/en/domaine-boris-champy-montagne-382-bourgogne-hautes-cotes-de-beaune/w/11257811?year=2020&price_id=37843748
[2026-03-16 13:16:56]  [498/2753] [!] 데이터 없음: https://www.vivino.com/en/domain-road-duffers-creek-riesling/w/1291883?year=2022&price_id=38724770
[2026-03-16 13:16:56]  [496/2753] [!] 데이터 없음: https://www.vivino.com/en/leveret-estate-syrah-leveret-estate/w/4029870?year=2020&price_id=29825892
[2026-03-16 13:16:56]  [497/2753] [!] 데이터 없음: https://www.vivino.com/en/gaja-ca-marcanda-promis-toscana/w/1736416?year=2023&price_id=39619307
[2026-03-16 13:16:56]  [499/2753] [!] 데이터 없음: https://www.vivino.com/en/rosemount-traditional-district-release/w/1987540?year=2000&price_id=14539912
[2026-03-16 13:16:56]  [500/2753] [!] 데이터 없음: https://www.vivino.com/en/roi-dagobert-racines-terroir-riesling/w/1594433?year=2010&price_id=7953602
[2026-03-16 13:16:56]  [501/2753] [!] 데이터 없음: https://www.vivino.com/en/molino-104975-sibilla-langhe-arneis/w/2210663?year=2023&price_id=37773330
[2026-03-16 13:16:57]  [502/2753] [!] 데이터 없음: https://www.vivino.com/en/paraduxx-cork-tree-vineyard-red-napa-valley/w/4942782?year=2022&price_id=38284404
[2026-03-16 13:16:57]  [503/2753] [!] 데이터 없음: https://www.vivino.com/en/seghesio-winery-home-ranch-zinfandel/w/6368?year=2000&price_id=16860228
[2026-03-16 13:16:57]  [504/2753] [!] 데이터 없음: https://www.vivino.com/en/la-colombette-puech-d-hortes-grenache-syrah/w/1215313?year=2025&price_id=41231174
[2026-03-16 13:16:57]  [505/2753] [!] 데이터 없음: https://www.vivino.com/en/von-winning-pechstein-gg/w/1834194?year=2021&price_id=37843611
[2026-03-16 13:16:57]  [506/2753] [!] 데이터 없음: https://www.vivino.com/en/donnhoff-dellchen-riesling-gg/w/1496022?year=2023&price_id=37843882
[2026-03-16 13:16:57]  [507/2753] [!] 데이터 없음: https://www.vivino.com/en/cloudy-bay-te-koko-sauvignon-blanc/w/1126958?year=2024&price_id=41182239
[2026-03-16 13:16:57]  [508/2753] [!] 데이터 없음: https://www.vivino.com/en/hugo-casanova-don-aldo-founder-s-reserve/w/1216451?year=2009&price_id=2873628
[2026-03-16 13:16:57]  [509/2753] [!] 데이터 없음: https://www.vivino.com/en/dashe-late-harvest-zinfandel/w/14153?year=2005&price_id=14650445
[2026-03-16 13:16:57]  [510/2753] [!] 데이터 없음: https://www.vivino.com/en/beronia-rioja-reserva/w/1164695?year=2014&price_id=27171872
[2026-03-16 13:16:58] --- 중간 저장: 누적 1029건 ---
[2026-03-16 13:17:06]  [511/2753] [!] 데이터 없음: https://www.vivino.com/en/pelee-island-winery-cabernet-sauvignon-reserve/w/13035?year=2011&price_id=14550289
[2026-03-16 13:17:06]  [514/2753] [!] 데이터 없음: https://www.vivino.com/en/chateau-branaire-ducru-saint-julien-grand-cru-classe/w/1172272?year=2009&price_id=38459315
[2026-03-16 13:17:06]  [512/2753] [!] 데이터 없음: https://www.vivino.com/en/mamete-prevostini-botonero-nebbiolo-terrazze-retiche-di-sondrio/w/1373509?year=2017&price_id=25868599
[2026-03-16 13:17:06]  [513/2753] [!] 데이터 없음: https://www.vivino.com/en/alessio-dorigo-merlot/w/83982?year=2005&price_id=14542028
[2026-03-16 13:17:06]  [515/2753] [!] 데이터 없음: https://www.vivino.com/en/umathum-pinot-gris/w/86928?year=2023&price_id=41059497
[2026-03-16 13:17:06]  [516/2753] [!] 데이터 없음: https://www.vivino.com/en/rock-bare-shiraz/w/1105827?year=2003&price_id=2805040
[2026-03-16 13:17:06]  [517/2753] [!] 데이터 없음: https://www.vivino.com/en/moric-reserve-blaufrankisch/w/1196379?year=2022&price_id=38633113
[2026-03-16 13:17:06]  [518/2753] [!] 데이터 없음: https://www.vivino.com/en/mitolo-serpico-cabernet-sauvignon/w/79013?year=2005&price_id=14540503
[2026-03-16 13:17:06]  [519/2753] [!] 데이터 없음: https://www.vivino.com/en/frenchmans-hill-blood-creek/w/3830817?year=2015&price_id=39663840
[2026-03-16 13:17:06]  [520/2753] [!] 데이터 없음: https://www.vivino.com/en/donnafugata-ben-rye-passito-di-pantelleria/w/1176121?year=2021&price_id=36736896
[2026-03-16 13:17:06]  [521/2753] [!] 데이터 없음: https://www.vivino.com/en/stonyridge-vineyard-larose-red-blend/w/1631901?year=2019&price_id=24178192
[2026-03-16 13:17:06]  [522/2753] [!] 데이터 없음: https://www.vivino.com/en/badia-a-coltibuono-chianti-classico-riserva/w/6281?year=2005&price_id=14541916
[2026-03-16 13:17:06]  [525/2753] [!] 데이터 없음: https://www.vivino.com/en/moet-chandon-imperial-rose-brut-champagne/w/1122092?price_id=22123005
[2026-03-16 13:17:06]  [528/2753] [!] 데이터 없음: https://www.vivino.com/en/castello-nipozzano-chianti-rufina-riserva/w/20983?year=2017&price_id=24449298
[2026-03-16 13:17:06]  [531/2753] [!] 데이터 없음: https://www.vivino.com/en/providence-four-apostles/w/1987751?year=2013&price_id=39663846
[2026-03-16 13:17:07]  [523/2753] [!] 데이터 없음: https://www.vivino.com/en/weingut-josef-pockl-zweigelt-classique/w/1206518?year=2016&price_id=38662724
[2026-03-16 13:17:07]  [524/2753] [!] 데이터 없음: https://www.vivino.com/en/stiphane-vedeau-j-boutin-arena-mica-hermitage/w/4887121?year=2022&price_id=34223764
[2026-03-16 13:17:07]  [526/2753] [!] 데이터 없음: https://www.vivino.com/en/it-florio-vecchioflorio-marsala-superiore-dolce/w/4948689?year=2017&price_id=39138455
[2026-03-16 13:17:07]  [529/2753] [!] 데이터 없음: https://www.vivino.com/en/weingut-knoll-loibner-gelber-muskateller-federspiel/w/1293504?year=2023&price_id=37843960
[2026-03-16 13:17:07]  [530/2753] [!] 데이터 없음: https://www.vivino.com/en/saint-clair-family-estate-wairau-reserve-sauvignon-blanc/w/1147263?year=2025&price_id=41095084
[2026-03-16 13:17:07]  [527/2753] [!] 데이터 없음: https://www.vivino.com/en/passage-rock-reserve-syrah-waiheke-island/w/1362043?year=2021&price_id=40706206
[2026-03-16 13:17:07]  [532/2753] [!] 데이터 없음: https://www.vivino.com/en/tenuta-tascante-ghiaia-nera-nerello-mascalese/w/2279679?year=2010&price_id=14650492
[2026-03-16 13:17:07]  [533/2753] [!] 데이터 없음: https://www.vivino.com/en/au-evans-tate-smooth-operator-cabernet-merlot/w/2875954?year=2018&price_id=25662780
[2026-03-16 13:17:07]  [534/2753] [!] 데이터 없음: https://www.vivino.com/en/es-beso-de-vino-cabernet-sauvignon/w/2737971?year=2013&price_id=2805050
[2026-03-16 13:17:07]  [535/2753] [!] 데이터 없음: https://www.vivino.com/en/degenfeld-tokaji-aszu-6-puttonyos/w/1734705?year=2008&price_id=13611970
[2026-03-16 13:17:07]  [536/2753] [!] 데이터 없음: https://www.vivino.com/en/chard-farm-viper-vineyard-pinot-noir/w/1680644?year=2022&price_id=39663855
[2026-03-16 13:17:07]  [537/2753] [!] 데이터 없음: https://www.vivino.com/en/seidelberg-wine-estate-roland-s-reserve-cabernet-sauvignon/w/1123611?year=2004&price_id=2804847
[2026-03-16 13:17:07]  [540/2753] [!] 데이터 없음: https://www.vivino.com/en/castello-di-querceto-colli-della-toscana-centrale-cignale/w/15627?year=2006&price_id=14550058
[2026-03-16 13:17:07]  [538/2753] [!] 데이터 없음: https://www.vivino.com/en/beringer-california-sparkling-white-zinfandel/w/2323589?price_id=22111702
[2026-03-16 13:17:07]  [539/2753] [!] 데이터 없음: https://www.vivino.com/en/perez-cruz-cot-limited-edition/w/1172675?year=2005&price_id=2895205
[2026-03-16 13:17:08] --- 중간 저장: 누적 1029건 ---
[2026-03-16 13:17:38] [*] 기존 데이터 1029건 로드됨.
[2026-03-16 13:17:38] [*] 울트라 패스트 수집 시작: 대상 2545건 (병렬:12)
[2026-03-16 13:17:39]  [7/2545] [!] 데이터 없음: https://www.vivino.com/en/schloss-gobelsburg-domaene-gobelsburg-gruner-veltliner/w/20131?year=2021&price_id=35673574
[2026-03-16 13:17:39]  [8/2545] [!] 데이터 없음: https://www.vivino.com/en/o-fournier-tinta-del-pais-ribera-del-duero/w/3351726?year=2004&price_id=2804665
[2026-03-16 13:17:39]  [6/2545] [!] 데이터 없음: https://www.vivino.com/en/cos-d-estournel-cos-d-estournel/w/74346?year=1980&price_id=38161858
[2026-03-16 13:17:39]  [4/2545] [!] 데이터 없음: https://www.vivino.com/en/macay-cotes-de-bourg/w/1210592?year=2010&price_id=7944210
[2026-03-16 13:17:39]  [5/2545] [!] 데이터 없음: https://www.vivino.com/en/joh-jos-prum-graacher-himmelreich-riesling-kabinett/w/1604769?year=2004&price_id=14550341
[2026-03-16 13:17:39]  [9/2545] [!] 데이터 없음: https://www.vivino.com/en/antiche-terre-amarone-della-valpolicella/w/12144335?year=2022&price_id=40618042
[2026-03-16 13:17:39]  [12/2545] [!] 데이터 없음: https://www.vivino.com/en/antinori-tuscany-castello-della-sala-san-giovanni-della-sala-classico-superiore/w/1693?year=2019&price_id=22697482
[2026-03-16 13:17:39]  [2/2545] [!] 데이터 없음: https://www.vivino.com/en/contadi-castaldi-franciacorta-rose/w/1309984?price_id=3433419
[2026-03-16 13:17:39]  [3/2545] [!] 데이터 없음: https://www.vivino.com/en/black-barn-barrel-fermented-chardonnay/w/1533269?year=2023&price_id=35703050
[2026-03-16 13:17:39]  [1/2545] [!] 데이터 없음: https://www.vivino.com/en/barefoot-moscato/w/1201651?price_id=7943990
[2026-03-16 13:17:39]  [13/2545] [!] 데이터 없음: https://www.vivino.com/en/hetszolo-tokaji-aszu-3-puttonyos/w/1196584?year=2004&price_id=13579478
[2026-03-16 13:17:39]  [11/2545] [!] 데이터 없음: https://www.vivino.com/en/jean-pla-la-passion-vieilles-vignes-grenache-cotes-catalanes-red-wine/w/2040961?year=2011&price_id=14650529
[2026-03-16 13:17:39]  [10/2545] [!] 데이터 없음: https://www.vivino.com/en/mongeard-mugneret-fixin/w/779362?year=2021&price_id=35659114
[2026-03-16 13:17:39]  [18/2545] [!] 데이터 없음: https://www.vivino.com/en/felton-road-block-3-pinot-noir/w/88321?year=2022&price_id=38863698
[2026-03-16 13:17:39]  [15/2545] [!] 데이터 없음: https://www.vivino.com/en/joh-jos-prum-wehlener-sonnenuhr-riesling-spatlese-kabinett/w/2763744?year=2023&price_id=37844084
[2026-03-16 13:17:39]  [19/2545] [!] 데이터 없음: https://www.vivino.com/en/bodegas-bianchi-enzo-bianchi-gran-cru/w/13810?year=2002&price_id=2804773
[2026-03-16 13:17:39]  [14/2545] [!] 데이터 없음: https://www.vivino.com/en/nautilus-estate-cuvee-vintage-rose/w/2211167?year=2021&price_id=40740476
[2026-03-16 13:17:39]  [22/2545] [!] 데이터 없음: https://www.vivino.com/en/albert-grivault-meursault-1er-cru-perrieres/w/1107291?year=2022&price_id=38107653
[2026-03-16 13:17:39]  [23/2545] [!] 데이터 없음: https://www.vivino.com/en/jean-louis-trocard-clos-de-la-vieille-eglise-pomerol-pomerol/w/1101197?year=2002&price_id=7944129
[2026-03-16 13:17:39]  [24/2545] [!] 데이터 없음: https://www.vivino.com/en/caballero-la-mancha-reserva/w/2420878?year=2016&price_id=25662778
[2026-03-16 13:17:39]  [17/2545] [!] 데이터 없음: https://www.vivino.com/en/beaucanon-estate-chardonnay/w/2031193?year=2008&price_id=2894985
[2026-03-16 13:17:39]  [16/2545] [!] 데이터 없음: https://www.vivino.com/en/craggy-range-gimblett-gravels-les-beaux-cailloux/w/79638?year=2018&price_id=22579435
[2026-03-16 13:17:40]  [20/2545] [!] 데이터 없음: https://www.vivino.com/en/castell-del-remei-oda-negre/w/1615?year=2006&price_id=2804630
[2026-03-16 13:17:40]  [21/2545] [!] 데이터 없음: https://www.vivino.com/en/colterenzio-schreckbichl-pinot-nero-blauburgunder/w/1183126?year=2005&price_id=14650557
[2026-03-16 13:17:40]  [30/2545] [!] 데이터 없음: https://www.vivino.com/en/clos-de-la-chapelle-volnay-1er-cru-en-carelle/w/1700758?year=2018&price_id=33035205
[2026-03-16 13:17:40]  [26/2545] [!] 데이터 없음: https://www.vivino.com/en/ikon-evangelista-cabernet-franc/w/1283551?year=2009&price_id=9185013
[2026-03-16 13:17:40]  [25/2545] [!] 데이터 없음: https://www.vivino.com/en/riunite-l-olma-lambrusco-reggiano-reggiano/w/4942963?price_id=37938022
[2026-03-16 13:17:40]  [27/2545] [!] 데이터 없음: https://www.vivino.com/en/lapostolle-grand-selection-sauvignon-blanc/w/1808938?year=2006&price_id=2895341
[2026-03-16 13:17:40]  [28/2545] [!] 데이터 없음: https://www.vivino.com/en/chateau-guiraud-sauternes-premier-grand-cru-classe/w/22224?year=2005&price_id=7944028
[2026-03-16 13:34:27] [*] 기존 데이터 1029건 로드됨.
[2026-03-16 13:34:27] [*] 울트라 패스트 수집 시작: 대상 2545건 (병렬:12)
[2026-03-16 13:34:32]  [7/2545] [성공] Schloss Gobelsburg Domaen... | 분포:True
[2026-03-16 13:34:32]  [12/2545] [성공] Antinori Castello della S... | 분포:True
[2026-03-16 13:34:33]  [2/2545] [!] 데이터 없음: https://www.vivino.com/en/contadi-castaldi-franciacorta-rose/w/1309984?price_id=3433419
[2026-03-16 13:34:33]  [9/2545] [성공] Antiche Terre Venete Amar... | 분포:True
[2026-03-16 13:34:33]  [10/2545] [성공] Mongeard-Mugneret Fixin 2... | 분포:True
[2026-03-16 13:34:33]  [8/2545] [성공] O. Fournier Tinta del Paí... | 분포:True
[2026-03-16 13:34:33]  [1/2545] [!] 데이터 없음: https://www.vivino.com/en/barefoot-moscato/w/1201651?price_id=7943990
[2026-03-16 13:34:34]  [5/2545] [성공] Joh. Jos. Prüm Graacher H... | 분포:True
[2026-03-16 13:34:34]  [6/2545] [성공] Cos d'Estournel Cos d'Est... | 분포:True
[2026-03-16 13:34:34]  [11/2545] [성공] Maison Jean Pla La Passio... | 분포:True
[2026-03-16 13:34:34]  [3/2545] [성공] Black Barn Barrel Ferment... | 분포:True
[2026-03-16 13:34:34]  [4/2545] [성공] Château Macay Côtes de Bo... | 분포:True
[2026-03-16 13:34:35]  [15/2545] [성공] Joh. Jos. Prüm Wehlener S... | 분포:True
[2026-03-16 13:34:35]  [16/2545] [성공] Craggy Range Gimblett Gra... | 분포:True
[2026-03-16 13:34:35]  [17/2545] [성공] Beaucanon Chardonnay 2008... | 분포:False
[2026-03-16 13:34:35]  [13/2545] [성공] Hétszölö Tokaji Aszú 3 Pu... | 분포:True
[2026-03-16 13:34:35]  [18/2545] [성공] Felton Road Block 3 Pinot... | 분포:True
[2026-03-16 13:34:36]  [19/2545] [성공] Bodegas Bianchi Enzo Bian... | 분포:True
[2026-03-16 13:34:36]  [20/2545] [성공] Castell del Remei ODA Neg... | 분포:True
[2026-03-16 13:34:36]  [22/2545] [성공] Albert Grivault Meursault... | 분포:True
[2026-03-16 13:34:36]  [14/2545] [성공] Nautilus Cuvée Vintage Ro... | 분포:True
[2026-03-16 13:34:36]  [23/2545] [성공] Jean-Louis Trocard Clos d... | 분포:True
[2026-03-16 13:34:36]  [24/2545] [성공] Caballero Hidalgo Reserva... | 분포:False
[2026-03-16 13:34:37]  [25/2545] [성공] Riunite L'Olma Lambrusco ... | 분포:True
[2026-03-16 13:34:37]  [21/2545] [성공] Colterenzio (Schreckbichl... | 분포:True
[2026-03-16 13:34:37]  [29/2545] [성공] Château Léoville Barton S... | 분포:True
[2026-03-16 13:34:38]  [28/2545] [성공] Château Guiraud Sauternes... | 분포:True
[2026-03-16 13:34:38]  [30/2545] [성공] Clos de la Chapelle Volna... | 분포:True
[2026-03-16 13:34:38]  [26/2545] [성공] Ikon Evangelista Cabernet... | 분포:True
[2026-03-16 13:34:39]  [27/2545] [성공] Lapostolle Grand Selectio... | 분포:True
[2026-03-16 13:34:39] --- 중간 저장: 누적 1057건 ---
[2026-03-16 13:34:48]  [33/2545] [성공] Rivera Piani di Tufara Mo... | 분포:True
[2026-03-16 13:34:48]  [31/2545] [성공] Dog Point Section 94 Sauv... | 분포:True
[2026-03-16 13:34:48]  [32/2545] [성공] La Bollina Zenas Primitiv... | 분포:True
[2026-03-16 13:34:48]  [39/2545] [성공] Mitchelton Blackwood Park... | 분포:True
[2026-03-16 13:34:48]  [36/2545] [성공] Fromm Winery Syrah 2022... | 분포:True
[2026-03-16 13:34:49]  [35/2545] [성공] Joseph Phelps Vineyards C... | 분포:True
[2026-03-16 13:34:49]  [40/2545] [성공] Domaine Vacheron Sancerre... | 분포:True
[2026-03-16 13:34:49]  [42/2545] [성공] Ferrari Maximum Brut... | 분포:True
[2026-03-16 13:34:50]  [38/2545] [성공] Kendall-Jackson Vintner's... | 분포:True
[2026-03-16 13:34:50]  [41/2545] [성공] Jean Guillot Château Bout... | 분포:True
[2026-03-16 13:34:50]  [37/2545] [성공] Bisquertt Family Vineyard... | 분포:True
[2026-03-16 13:34:50]  [34/2545] [성공] Guido Berlucchi ‘61 Franc... | 분포:True
[2026-03-16 13:34:51]  [46/2545] [성공] Warre's Otima 10 Year Old... | 분포:True
[2026-03-16 13:34:51]  [43/2545] [성공] Chard Farm River Run Pino... | 분포:True
[2026-03-16 13:34:51]  [44/2545] [성공] Pyramid Valley Vineyards ... | 분포:True
[2026-03-16 13:34:52]  [45/2545] [성공] Flechas de los Andes Gran... | 분포:True
[2026-03-16 13:34:53]  [52/2545] [성공] Viña Vik Winery La Piu Be... | 분포:True
[2026-03-16 13:34:53]  [50/2545] [성공] Weingut Knoll Loibner Rie... | 분포:True
[2026-03-16 13:34:53]  [51/2545] [성공] Château Musar Blanc (Gast... | 분포:True
[2026-03-16 13:34:53]  [54/2545] [성공] Mollydooker The Boxer Shi... | 분포:True
[2026-03-16 13:34:54]  [49/2545] [성공] Quartz Reef Pinot Gris 20... | 분포:True
[2026-03-16 13:34:54]  [47/2545] [성공] Monteviejo Festivo Torron... | 분포:True
[2026-03-16 13:34:54]  [53/2545] [성공] Thummerer Bokréta Cuvée 2... | 분포:True
[2026-03-16 13:34:54]  [48/2545] [성공] Bodega Norton Barrel Sele... | 분포:True
[2026-03-16 13:34:54]  [56/2545] [성공] Domaine Dujardin Chasne B... | 분포:True
[2026-03-16 13:34:54]  [57/2545] [성공] Julien Sunier Morgon 2023... | 분포:True
[2026-03-16 13:34:54]  [55/2545] [성공] Château Guiraud Sauternes... | 분포:True
[2026-03-16 13:34:55]  [58/2545] [성공] F.X. Pichler Unendlich Gr... | 분포:True
[2026-03-16 13:34:56]  [59/2545] [성공] Schloss Johannisberg Ries... | 분포:True
[2026-03-16 13:34:56]  [60/2545] [성공] Domaine Monier Perréol Ch... | 분포:True
[2026-03-16 13:34:56] --- 중간 저장: 누적 1087건 ---
[2026-03-16 13:35:05]  [61/2545] [성공] Kopke 10 Years Old Tawny ... | 분포:True
[2026-03-16 13:35:05]  [63/2545] [성공] Isla Negra Cabernet Sauvi... | 분포:True
[2026-03-16 13:35:07]  [64/2545] [성공] Viña Altamar Rueda Verdej... | 분포:False
[2026-03-16 13:35:07]  [72/2545] [성공] Pradelle Crozes-Hermitage... | 분포:True
[2026-03-16 13:35:07]  [69/2545] [성공] Gérard Raphet Charmes-Cha... | 분포:True
[2026-03-16 13:35:09]  [65/2545] [성공] Weingut Knoll Ried Loiben... | 분포:True
[2026-03-16 13:35:09]  [71/2545] [성공] Tenuta San Guido Guidalbe... | 분포:True
[2026-03-16 13:35:09]  [62/2545] [성공] Tenuta Il Poggione Brunel... | 분포:True
[2026-03-16 13:35:09]  [67/2545] [성공] Molino Loreto Barbera d'A... | 분포:True
[2026-03-16 13:35:09]  [66/2545] [성공] Jermann Chardonnay 2022... | 분포:True
[2026-03-16 13:35:09]  [70/2545] [성공] Destiny Bay Vineyards Mys... | 분포:True
[2026-03-16 13:35:09]  [68/2545] [성공] Luis Felipe Edwards Reser... | 분포:True
[2026-03-16 13:35:10]  [73/2545] [성공] S.A. Prüm Wehlener Sonnen... | 분포:False
[2026-03-16 13:35:11]  [76/2545] [성공] Pignier Savagnin Côtes du... | 분포:True
[2026-03-16 13:35:11]  [75/2545] [성공] Weingut Knoll Ried Schütt... | 분포:True
[2026-03-16 13:35:11]  [74/2545] [성공] Hans Herzog - Hans Family... | 분포:True
[2026-03-16 13:35:11]  [77/2545] [성공] Balthasar Ress Riesling F... | 분포:True
[2026-03-16 13:35:11]  [78/2545] [성공] Stéphane Aviron Vieilles ... | 분포:True
[2026-03-16 13:35:11]  [84/2545] [성공] Contadi Castaldi Franciac... | 분포:True
[2026-03-16 13:35:12]  [81/2545] [성공] F.X. Pichler Ried Steiner... | 분포:False
[2026-03-16 13:35:12]  [82/2545] [성공] Rippon 'Rippon' Mature Vi... | 분포:True
[2026-03-16 13:35:12]  [79/2545] [성공] Veyder-Malberg Hochrain G... | 분포:True
[2026-03-16 13:35:12]  [83/2545] [성공] Gallo Family Vineyards Ch... | 분포:True
[2026-03-16 13:35:13]  [85/2545] [성공] A.F. Gros Moulin-à-Vent e... | 분포:True
[2026-03-16 13:35:13]  [80/2545] [성공] Carchelo Carchelo (C) 200... | 분포:True
[2026-03-16 13:35:13]  [87/2545] [성공] Obikwa Pinotage 2005... | 분포:True
[2026-03-16 13:35:13]  [86/2545] [성공] Château Musar Blanc (Gast... | 분포:True
[2026-03-16 13:35:13]  [88/2545] [성공] Mas de Daumas Gassac Haut... | 분포:True
[2026-03-16 13:35:14]  [89/2545] [성공] Bodegas Piqueras Marius U... | 분포:True
[2026-03-16 13:35:14]  [90/2545] [성공] Domaine Poisot Père & Fil... | 분포:True
[2026-03-16 13:35:14] --- 중간 저장: 누적 1117건 ---
[2026-03-16 13:35:25]  [91/2545] [성공] Schäfer-Fröhlich Stromber... | 분포:True
[2026-03-16 13:35:26]  [92/2545] [성공] Silver Oak Napa Valley Ca... | 분포:True
[2026-03-16 13:35:26]  [93/2545] [성공] Paraduxx Winemakers Serie... | 분포:True
[2026-03-16 13:35:26]  [95/2545] [성공] Kopke Fine Ruby Port... | 분포:True
[2026-03-16 13:35:27]  [94/2545] [성공] Hugo Casanova Chardonnay ... | 분포:True
[2026-03-16 13:35:28]  [97/2545] [성공] W. & J. Graham's Six Grap... | 분포:True
[2026-03-16 13:35:28]  [101/2545] [성공] Domaine du Pelican Arbois... | 분포:True
[2026-03-16 13:35:28]  [102/2545] [성공] Greywacke Chardonnay 2022... | 분포:True
[2026-03-16 13:35:28]  [96/2545] [성공] Mantlerhof Roter Veltline... | 분포:True
[2026-03-16 13:35:28]  [98/2545] [성공] Gaja Rossj-Bass Langhe 20... | 분포:True
[2026-03-16 13:35:29]  [100/2545] [성공] Puriri Hills Estate 2022... | 분포:True
[2026-03-16 13:35:29]  [99/2545] [성공] Tinazzi Cabernet - Corvin... | 분포:False
[2026-03-16 13:35:30]  [103/2545] [성공] Marquez Tawny Porto... | 분포:True
[2026-03-16 13:35:30]  [106/2545] [성공] Jean-Louis Trocard Chatea... | 분포:True
[2026-03-16 13:35:31]  [104/2545] [성공] Wolf Blass President's Se... | 분포:True
[2026-03-16 13:35:31]  [105/2545] [성공] Casa Silva Reserva Carmen... | 분포:True
[2026-03-16 13:35:31]  [107/2545] [성공] Matt Connell Lowburn Sing... | 분포:True
[2026-03-16 13:35:32]  [109/2545] [성공] Borgo Magredo Pinot Grigi... | 분포:True
[2026-03-16 13:35:32]  [108/2545] [성공] François Lurton Gran Lurt... | 분포:True
[2026-03-16 13:35:32]  [110/2545] [성공] S.A. Prüm Graacher Himmel... | 분포:True
[2026-03-16 13:35:33]  [112/2545] [성공] Domaine Marc Morey & Fils... | 분포:True
[2026-03-16 13:35:33]  [113/2545] [성공] Château Fourcas Hosten Li... | 분포:True
[2026-03-16 13:35:33]  [111/2545] [성공] Château Musar Rouge (Gast... | 분포:True
[2026-03-16 13:35:33]  [116/2545] [성공] Saltram Maker's Table Cha... | 분포:False
[2026-03-16 13:35:34]  [114/2545] [성공] Château Vartely Cabernet ... | 분포:True
[2026-03-16 13:35:34]  [117/2545] [성공] Domaine Vacheron Sancerre... | 분포:True
[2026-03-16 13:35:34]  [118/2545] [성공] Château Clarke Listrac-Mé... | 분포:True
[2026-03-16 13:35:34]  [115/2545] [성공] Gran Duque d'Alba Gran Re... | 분포:True
[2026-03-16 13:35:34]  [120/2545] [성공] L . Tramier & Fils Coteau... | 분포:True
[2026-03-16 13:35:34]  [119/2545] [성공] La Chablisienne Chablis G... | 분포:True
[2026-03-16 13:35:35] --- 중간 저장: 누적 1147건 ---
[2026-03-16 13:35:43]  [121/2545] [성공] Ruinart Brut (R de Ruinar... | 분포:True
[2026-03-16 13:35:43]  [127/2545] [성공] Peregrine Riesling 2024... | 분포:True
[2026-03-16 13:35:44]  [123/2545] [성공] F.X. Pichler Ried Kloster... | 분포:True
[2026-03-16 13:35:46]  [131/2545] [성공] Misha's Vineyard The Star... | 분포:True
[2026-03-16 13:35:46]  [130/2545] [성공] Daniel & Marta Gantenbein... | 분포:True
[2026-03-16 13:35:46]  [132/2545] [성공] Chard Farm Swiftburn Sauv... | 분포:True
[2026-03-16 13:35:46]  [124/2545] [성공] Pago Los Balancines Huno ... | 분포:True
[2026-03-16 13:35:46]  [126/2545] [성공] Lackner Tinnacher Sauvign... | 분포:True
[2026-03-16 13:35:46]  [122/2545] [성공] Niepoort White Port... | 분포:True
[2026-03-16 13:35:46]  [125/2545] [성공] Maison Roche de Bellene P... | 분포:True
[2026-03-16 13:35:46]  [128/2545] [성공] JP. Chenet Delicious Medi... | 분포:True
[2026-03-16 13:35:46]  [129/2545] [성공] Château Mont-Redon Châtea... | 분포:True
[2026-03-16 13:35:47]  [135/2545] [성공] Conterno Fantino Chardonn... | 분포:True
[2026-03-16 13:35:47]  [133/2545] [성공] Domaine Anne et Herve Sig... | 분포:True
[2026-03-16 13:35:47]  [134/2545] [성공] Stonyridge Vineyard Laros... | 분포:True
[2026-03-16 13:35:49]  [139/2545] [성공] Château Poujeaux Moulis-e... | 분포:True
[2026-03-16 13:35:49]  [144/2545] [성공] Domaine Arnaud et Sophie ... | 분포:True
[2026-03-16 13:35:49]  [136/2545] [성공] McArthur Ridge Southern T... | 분포:True
[2026-03-16 13:35:50]  [143/2545] [성공] Weingut Knoll Loibner Rie... | 분포:True
[2026-03-16 13:35:50]  [142/2545] [성공] Angels Gate Cabernet - Me... | 분포:True
[2026-03-16 13:35:50]  [141/2545] [성공] Mondie Réserve Oak Aged C... | 분포:True
[2026-03-16 13:35:51]  [146/2545] [성공] Mudbrick Vineyard Reserve... | 분포:True
[2026-03-16 13:35:51]  [147/2545] [성공] Felton Road Block 3 Pinot... | 분포:True
[2026-03-16 13:35:52]  [140/2545] [성공] Cave St-Pierre Réserve de... | 분포:True
[2026-03-16 13:35:52]  [138/2545] [성공] Wente Family Vineyards Ri... | 분포:True
[2026-03-16 13:35:52]  [137/2545] [성공] Lapostolle Grand Selectio... | 분포:True
[2026-03-16 13:35:52]  [145/2545] [성공] Château Lafite Rothschild... | 분포:True
[2026-03-16 13:35:52]  [149/2545] [성공] Domaine Tortochot Clos de... | 분포:True
[2026-03-16 13:35:52]  [148/2545] [성공] Elvio Cogno Barolo Cascin... | 분포:True
[2026-03-16 13:35:52]  [150/2545] [성공] l'Octavin Hip Hip J Chard... | 분포:True
[2026-03-16 13:35:53] --- 중간 저장: 누적 1177건 ---
[2026-03-16 13:36:02]  [151/2545] [성공] Más Que Vinos Garnacha de... | 분포:True
[2026-03-16 13:36:03]  [153/2545] [성공] Biserno Campo di Sasso In... | 분포:True
[2026-03-16 13:36:03]  [160/2545] [성공] Elvio Cogno Barolo Cascin... | 분포:True
[2026-03-16 13:36:03]  [156/2545] [성공] Felton Road Bannockburn P... | 분포:True
[2026-03-16 13:36:03]  [157/2545] [성공] Jean-Marc Brocard Chablis... | 분포:True
[2026-03-16 13:36:04]  [152/2545] [성공] Umani Ronchi Passetto Tre... | 분포:True
[2026-03-16 13:36:04]  [158/2545] [성공] Hans Herzog - Hans Family... | 분포:True
[2026-03-16 13:36:05]  [154/2545] [성공] Quinta do Noval Late Bott... | 분포:True
[2026-03-16 13:36:05]  [161/2545] [성공] Kilikanoon Oracle Shiraz ... | 분포:True
[2026-03-16 13:36:06]  [162/2545] [성공] F.X. Pichler Ried Kellerb... | 분포:True
[2026-03-16 13:36:06]  [155/2545] [성공] Powers Muscat Canelli 201... | 분포:True
[2026-03-16 13:36:07]  [159/2545] [성공] Matrot Saint-Romain 2022... | 분포:True
[2026-03-16 13:36:07]  [163/2545] [성공] Mitolo Jester Shiraz 2017... | 분포:True
[2026-03-16 13:36:08]  [164/2545] [성공] Domaine de Fa Saint-Amour... | 분포:True
[2026-03-16 13:36:08]  [166/2545] [성공] Gallo Family Vineyards Ga... | 분포:True
[2026-03-16 13:36:10]  [167/2545] [성공] Velich TO 2022... | 분포:True
[2026-03-16 13:36:10]  [165/2545] [성공] Jean Loron Bourgogne Char... | 분포:True
[2026-03-16 13:36:10]  [168/2545] [성공] Salentein Portillo Malbec... | 분포:True
[2026-03-16 13:36:10]  [169/2545] [성공] La Linda Malbec - Syrah 2... | 분포:True
[2026-03-16 13:36:10]  [171/2545] [성공] Vietti Moscato d'Asti 201... | 분포:True
[2026-03-16 13:36:10]  [170/2545] [성공] Gonzalez-Byass Viña AB Am... | 분포:True
[2026-03-16 13:36:11]  [173/2545] [성공] Folonari Amarone della Va... | 분포:True
[2026-03-16 13:36:12]  [172/2545] [성공] Georges Duboeuf Fleurie C... | 분포:True
[2026-03-16 13:36:12]  [175/2545] [성공] St. Michael-Eppan Sanct V... | 분포:True
[2026-03-16 13:36:12]  [174/2545] [성공] Château du Barry Bordeaux... | 분포:True
[2026-03-16 13:36:13]  [179/2545] [성공] Domaine Feuillat-Juillot ... | 분포:True
[2026-03-16 13:36:13]  [180/2545] [성공] Château La Conseillante P... | 분포:True
[2026-03-16 13:36:13]  [178/2545] [성공] Avignonesi Desiderio Merl... | 분포:True
[2026-03-16 13:36:13]  [176/2545] [성공] Château Boyrein Graves Ro... | 분포:True
[2026-03-16 13:36:13]  [177/2545] [성공] Bodegas Marqués de Cácere... | 분포:True
[2026-03-16 13:36:14] --- 중간 저장: 누적 1207건 ---
[2026-03-16 13:36:23]  [181/2545] [성공] MAN Shiraz (Skaapveld) 20... | 분포:True
[2026-03-16 13:36:23]  [183/2545] [성공] Bodegas Ximénez-Spínola V... | 분포:True
[2026-03-16 13:36:23]  [187/2545] [성공] Pyramid Valley Vineyards ... | 분포:True
[2026-03-16 13:36:25]  [185/2545] [성공] Terra Sancta Estate Pinot... | 분포:True
[2026-03-16 13:36:25]  [184/2545] [성공] Domaine A. et P. de Villa... | 분포:True
[2026-03-16 13:36:25]  [190/2545] [성공] Franz Haas Pinot Nero 202... | 분포:True
[2026-03-16 13:36:25]  [186/2545] [성공] Dönnhoff Weissburgunder S... | 분포:True
[2026-03-16 13:36:26]  [189/2545] [성공] Massena The Moonlight Run... | 분포:True
[2026-03-16 13:36:26]  [182/2545] [성공] Prophecy Sauvignon Blanc ... | 분포:True
[2026-03-16 13:36:26]  [191/2545] [성공] Château Capion Fiona Roug... | 분포:True
[2026-03-16 13:36:26]  [188/2545] [성공] Livio Felluga Illivio 202... | 분포:True
[2026-03-16 13:36:26]  [192/2545] [성공] Château Haut-Brion Pessac... | 분포:True
[2026-03-16 13:36:27]  [194/2545] [성공] Billecart-Salmon Brut Ros... | 분포:True
[2026-03-16 13:36:27]  [195/2545] [성공] Château Puygueraud Closer... | 분포:True
[2026-03-16 13:36:27]  [193/2545] [성공] Dönnhoff Dellchen Rieslin... | 분포:True
[2026-03-16 13:36:29]  [196/2545] [성공] Cloudy Bay Sauvignon Blan... | 분포:True
[2026-03-16 13:36:29]  [197/2545] [성공] Château Saint-Pierre Sain... | 분포:True
[2026-03-16 13:36:29]  [200/2545] [성공] Cortesio Barbera d'Asti 2... | 분포:True
[2026-03-16 13:36:29]  [198/2545] [성공] Kendall-Jackson Grand Res... | 분포:True
[2026-03-16 13:36:29]  [201/2545] [성공] Joh. Jos. Prüm Wehlener S... | 분포:True
[2026-03-16 13:36:30]  [199/2545] [성공] Mantellassi Il Canneto Ma... | 분포:False
[2026-03-16 13:36:30]  [202/2545] [성공] Château Relais du Cheval ... | 분포:True
[2026-03-16 13:36:30]  [203/2545] [성공] Di Giulia Il Gentile Marc... | 분포:True
[2026-03-16 13:36:30]  [205/2545] [성공] Punters Corner Shiraz 200... | 분포:True
[2026-03-16 13:36:31]  [207/2545] [성공] Château La Gorce Médoc 20... | 분포:True
[2026-03-16 13:36:31]  [206/2545] [성공] Lornano Chianti Classico ... | 분포:True
[2026-03-16 13:36:31]  [204/2545] [성공] Terra Andina Cabernet Sau... | 분포:True
[2026-03-16 13:36:32]  [210/2545] [성공] Destiny Bay Vineyards Mys... | 분포:True
[2026-03-16 13:36:32]  [209/2545] [성공] Rocca di Castagnoli Stiel... | 분포:True
[2026-03-16 13:36:32]  [208/2545] [성공] Jean-Louis Trocard Châtea... | 분포:True
[2026-03-16 13:36:33] --- 중간 저장: 누적 1237건 ---
[2026-03-16 13:36:41]  [213/2545] [성공] Partida Creus MC 2022... | 분포:True
[2026-03-16 13:36:42]  [214/2545] [성공] Royal Tokaji Late Harvest... | 분포:True
[2026-03-16 13:36:42]  [211/2545] [성공] Eos Estate The French Con... | 분포:True
[2026-03-16 13:36:42]  [212/2545] [성공] Sensi Chianti Riserva 200... | 분포:True
[2026-03-16 13:36:43]  [215/2545] [성공] Château Canon-La-Gaffeliè... | 분포:True
[2026-03-16 13:36:43]  [218/2545] [성공] Brewery Hill Organic Shir... | 분포:True
[2026-03-16 13:36:43]  [223/2545] [!] 데이터 없음: https://www.vivino.com/en/ubertas-single-vineyard-shiraz/w/6647069?year=2017&price_id=31798782
[2026-03-16 13:36:43]  [224/2545] [!] 데이터 없음: https://www.vivino.com/en/sirromet-signature-collection-cabernet-sauvignon-granite-belt/w/3599662?year=2010&price_id=2895340
[2026-03-16 13:36:44]  [220/2545] [성공] Argiano Solengo 2012... | 분포:True
[2026-03-16 13:36:44]  [216/2545] [성공] Placido Pinot Grigio 2015... | 분포:True
[2026-03-16 13:36:44]  [222/2545] [성공] Robert-Denogent Vieilles ... | 분포:True
[2026-03-16 13:36:44]  [217/2545] [성공] Smith Sheth Cru Omahu Can... | 분포:True
[2026-03-16 13:36:44]  [219/2545] [성공] Ornellaia Bolgheri Superi... | 분포:True
[2026-03-16 13:36:44]  [225/2545] [!] 데이터 없음: https://www.vivino.com/en/maison-roche-de-bellene-vosne-romanee/w/3086403?year=2020&price_id=36078217
[2026-03-16 13:36:44]  [226/2545] [!] 데이터 없음: https://www.vivino.com/en/donnhoff-tonschiefer-riesling-trocken/w/1155960?year=2022&price_id=37843713
[2026-03-16 13:36:44]  [227/2545] [!] 데이터 없음: https://www.vivino.com/en/tenuta-regaleali-rosso-del-conte-contea-di-sclafani/w/1202931?year=2007&price_id=14650537
[2026-03-16 13:36:45]  [229/2545] [!] 데이터 없음: https://www.vivino.com/en/bodega-cauzon-rosado/w/7325877?year=2023&price_id=38957962
[2026-03-16 13:36:45]  [228/2545] [!] 데이터 없음: https://www.vivino.com/en/burn-cottage-moonlight-race-pinot-noir/w/3851587?year=2023&price_id=40561260
[2026-03-16 13:36:45]  [230/2545] [!] 데이터 없음: https://www.vivino.com/en/egon-muller-scharzhof-riesling-le-gallais-wiltinger-braune-kupp-spatlese/w/1373709?year=2021&price_id=37843883
[2026-03-16 13:36:45]  [221/2545] [성공] Saxenburg Guinea Fowl Che... | 분포:True
[2026-03-16 13:36:45]  [231/2545] [!] 데이터 없음: https://www.vivino.com/en/gibbston-valley-reserve-pinot-noir/w/1656652?year=2022&price_id=39686724
[2026-03-16 13:36:45]  [233/2545] [!] 데이터 없음: https://www.vivino.com/en/stags-leap-petite-sirah/w/78405?year=2015&price_id=17633380
[2026-03-16 13:36:45]  [232/2545] [!] 데이터 없음: https://www.vivino.com/en/prunotto-pian-romualdo-barbera-d-alba/w/61104?year=2021&price_id=36485563
[2026-03-16 13:36:45]  [234/2545] [!] 데이터 없음: https://www.vivino.com/en/sa-prum-graacher-himmelreich-riesling-spatlese/w/88365?year=2021&price_id=37843811
[2026-03-16 13:36:45]  [235/2545] [!] 데이터 없음: https://www.vivino.com/en/salvatore-murana-martingana-moscato-passito-di-pantelleria/w/1526886?year=2008&price_id=36629862
[2026-03-16 13:36:45]  [236/2545] [!] 데이터 없음: https://www.vivino.com/en/taylor-s-porto-select-reserve-port/w/1264382?price_id=2754199
[2026-03-16 13:36:45]  [237/2545] [!] 데이터 없음: https://www.vivino.com/en/dom-bella-touriga-nacional-superior/w/2133089?year=2013&price_id=30679499
[2026-03-16 13:36:45]  [238/2545] [!] 데이터 없음: https://www.vivino.com/en/redwood-creek-sauvignon-blanc/w/83726?year=2002&price_id=2895123
[2026-03-16 13:36:45]  [239/2545] [!] 데이터 없음: https://www.vivino.com/en/lillet-rose-bordeaux/w/1218423?price_id=40117111
[2026-03-16 13:36:45]  [240/2545] [!] 데이터 없음: https://www.vivino.com/en/royal-oporto-vintage-port/w/81161?year=2001&price_id=20543718
[2026-03-16 13:36:46] --- 중간 저장: 누적 1249건 ---
[2026-03-16 13:36:53]  [241/2545] [!] 데이터 없음: https://www.vivino.com/en/royal-tokaji-betsek-5-puttonyos-aszu/w/2204275?year=2003&price_id=28072563
[2026-03-16 13:36:53]  [242/2545] [!] 데이터 없음: https://www.vivino.com/en/epc-champagne-blanc-de-blancs-brut/w/7356609?price_id=39759269
[2026-03-16 13:36:53]  [243/2545] [!] 데이터 없음: https://www.vivino.com/en/thirteen-th-street-niagara-peninsula-red-palette/w/1421975?year=2011&price_id=4394313
[2026-03-16 13:36:53]  [244/2545] [!] 데이터 없음: https://www.vivino.com/en/donnhoff-hollenpfad-im-muhlenberg-riesling-gg/w/6659472?year=2022&price_id=37844012
[2026-03-16 13:36:53]  [245/2545] [!] 데이터 없음: https://www.vivino.com/en/kopke-porto-white-colheita/w/4967750?year=2003&price_id=26433273
[2026-03-16 13:36:53]  [246/2545] [!] 데이터 없음: https://www.vivino.com/en/gallo-family-vineyards-cabernet-sauvignon/w/3380?year=2001&price_id=2895292
[2026-03-16 13:36:53]  [247/2545] [!] 데이터 없음: https://www.vivino.com/en/terra-andina-caminos-cabernet-sauvignon-merlot/w/1171900?year=2010&price_id=2895073
[2026-03-16 13:36:53]  [248/2545] [!] 데이터 없음: https://www.vivino.com/en/oremus-tokaji-late-harvest/w/1205909?year=2015&price_id=28072539
[2026-03-16 13:36:53]  [249/2545] [!] 데이터 없음: https://www.vivino.com/en/elena-walch-cardellino-chardonnay/w/1762972?year=2022&price_id=36485684
[2026-03-16 13:36:53]  [250/2545] [!] 데이터 없음: https://www.vivino.com/en/torcalvano-gracciano-merlot-delle-venezie/w/1911976?year=2004&price_id=2895336
[2026-03-16 13:36:53]  [251/2545] [!] 데이터 없음: https://www.vivino.com/en/achaval-ferrer-finca-altamira-malbec/w/1176258?year=2004&price_id=2873772
[2026-03-16 13:36:53]  [252/2545] [!] 데이터 없음: https://www.vivino.com/en/cloudy-bay-sauvignon-blanc/w/18978?year=2022&price_id=30635713
[2026-03-16 13:36:53]  [253/2545] [!] 데이터 없음: https://www.vivino.com/en/antinori-tuscany-tignanello/w/1652?year=2022&price_id=40190339
[2026-03-16 13:36:53]  [254/2545] [!] 데이터 없음: https://www.vivino.com/en/ricasoli-castello-di-brolio-vin-santo-del-chianti-classico/w/1565715?year=2008&price_id=28072560
[2026-03-16 13:36:54]  [255/2545] [!] 데이터 없음: https://www.vivino.com/en/f-x-pichler-durnsteiner-gruner-veltliner/w/5972547?year=2023&price_id=37843629
[2026-03-16 13:36:54]  [256/2545] [!] 데이터 없음: https://www.vivino.com/en/domaine-leflaive-meursault-1er-cru-sous-le-dos-d-ane/w/2085929?year=2022&price_id=38183113
[2026-03-16 13:36:54]  [257/2545] [!] 데이터 없음: https://www.vivino.com/en/chateau-musar-hochar-pere-et-fils/w/75196?year=2018&price_id=37843774
[2026-03-16 13:36:54]  [259/2545] [!] 데이터 없음: https://www.vivino.com/en/kumeu-river-winery-estate-chardonnay/w/76137?year=2023&price_id=36998442
[2026-03-16 13:36:54]  [260/2545] [!] 데이터 없음: https://www.vivino.com/en/kaesler-old-vine-shiraz/w/1627871?year=2004&price_id=14650552
[2026-03-16 13:36:54]  [261/2545] [!] 데이터 없음: https://www.vivino.com/en/von-winning-pechstein-gg/w/1834194?year=2023&price_id=39384955
[2026-03-16 13:36:54]  [262/2545] [!] 데이터 없음: https://www.vivino.com/en/venica-venica-talis-pinot-bianco/w/1670213?year=2022&price_id=36485476
[2026-03-16 13:36:54]  [263/2545] [!] 데이터 없음: https://www.vivino.com/en/egon-muller-scharzhof-scharzhofberger-riesling-kabinett/w/86685?year=2023&price_id=37843895
[2026-03-16 13:36:54]  [264/2545] [!] 데이터 없음: https://www.vivino.com/en/jermann-chardonnay/w/2342369?year=2020&price_id=36485559
[2026-03-16 13:36:54]  [265/2545] [!] 데이터 없음: https://www.vivino.com/en/ottella-lugana/w/1122030?year=2019&price_id=36485574
[2026-03-16 13:36:54]  [266/2545] [!] 데이터 없음: https://www.vivino.com/en/masi-veneto-costasera-amarone-della-valpolicella-classico/w/21929?year=2018&price_id=36485547
[2026-03-16 13:36:54]  [258/2545] [!] 데이터 없음: https://www.vivino.com/en/chateau-lafite-monteil-bordeaux-superieur/w/1521022?year=2011&price_id=14650546
[2026-03-16 13:36:54]  [267/2545] [!] 데이터 없음: https://www.vivino.com/en/barranco-oscuro-rubaiyat/w/1176231?year=2021&price_id=38848851
[2026-03-16 13:36:54]  [268/2545] [!] 데이터 없음: https://www.vivino.com/en/poliziano-rosso-di-montepulciano/w/18793?year=2020&price_id=36485602
[2026-03-16 13:36:54]  [269/2545] [!] 데이터 없음: https://www.vivino.com/en/chateau-mercier-cuvee-prestige-cotes-de-bourg/w/1492600?year=2011&price_id=14650437
[2026-03-16 13:36:54]  [270/2545] [!] 데이터 없음: https://www.vivino.com/en/roland-la-garde-blaye-cotes-de-bordeaux/w/98233?year=2008&price_id=7953571
[2026-03-16 13:36:55] --- 중간 저장: 누적 1249건 ---
[2026-03-16 13:37:03]  [271/2545] [!] 데이터 없음: https://www.vivino.com/en/sena-aconcagua-valley/w/25474?year=2021&price_id=39748986
[2026-03-16 13:37:03]  [272/2545] [!] 데이터 없음: https://www.vivino.com/en/chalk-hill-moscato/w/1118558?year=2013&price_id=2754602
[2026-03-16 13:37:03]  [273/2545] [!] 데이터 없음: https://www.vivino.com/en/amisfield-pinot-noir/w/86250?year=2022&price_id=35723460
[2026-03-16 13:37:03]  [275/2545] [!] 데이터 없음: https://www.vivino.com/en/novum-marlborough-chardonnay/w/6645154?year=2023&price_id=36685399
[2026-03-16 13:37:03]  [276/2545] [!] 데이터 없음: https://www.vivino.com/en/marcel-deiss-complantation/w/7301354?year=2023&price_id=38774119
[2026-03-16 13:37:03]  [277/2545] [!] 데이터 없음: https://www.vivino.com/en/roque-coteaux-du-languedoc/w/2508232?year=2022&price_id=37852840
[2026-03-16 13:37:03]  [278/2545] [!] 데이터 없음: https://www.vivino.com/en/destiny-bay-vineyards-mystae/w/1395058?year=2014&price_id=17118342
[2026-03-16 13:37:03]  [279/2545] [!] 데이터 없음: https://www.vivino.com/en/schafer-frohlich-halenberg-riesling-gg/w/1613064?year=2022&price_id=37843949
[2026-03-16 13:37:03]  [281/2545] [!] 데이터 없음: https://www.vivino.com/en/schafer-frohlich-halenberg-riesling-gg/w/1613064?year=2020&price_id=37843750
[2026-03-16 13:37:03]  [280/2545] [!] 데이터 없음: https://www.vivino.com/en/fr-la-barroche-fiancee-chateauneuf-du-pape/w/14293?year=2022&price_id=39190051
[2026-03-16 13:37:03]  [282/2545] [!] 데이터 없음: https://www.vivino.com/en/schafer-frohlich-stromberg-riesling-gg/w/2711628?year=2022&price_id=37843779
[2026-03-16 13:37:03]  [283/2545] [!] 데이터 없음: https://www.vivino.com/en/millton-clos-de-ste-anne-les-arbres-viognier/w/3769161?year=2021&price_id=32721528
[2026-03-16 13:37:03]  [284/2545] [!] 데이터 없음: https://www.vivino.com/en/william-cole-winemaker-s-special-reserve-red/w/1711335?year=2010&price_id=2873784
[2026-03-16 13:37:03]  [274/2545] [!] 데이터 없음: https://www.vivino.com/en/fattoria-dei-barbi-brusco/w/1169116?year=2006&price_id=2894929
[2026-03-16 13:37:03]  [286/2545] [!] 데이터 없음: https://www.vivino.com/en/domaine-boris-champy-montagne-382-bourgogne-hautes-cotes-de-beaune/w/11257811?year=2020&price_id=37843748
[2026-03-16 13:37:03]  [287/2545] [!] 데이터 없음: https://www.vivino.com/en/lunae-liguria-auxo-colli-di-luni/w/1676675?year=2020&price_id=36485592
[2026-03-16 13:37:03]  [288/2545] [!] 데이터 없음: https://www.vivino.com/en/leveret-estate-syrah-leveret-estate/w/4029870?year=2020&price_id=29825892
[2026-03-16 13:37:03]  [291/2545] [!] 데이터 없음: https://www.vivino.com/en/rosemount-traditional-district-release/w/1987540?year=2000&price_id=14539912
[2026-03-16 13:37:03]  [292/2545] [!] 데이터 없음: https://www.vivino.com/en/roi-dagobert-racines-terroir-riesling/w/1594433?year=2010&price_id=7953602
[2026-03-16 13:37:03]  [293/2545] [!] 데이터 없음: https://www.vivino.com/en/molino-104975-sibilla-langhe-arneis/w/2210663?year=2023&price_id=37773330
[2026-03-16 13:37:03]  [290/2545] [!] 데이터 없음: https://www.vivino.com/en/domain-road-duffers-creek-riesling/w/1291883?year=2022&price_id=38724770
[2026-03-16 13:37:03]  [285/2545] [!] 데이터 없음: https://www.vivino.com/en/pignier-sauvageon/w/5519968?year=2023&price_id=38189709
[2026-03-16 13:37:04]  [289/2545] [!] 데이터 없음: https://www.vivino.com/en/gaja-ca-marcanda-promis-toscana/w/1736416?year=2023&price_id=39619307
[2026-03-16 13:37:04]  [295/2545] [!] 데이터 없음: https://www.vivino.com/en/seghesio-winery-home-ranch-zinfandel/w/6368?year=2000&price_id=16860228
[2026-03-16 13:37:04]  [296/2545] [!] 데이터 없음: https://www.vivino.com/en/la-colombette-puech-d-hortes-grenache-syrah/w/1215313?year=2025&price_id=41231174
[2026-03-16 13:37:04]  [297/2545] [!] 데이터 없음: https://www.vivino.com/en/von-winning-pechstein-gg/w/1834194?year=2021&price_id=37843611
[2026-03-16 13:37:04]  [299/2545] [!] 데이터 없음: https://www.vivino.com/en/cloudy-bay-te-koko-sauvignon-blanc/w/1126958?year=2024&price_id=41182239
[2026-03-16 13:37:04]  [298/2545] [!] 데이터 없음: https://www.vivino.com/en/donnhoff-dellchen-riesling-gg/w/1496022?year=2023&price_id=37843882
[2026-03-16 13:37:04]  [294/2545] [!] 데이터 없음: https://www.vivino.com/en/paraduxx-cork-tree-vineyard-red-napa-valley/w/4942782?year=2022&price_id=38284404
[2026-03-16 13:37:04]  [300/2545] [!] 데이터 없음: https://www.vivino.com/en/hugo-casanova-don-aldo-founder-s-reserve/w/1216451?year=2009&price_id=2873628
[2026-03-16 13:37:05] --- 중간 저장: 누적 1249건 ---
[2026-03-16 13:37:11]  [301/2545] [!] 데이터 없음: https://www.vivino.com/en/dashe-late-harvest-zinfandel/w/14153?year=2005&price_id=14650445
[2026-03-16 13:37:11]  [303/2545] [!] 데이터 없음: https://www.vivino.com/en/pelee-island-winery-cabernet-sauvignon-reserve/w/13035?year=2011&price_id=14550289
[2026-03-16 13:37:11]  [302/2545] [!] 데이터 없음: https://www.vivino.com/en/beronia-rioja-reserva/w/1164695?year=2014&price_id=27171872
[2026-03-16 13:37:11]  [304/2545] [!] 데이터 없음: https://www.vivino.com/en/mamete-prevostini-botonero-nebbiolo-terrazze-retiche-di-sondrio/w/1373509?year=2017&price_id=25868599
[2026-03-16 13:37:11]  [305/2545] [!] 데이터 없음: https://www.vivino.com/en/alessio-dorigo-merlot/w/83982?year=2005&price_id=14542028
[2026-03-16 13:37:11]  [306/2545] [!] 데이터 없음: https://www.vivino.com/en/chateau-branaire-ducru-saint-julien-grand-cru-classe/w/1172272?year=2009&price_id=38459315
[2026-03-16 13:37:11]  [307/2545] [!] 데이터 없음: https://www.vivino.com/en/umathum-pinot-gris/w/86928?year=2023&price_id=41059497
[2026-03-16 13:37:11]  [308/2545] [!] 데이터 없음: https://www.vivino.com/en/rock-bare-shiraz/w/1105827?year=2003&price_id=2805040
[2026-03-16 13:37:11]  [309/2545] [!] 데이터 없음: https://www.vivino.com/en/moric-reserve-blaufrankisch/w/1196379?year=2022&price_id=38633113
[2026-03-16 13:37:11]  [310/2545] [!] 데이터 없음: https://www.vivino.com/en/mitolo-serpico-cabernet-sauvignon/w/79013?year=2005&price_id=14540503
[2026-03-16 13:37:11]  [311/2545] [!] 데이터 없음: https://www.vivino.com/en/frenchmans-hill-blood-creek/w/3830817?year=2015&price_id=39663840
[2026-03-16 13:37:11]  [312/2545] [!] 데이터 없음: https://www.vivino.com/en/donnafugata-ben-rye-passito-di-pantelleria/w/1176121?year=2021&price_id=36736896
[2026-03-16 13:37:11]  [317/2545] [!] 데이터 없음: https://www.vivino.com/en/moet-chandon-imperial-rose-brut-champagne/w/1122092?price_id=22123005
[2026-03-16 13:37:11]  [313/2545] [!] 데이터 없음: https://www.vivino.com/en/stonyridge-vineyard-larose-red-blend/w/1631901?year=2019&price_id=24178192
[2026-03-16 13:37:11]  [321/2545] [!] 데이터 없음: https://www.vivino.com/en/weingut-knoll-loibner-gelber-muskateller-federspiel/w/1293504?year=2023&price_id=37843960
[2026-03-16 13:37:11]  [314/2545] [!] 데이터 없음: https://www.vivino.com/en/badia-a-coltibuono-chianti-classico-riserva/w/6281?year=2005&price_id=14541916
[2026-03-16 13:37:11]  [315/2545] [!] 데이터 없음: https://www.vivino.com/en/weingut-josef-pockl-zweigelt-classique/w/1206518?year=2016&price_id=38662724
[2026-03-16 13:37:11]  [316/2545] [!] 데이터 없음: https://www.vivino.com/en/stiphane-vedeau-j-boutin-arena-mica-hermitage/w/4887121?year=2022&price_id=34223764
[2026-03-16 13:37:12]  [318/2545] [!] 데이터 없음: https://www.vivino.com/en/it-florio-vecchioflorio-marsala-superiore-dolce/w/4948689?year=2017&price_id=39138455
[2026-03-16 13:37:12]  [319/2545] [!] 데이터 없음: https://www.vivino.com/en/passage-rock-reserve-syrah-waiheke-island/w/1362043?year=2021&price_id=40706206
[2026-03-16 13:37:12]  [325/2545] [!] 데이터 없음: https://www.vivino.com/en/au-evans-tate-smooth-operator-cabernet-merlot/w/2875954?year=2018&price_id=25662780
[2026-03-16 13:37:12]  [320/2545] [!] 데이터 없음: https://www.vivino.com/en/castello-nipozzano-chianti-rufina-riserva/w/20983?year=2017&price_id=24449298
[2026-03-16 13:37:12]  [322/2545] [!] 데이터 없음: https://www.vivino.com/en/saint-clair-family-estate-wairau-reserve-sauvignon-blanc/w/1147263?year=2025&price_id=41095084
[2026-03-16 13:37:12]  [326/2545] [!] 데이터 없음: https://www.vivino.com/en/es-beso-de-vino-cabernet-sauvignon/w/2737971?year=2013&price_id=2805050
[2026-03-16 13:37:12]  [324/2545] [!] 데이터 없음: https://www.vivino.com/en/tenuta-tascante-ghiaia-nera-nerello-mascalese/w/2279679?year=2010&price_id=14650492
[2026-03-16 13:37:12]  [323/2545] [!] 데이터 없음: https://www.vivino.com/en/providence-four-apostles/w/1987751?year=2013&price_id=39663846
[2026-03-16 13:37:12]  [328/2545] [!] 데이터 없음: https://www.vivino.com/en/chard-farm-viper-vineyard-pinot-noir/w/1680644?year=2022&price_id=39663855
[2026-03-16 13:37:12]  [329/2545] [!] 데이터 없음: https://www.vivino.com/en/seidelberg-wine-estate-roland-s-reserve-cabernet-sauvignon/w/1123611?year=2004&price_id=2804847
[2026-03-16 13:37:12]  [327/2545] [!] 데이터 없음: https://www.vivino.com/en/degenfeld-tokaji-aszu-6-puttonyos/w/1734705?year=2008&price_id=13611970
[2026-03-16 13:37:12]  [330/2545] [!] 데이터 없음: https://www.vivino.com/en/beringer-california-sparkling-white-zinfandel/w/2323589?price_id=22111702
[2026-03-16 13:37:13] --- 중간 저장: 누적 1249건 ---
[2026-03-16 13:37:19]  [331/2545] [!] 데이터 없음: https://www.vivino.com/en/perez-cruz-cot-limited-edition/w/1172675?year=2005&price_id=2895205
[2026-03-16 13:37:19]  [333/2545] [!] 데이터 없음: https://www.vivino.com/en/markowitsch-m1/w/96906?year=2020&price_id=38459306
[2026-03-16 13:37:19]  [334/2545] [!] 데이터 없음: https://www.vivino.com/en/felton-road-cornish-point-pinot-noir/w/2054916?year=2007&price_id=35624785
[2026-03-16 13:37:19]  [335/2545] [!] 데이터 없음: https://www.vivino.com/en/domaine-tortochot-mazis-chambertin-grand-cru/w/1727643?year=2021&price_id=33035208
[2026-03-16 13:37:19]  [332/2545] [!] 데이터 없음: https://www.vivino.com/en/castello-di-querceto-colli-della-toscana-centrale-cignale/w/15627?year=2006&price_id=14550058
[2026-03-16 13:37:19]  [337/2545] [!] 데이터 없음: https://www.vivino.com/en/umani-ronchi-jorio-montepulciano-d-abruzzo/w/3504?year=2010&price_id=2895297
[2026-03-16 13:37:19]  [336/2545] [!] 데이터 없음: https://www.vivino.com/en/domaine-vacheron-sancerre-chambrates/w/2395499?year=2021&price_id=37843834
[2026-03-16 13:37:19]  [339/2545] [!] 데이터 없음: https://www.vivino.com/en/wirra-wirra-woodhenge-shiraz/w/1829715?year=2014&price_id=14650383
[2026-03-16 13:37:19]  [338/2545] [!] 데이터 없음: https://www.vivino.com/en/devotus-reserve-single-vineyard-pinot-noir/w/3723907?year=2021&price_id=37028794
[2026-03-16 13:37:19]  [340/2545] [!] 데이터 없음: https://www.vivino.com/en/clos-de-la-vieille-eglise-castillon-cotes-de-bordeaux/w/1416680?year=2003&price_id=14549938
[2026-03-16 13:37:19]  [341/2545] [!] 데이터 없음: https://www.vivino.com/en/moric-lutzmannsburg-alte-reben-blaufrankisch/w/1126419?year=2021&price_id=37843592
[2026-03-16 13:37:19]  [342/2545] [!] 데이터 없음: https://www.vivino.com/en/stag-s-leap-wine-cellars-winemaker-series-dijon-clone-chardonnay/w/2420499?year=2007&price_id=14541181
[2026-03-16 13:37:20]  [343/2545] [!] 데이터 없음: https://www.vivino.com/en/colombaia-tuscany-rosato/w/6435443?year=2021&price_id=38505560
[2026-03-16 13:37:20]  [345/2545] [!] 데이터 없음: https://www.vivino.com/en/weingut-richard-ostreicher-rosen-spatburgunder/w/9402705?year=2023&price_id=40838511
[2026-03-16 13:37:20]  [346/2545] [!] 데이터 없음: https://www.vivino.com/en/argiolas-korem-isola-dei-nuraghi/w/82195?year=2019&price_id=36485640
[2026-03-16 13:37:20]  [347/2545] [!] 데이터 없음: https://www.vivino.com/en/chateau-musar-hochar-pere-et-fils/w/75196?year=2017&price_id=37843616
[2026-03-16 13:37:20]  [348/2545] [!] 데이터 없음: https://www.vivino.com/en/egon-muller-scharzhof-scharzhofberger-riesling-kabinett/w/86685?year=2022&price_id=37843716
[2026-03-16 13:37:20]  [344/2545] [!] 데이터 없음: https://www.vivino.com/en/joseph-pascal-bourgogne-pinot-noir/w/778775?year=2022&price_id=36418841
[2026-03-16 13:37:20]  [349/2545] [!] 데이터 없음: https://www.vivino.com/en/domaine-a-f-gros-vosne-romanee-les-chalandins/w/7130066?year=2023&price_id=40825894
[2026-03-16 13:37:20]  [350/2545] [!] 데이터 없음: https://www.vivino.com/en/rosemount-single-vineyard-series-mclaren-vines-vineyard-shiraz-grenache/w/1991680?year=2006&price_id=14540460
[2026-03-16 13:37:20]  [351/2545] [!] 데이터 없음: https://www.vivino.com/en/domaine-comte-georges-de-vogue-musigny-grand-cru-cuvee-vieilles-vignes/w/1187200?year=2011&price_id=799013
[2026-03-16 13:37:20]  [352/2545] [!] 데이터 없음: https://www.vivino.com/en/molino-104975-teorema-barbaresco/w/1159990?year=2016&price_id=36736920
[2026-03-16 13:37:20]  [353/2545] [!] 데이터 없음: https://www.vivino.com/en/albert-grivault-clos-blanc-pommard-1er-cru/w/1597099?year=2020&price_id=37843683
[2026-03-16 13:37:20]  [354/2545] [!] 데이터 없음: https://www.vivino.com/en/rosemount-diamond-label-cabernet-sauvignon/w/68244?year=2001&price_id=14540712
[2026-03-16 13:37:20]  [356/2545] [!] 데이터 없음: https://www.vivino.com/en/yellow-tail-cabernet-sauvignon/w/2549?year=2015&price_id=15556359
[2026-03-16 13:37:20]  [355/2545] [!] 데이터 없음: https://www.vivino.com/en/bodega-norton-reserva-malbec/w/3215?year=2005&price_id=2894981
[2026-03-16 13:37:20]  [357/2545] [!] 데이터 없음: https://www.vivino.com/en/castello-di-querceto-colli-della-toscana-centrale-il-sole-di-alessandro/w/1614485?year=2005&price_id=2754468
[2026-03-16 13:37:20]  [358/2545] [!] 데이터 없음: https://www.vivino.com/en/amisfield-pinot-gris/w/1783313?year=2023&price_id=36998471
[2026-03-16 13:37:21]  [360/2545] [!] 데이터 없음: https://www.vivino.com/en/soraighe-valpolicella-ripasso-superiore/w/1364616?year=2020&price_id=36736876
[2026-03-16 13:37:21]  [359/2545] [!] 데이터 없음: https://www.vivino.com/en/smith-sheth-cru-sauvignon-blanc/w/6306318?year=2023&price_id=38032868
[2026-03-16 13:37:21] --- 중간 저장: 누적 1249건 ---
[2026-03-16 13:37:29]  [362/2545] [!] 데이터 없음: https://www.vivino.com/en/heartland-wines-pty-ltd-dolcetto-lagrein/w/2044?year=2005&price_id=2895053
[2026-03-16 13:37:29]  [363/2545] [!] 데이터 없음: https://www.vivino.com/en/sileni-estates-cellar-selection-marlborough-sauvignon-blanc/w/1214612?year=2024&price_id=38951218
[2026-03-16 13:37:29]  [361/2545] [!] 데이터 없음: https://www.vivino.com/en/pegasus-bay-winery-bel-canto-dry-riesling/w/1261670?year=2024&price_id=40716445
[2026-03-16 13:37:29]  [364/2545] [!] 데이터 없음: https://www.vivino.com/en/hannes-sabathi-gelber-muskateller-klassik/w/90052?year=2020&price_id=37843671
[2026-03-16 13:37:29]  [365/2545] [!] 데이터 없음: https://www.vivino.com/en/domaine-marc-morey-fils-bourgogne-blanc/w/1723854?year=2023&price_id=39191444
[2026-03-16 13:37:29]  [366/2545] [!] 데이터 없음: https://www.vivino.com/en/amisfield-dry-riesling/w/86253?year=2024&price_id=39913989
[2026-03-16 13:37:29]  [367/2545] [!] 데이터 없음: https://www.vivino.com/en/santa-carolina-vistana-cabernet-sauvignon-rose/w/1136400?year=2004&price_id=2894957
[2026-03-16 13:37:29]  [368/2545] [!] 데이터 없음: https://www.vivino.com/en/silver-buckle-chardonnay/w/1768149?year=2011&price_id=2805039
[2026-03-16 13:37:29]  [369/2545] [!] 데이터 없음: https://www.vivino.com/en/domaine-g-roumier-morey-saint-denis-premier-cru-clos-de-la-bussiere/w/100045?year=2022&price_id=38771161
[2026-03-16 13:37:29]  [370/2545] [!] 데이터 없음: https://www.vivino.com/en/heron-s-flight-dolcetto/w/2502783?year=2021&price_id=34771402
[2026-03-16 13:37:29]  [371/2545] [!] 데이터 없음: https://www.vivino.com/en/two-paddocks-the-first-paddock-gibbston-vineyard-pinot-noir/w/2511044?year=2022&price_id=40802949
[2026-03-16 13:37:29]  [372/2545] [!] 데이터 없음: https://www.vivino.com/en/felton-road-bannockburn-pinot-noir/w/88318?year=2009&price_id=21403118
[2026-03-16 13:37:30]  [373/2545] [!] 데이터 없음: https://www.vivino.com/en/hafner-t-b-a-trockenbeerenauslese-scheurebe-essencia/w/2388515?year=2002&price_id=2804810
[2026-03-16 13:37:30]  [374/2545] [!] 데이터 없음: https://www.vivino.com/en/decoy-california-red-wine/w/1128171?year=2004&price_id=4550238
[2026-03-16 13:37:30]  [379/2545] [!] 데이터 없음: https://www.vivino.com/en/venica-venica-cabernet-franc/w/1362053?year=2019&price_id=36485618
[2026-03-16 13:37:30]  [375/2545] [!] 데이터 없음: https://www.vivino.com/en/kressmann-monopole-bordeaux-blanc/w/1614548?year=2010&price_id=7953574
[2026-03-16 13:37:30]  [376/2545] [!] 데이터 없음: https://www.vivino.com/en/castello-di-poppiano-castello-di-poppiano-chianti-colli-fiorentini-riserva/w/1310982?year=2011&price_id=14650402
[2026-03-16 13:37:30]  [377/2545] [!] 데이터 없음: https://www.vivino.com/en/weingut-knoll-loibner-gelber-muskateller-smaragd/w/2235351?year=2023&price_id=37843736
[2026-03-16 13:37:30]  [378/2545] [!] 데이터 없음: https://www.vivino.com/en/famille-perrin-l-andeol-rasteau/w/1220175?year=2011&price_id=14542010
[2026-03-16 13:37:30]  [380/2545] [!] 데이터 없음: https://www.vivino.com/en/montes-montes-alpha-syrah-colchagua-valley-red-wine/w/71334?year=2007&price_id=14650519
[2026-03-16 13:37:30]  [381/2545] [!] 데이터 없음: https://www.vivino.com/en/rosemount-chardonnay-diamond-label/w/68254?year=2003&price_id=14541390
[2026-03-16 13:37:30]  [382/2545] [!] 데이터 없음: https://www.vivino.com/en/sterling-vineyards-vintner-s-collection-cabernet-sauvignon/w/1136087?year=2014&price_id=14541803
[2026-03-16 13:37:30]  [383/2545] [!] 데이터 없음: https://www.vivino.com/en/cloudy-bay-pelorus-brut/w/18981?price_id=22123103
[2026-03-16 13:37:30]  [384/2545] [!] 데이터 없음: https://www.vivino.com/en/es-vina-real-rioja-crianza/w/1261821?year=2014&price_id=15574739
[2026-03-16 13:37:30]  [385/2545] [!] 데이터 없음: https://www.vivino.com/en/bodegas-muga-muga-rosado/w/7490?year=2006&price_id=2894950
[2026-03-16 13:37:30]  [388/2545] [!] 데이터 없음: https://www.vivino.com/en/quintodecimo-terra-d-eclano-aglianico-irpinia/w/1245573?year=2015&price_id=24839158
[2026-03-16 13:37:30]  [386/2545] [!] 데이터 없음: https://www.vivino.com/en/domaine-chevallier-chablis/w/1770856?year=2024&price_id=39375458
[2026-03-16 13:37:30]  [387/2545] [!] 데이터 없음: https://www.vivino.com/en/familia-torres-atrium-merlot/w/2651?year=2005&price_id=2894933
[2026-03-16 13:37:31]  [389/2545] [!] 데이터 없음: https://www.vivino.com/en/c-silva-dalva-ruby-porto/w/1155177?price_id=17633335
[2026-03-16 13:37:31]  [390/2545] [!] 데이터 없음: https://www.vivino.com/en/chateau-musar-blanc-gaston-hochar/w/1888649?year=2017&price_id=37843801
[2026-03-16 13:37:31] --- 중간 저장: 누적 1249건 ---
[2026-03-16 13:37:39]  [391/2545] [!] 데이터 없음: https://www.vivino.com/en/luis-felipe-edwards-reserva-merlot/w/85363?year=2015&price_id=9885752
[2026-03-16 13:37:39]  [392/2545] [!] 데이터 없음: https://www.vivino.com/en/finca-la-estacada-hello-world-cabernet-franc/w/3495681?year=2015&price_id=15839109
[2026-03-16 13:37:39]  [393/2545] [!] 데이터 없음: https://www.vivino.com/en/jp-chenet-original-merlot/w/3043053?year=2004&price_id=7944056
[2026-03-16 13:37:39]  [394/2545] [!] 데이터 없음: https://www.vivino.com/en/michel-redde-et-fils-la-moynerie-pouilly-fume/w/1100049?year=2022&price_id=38558280
[2026-03-16 13:37:39]  [395/2545] [!] 데이터 없음: https://www.vivino.com/en/tarapaca-gran-reserva-syrah/w/1215041?year=2019&price_id=28232810
[2026-03-16 13:37:39]  [396/2545] [!] 데이터 없음: https://www.vivino.com/en/the-tapas-wine-collection-tempranillo/w/1194084?year=2008&price_id=14650379
[2026-03-16 13:37:39]  [397/2545] [!] 데이터 없음: https://www.vivino.com/en/prophet-s-rock-home-vineyard-pinot-noir/w/3647977?year=2023&price_id=38896566
[2026-03-16 13:37:39]  [398/2545] [!] 데이터 없음: https://www.vivino.com/en/chateau-phelan-segur-bordeaux-rose/w/98172?year=2017&price_id=24211508
[2026-03-16 13:37:40]  [399/2545] [!] 데이터 없음: https://www.vivino.com/en/carpineto-chianti-castaldo/w/6193?year=2003&price_id=2895029
[2026-03-16 13:37:40]  [400/2545] [!] 데이터 없음: https://www.vivino.com/en/tinazzi-tenuta-valleselle-ripa-magna-corvina/w/1154421?year=2006&price_id=2895188
[2026-03-16 13:37:40]  [401/2545] [!] 데이터 없음: https://www.vivino.com/en/craggy-range-gimblett-gravels-les-beaux-cailloux/w/79638?year=2019&price_id=25478344
[2026-03-16 13:37:40]  [402/2545] [!] 데이터 없음: https://www.vivino.com/en/donnhoff-hermannshohle-riesling-gg/w/1214613?year=2023&price_id=37843715
[2026-03-16 13:37:40]  [403/2545] [!] 데이터 없음: https://www.vivino.com/en/wente-family-vineyards-riva-ranch-chardonnay/w/1742845?year=2002&price_id=2894897
[2026-03-16 13:37:40]  [409/2545] [!] 데이터 없음: https://www.vivino.com/en/domaine-marc-morey-fils-chassagne-montrachet-1er-cru-les-cailleret/w/1202923?year=2022&price_id=40929068
[2026-03-16 13:37:40]  [415/2545] [!] 데이터 없음: https://www.vivino.com/en/gut-oggau-josephine-rot/w/1729546?year=2023&price_id=38505524
[2026-03-16 13:37:40]  [404/2545] [!] 데이터 없음: https://www.vivino.com/en/weingut-knoll-loibner-chardonnay-smaragd/w/1911262?year=2023&price_id=37843888
[2026-03-16 13:37:40]  [405/2545] [!] 데이터 없음: https://www.vivino.com/en/donnhoff-tonschiefer-riesling-trocken/w/1155960?year=2023&price_id=37843615
[2026-03-16 13:37:40]  [406/2545] [!] 데이터 없음: https://www.vivino.com/en/lamothe-parrot-scarlett-dark/w/4931184?year=2016&price_id=18930011
[2026-03-16 13:37:40]  [407/2545] [!] 데이터 없음: https://www.vivino.com/en/argiano-suolo/w/2888?year=2013&price_id=14650503
[2026-03-16 13:37:40]  [408/2545] [!] 데이터 없음: https://www.vivino.com/en/raphet-morey-saint-denis-1er-cru-les-millandes/w/1209881?year=2021&price_id=33035082
[2026-03-16 13:37:40]  [410/2545] [!] 데이터 없음: https://www.vivino.com/en/gallo-signature-series-chardonnay/w/1196226?year=2001&price_id=14549972
[2026-03-16 13:37:40]  [411/2545] [!] 데이터 없음: https://www.vivino.com/en/it-s-cristina-lugana-lugana-white-wine-v/w/1127731?year=2022&price_id=36736914
[2026-03-16 13:37:40]  [412/2545] [!] 데이터 없음: https://www.vivino.com/en/sandbanks-dunes-ontario/w/1824651?year=2012&price_id=4394310
[2026-03-16 13:37:40]  [413/2545] [!] 데이터 없음: https://www.vivino.com/en/cloudy-bay-sauvignon-blanc/w/18978?year=2024&price_id=38276432
[2026-03-16 13:37:40]  [414/2545] [!] 데이터 없음: https://www.vivino.com/en/johanneshof-gewurztraminer/w/1959104?year=2025&price_id=40802950
[2026-03-16 13:37:41]  [419/2545] [!] 데이터 없음: https://www.vivino.com/en/mark-haisma-gevrey-chambertin/w/2915617?year=2017&price_id=24559049
[2026-03-16 13:37:41]  [416/2545] [!] 데이터 없음: https://www.vivino.com/en/tinazzi-tenuta-valleselle-arnasi-pinot-grigio/w/1125487?year=2006&price_id=2895362
[2026-03-16 13:37:41]  [417/2545] [!] 데이터 없음: https://www.vivino.com/en/tabali-talinay-coastal-limestone-vineyard-sauvignon-blanc/w/1611997?year=2013&price_id=16730250
[2026-03-16 13:37:41]  [418/2545] [!] 데이터 없음: https://www.vivino.com/en/fr-rapet-corton-charlemagne-grand-cru/w/87852?year=2022&price_id=37249124
[2026-03-16 13:37:41]  [420/2545] [!] 데이터 없음: https://www.vivino.com/en/chard-farm-finla-mor-pinot-noir/w/83450?year=2023&price_id=39686725
[2026-03-16 13:37:42] --- 중간 저장: 누적 1249건 ---
[2026-03-16 13:37:50]  [421/2545] [!] 데이터 없음: https://www.vivino.com/en/barratt-the-reserve-pinot-noir/w/1827565?year=2010&price_id=21687587
[2026-03-16 13:37:50]  [423/2545] [!] 데이터 없음: https://www.vivino.com/en/penfolds-bin-311-chardonnay/w/1249?year=2021&price_id=30195057
[2026-03-16 13:37:50]  [426/2545] [!] 데이터 없음: https://www.vivino.com/en/argiolas-meri-vermentino-di-sardegna/w/1272816?year=2017&price_id=20945508
[2026-03-16 13:37:51]  [432/2545] [!] 데이터 없음: https://www.vivino.com/en/penfolds-bin-128-shiraz/w/1245?year=2003&price_id=2895194
[2026-03-16 13:37:51]  [422/2545] [!] 데이터 없음: https://www.vivino.com/en/marina-cvetic-riserva-trebbiano/w/2526510?year=2020&price_id=36485512
[2026-03-16 13:37:51]  [424/2545] [!] 데이터 없음: https://www.vivino.com/en/finca-la-estacada-hello-world-petit-verdot/w/3123972?year=2014&price_id=14650482
[2026-03-16 13:37:51]  [425/2545] [!] 데이터 없음: https://www.vivino.com/en/carmen-gran-reserva-merlot/w/1203117?year=2014&price_id=14539449
[2026-03-16 13:37:51]  [427/2545] [!] 데이터 없음: https://www.vivino.com/en/heinrich-pannobile/w/1126495?year=2020&price_id=37843827
[2026-03-16 13:37:51]  [428/2545] [!] 데이터 없음: https://www.vivino.com/en/mollydooker-winery-gigglepot-cabernet-sauvignon/w/1131225?year=2016&price_id=18675551
[2026-03-16 13:37:51]  [430/2545] [!] 데이터 없음: https://www.vivino.com/en/aldo-rainoldi-sassella-valtellina-superiore/w/1259300?year=2013&price_id=36738528
[2026-03-16 13:37:51]  [429/2545] [!] 데이터 없음: https://www.vivino.com/en/bouvet-ladubay-tresor-saumur-rose-brut/w/1313483?price_id=30601271
[2026-03-16 13:37:51]  [431/2545] [!] 데이터 없음: https://www.vivino.com/en/chateau-le-boscq-saint-estephe/w/1427885?year=2002&price_id=7944043
[2026-03-16 13:37:51]  [433/2545] [!] 데이터 없음: https://www.vivino.com/en/f-x-pichler-unendlich-riesling-smaragd/w/1581262?year=2023&price_id=40908355
[2026-03-16 13:37:51]  [434/2545] [!] 데이터 없음: https://www.vivino.com/en/neleman-fifty-reasons-sauvignon-blanc/w/5368488?year=2014&price_id=14539410
[2026-03-16 13:37:51]  [437/2545] [!] 데이터 없음: https://www.vivino.com/en/salentein-reserve-cabernet-sauvignon-barrel-selection/w/1125263?year=2003&price_id=14650367
[2026-03-16 13:37:51]  [435/2545] [!] 데이터 없음: https://www.vivino.com/en/dona-paula-los-indios-parcel-malbec/w/2030239?year=2011&price_id=4491067
[2026-03-16 13:37:51]  [439/2545] [!] 데이터 없음: https://www.vivino.com/en/bera-alladio-langhe-nebbiolo/w/1157502?year=2004&price_id=2804626
[2026-03-16 13:37:51]  [441/2545] [!] 데이터 없음: https://www.vivino.com/en/robert-denogent-vieilles-vignes-saint-veran-les-pommards/w/1167288?year=2020&price_id=37843644
[2026-03-16 13:37:51]  [436/2545] [!] 데이터 없음: https://www.vivino.com/en/pegasus-bay-winery-prima-donna-pinot-noir/w/1173985?year=2020&price_id=36998448
[2026-03-16 13:37:51]  [438/2545] [!] 데이터 없음: https://www.vivino.com/en/esterhazy-estoras/w/1166778?year=2009&price_id=17350639
[2026-03-16 13:37:52]  [446/2545] [!] 데이터 없음: https://www.vivino.com/en/kaiken-ultra-cabernet-sauvignon/w/71464?year=2004&price_id=2894895
[2026-03-16 13:37:52]  [440/2545] [!] 데이터 없음: https://www.vivino.com/en/kaesler-old-vine-semillon/w/1457995?year=2006&price_id=14549856
[2026-03-16 13:37:52]  [442/2545] [!] 데이터 없음: https://www.vivino.com/en/thirteen-th-street-niagara-peninsula-white-palette/w/1617396?year=2012&price_id=14542048
[2026-03-16 13:37:52]  [443/2545] [!] 데이터 없음: https://www.vivino.com/en/burggarten-spatburgunder-classic/w/1849878?year=2018&price_id=24499682
[2026-03-16 13:37:52]  [444/2545] [!] 데이터 없음: https://www.vivino.com/en/jean-marc-brocard-chablis-premier-cru-fourchaume/w/43654?year=2011&price_id=7944151
[2026-03-16 13:37:52]  [445/2545] [!] 데이터 없음: https://www.vivino.com/en/masi-veneto-masianco/w/21950?year=2021&price_id=33312599
[2026-03-16 13:37:52]  [447/2545] [!] 데이터 없음: https://www.vivino.com/en/protos-roble/w/1132737?year=2011&price_id=2754341
[2026-03-16 13:37:52]  [448/2545] [!] 데이터 없음: https://www.vivino.com/en/chateau-ducru-beaucaillou-saint-julien-grand-cru-classe/w/61744?year=2010&price_id=37843976
[2026-03-16 13:37:52]  [449/2545] [!] 데이터 없음: https://www.vivino.com/en/chateau-vartely-ice-muscat-ottonel/w/1524017?year=2011&price_id=2873843
[2026-03-16 13:37:52]  [450/2545] [!] 데이터 없음: https://www.vivino.com/en/domaine-leflaive-puligny-montrachet-1er-cru-les-pucelles/w/84906?year=2021&price_id=37844015
[2026-03-16 13:37:53] --- 중간 저장: 누적 1249건 ---
[2026-03-16 13:38:03]  [451/2545] [!] 데이터 없음: https://www.vivino.com/en/indomita-gran-reserva-cabernet-sauvignon/w/1683137?year=2005&price_id=14550002
[2026-03-16 13:38:03]  [452/2545] [!] 데이터 없음: https://www.vivino.com/en/wente-family-vineyards-morning-fog-chardonnay/w/1720?year=2003&price_id=2895323
[2026-03-16 13:38:03]  [453/2545] [!] 데이터 없음: https://www.vivino.com/en/valiano-poggio-teo-chianti-classico/w/1161447?year=2013&price_id=24459460
[2026-03-16 13:38:03]  [456/2545] [!] 데이터 없음: https://www.vivino.com/en/tenuta-regaleali-nozze-d-oro-sicilia/w/1123337?year=2010&price_id=14650526
[2026-03-16 13:38:03]  [458/2545] [!] 데이터 없음: https://www.vivino.com/en/emilio-moro-malleolus/w/11604?year=2010&price_id=5109468
[2026-03-16 13:38:03]  [462/2545] [!] 데이터 없음: https://www.vivino.com/en/andrew-januir-stone-cairn/w/2243780?year=2013&price_id=10496214
[2026-03-16 13:38:03]  [454/2545] [!] 데이터 없음: https://www.vivino.com/en/cave-springs-cellars-cabernet-merlot/w/1758348?year=2011&price_id=14541233
[2026-03-16 13:38:03]  [455/2545] [!] 데이터 없음: https://www.vivino.com/en/alconde-reserva/w/1151502?year=2005&price_id=14549956
[2026-03-16 13:38:03]  [457/2545] [!] 데이터 없음: https://www.vivino.com/en/wittmann-rheinhessen-morstein-riesling-gg/w/1153695?year=2014&price_id=37843563
[2026-03-16 13:38:04]  [459/2545] [!] 데이터 없음: https://www.vivino.com/en/devotus-reserve-single-vineyard-pinot-noir/w/3723907?year=2019&price_id=37028791
[2026-03-16 13:38:04]  [460/2545] [!] 데이터 없음: https://www.vivino.com/en/villa-maria-auckland-ngakirikiri-cabernet-sauvignon/w/4159326?year=2018&price_id=34102285
[2026-03-16 13:38:04]  [461/2545] [!] 데이터 없음: https://www.vivino.com/en/braida-il-baciale-monferrato-rosso/w/15142?year=2019&price_id=36485510
[2026-03-16 13:38:04]  [463/2545] [!] 데이터 없음: https://www.vivino.com/en/terenzi-madrechiesa-morellino-di-scansano-riserva/w/1420652?year=2018&price_id=36485548
[2026-03-16 13:38:04]  [464/2545] [!] 데이터 없음: https://www.vivino.com/en/venica-venica-jesera-pinot-grigio/w/91004?year=2022&price_id=36485567
[2026-03-16 13:38:04]  [465/2545] [!] 데이터 없음: https://www.vivino.com/en/domaine-bonnardot-belissand-beaune-premier-cru/w/2926872?year=2023&price_id=38775517
[2026-03-16 13:38:04]  [466/2545] [!] 데이터 없음: https://www.vivino.com/en/a-et-p-de-villaine-rully-1er-cru-les-champs-cloux/w/6626598?year=2023&price_id=41141500
[2026-03-16 13:38:04]  [467/2545] [!] 데이터 없음: https://www.vivino.com/en/belle-glos-clark-telephone-vineyard-pinot-noir/w/15238?year=2021&price_id=35673589
[2026-03-16 13:38:04]  [468/2545] [!] 데이터 없음: https://www.vivino.com/en/terra-andina-carmenere/w/1136560?year=2009&price_id=2805051
[2026-03-16 13:38:04]  [474/2545] [!] 데이터 없음: https://www.vivino.com/en/mitchelton-preece-chardonnay/w/1227618?year=2007&price_id=14541216
[2026-03-16 13:38:04]  [469/2545] [!] 데이터 없음: https://www.vivino.com/en/greywacke-kevin-judd-riesling/w/1130874?year=2023&price_id=37845092
[2026-03-16 13:38:04]  [478/2545] [!] 데이터 없음: https://www.vivino.com/en/olivier-pithon-mon-p-tit-pithon-rouge/w/1682546?year=2023&price_id=38520538
[2026-03-16 13:38:04]  [470/2545] [!] 데이터 없음: https://www.vivino.com/en/domaine-poisot-pere-and-fils-pernand-vergelesses-1er-cru-en-caradeux/w/1312601?year=2022&price_id=37062879
[2026-03-16 13:38:04]  [471/2545] [!] 데이터 없음: https://www.vivino.com/en/col-d-orcia-rosso-di-montalcino/w/73470?year=2021&price_id=36485561
[2026-03-16 13:38:04]  [472/2545] [!] 데이터 없음: https://www.vivino.com/en/la-bonnelle-saint-emilion-grand-cru/w/1174698?year=2015&price_id=22871449
[2026-03-16 13:38:04]  [473/2545] [!] 데이터 없음: https://www.vivino.com/en/nomad-at-hinterbrook-traveller-s-riesling/w/4896036?year=2014&price_id=14550159
[2026-03-16 13:38:04]  [475/2545] [!] 데이터 없음: https://www.vivino.com/en/bulas-ten-anos-tawny-porto/w/1378098?price_id=38979668
[2026-03-16 13:38:05]  [476/2545] [!] 데이터 없음: https://www.vivino.com/en/serge-laporte-millesia-sancerre/w/1371644?year=2022&price_id=33696561
[2026-03-16 13:38:05]  [477/2545] [!] 데이터 없음: https://www.vivino.com/en/happs-three-hills-malbec/w/1999424?year=2018&price_id=28384689
[2026-03-16 13:38:05]  [479/2545] [!] 데이터 없음: https://www.vivino.com/en/quebrada-de-macul-alba-de-domus/w/1105375?year=2008&price_id=9468632
[2026-03-16 13:38:05]  [480/2545] [!] 데이터 없음: https://www.vivino.com/en/domaine-boris-champy-petit-aigle-savigny-les-beaune-savigny-les-beaune/w/9925007?year=2021&price_id=37843734
[2026-03-16 13:38:05] --- 중간 저장: 누적 1249건 ---
[2026-03-16 13:38:11]  [481/2545] [!] 데이터 없음: https://www.vivino.com/en/terra-sancta-single-block-shingle-beach-pinot-noir/w/1406409?year=2022&price_id=34460466
[2026-03-16 13:38:11]  [482/2545] [!] 데이터 없음: https://www.vivino.com/en/abbazia-moscato-dolce/w/2115561?price_id=2804987
[2026-03-16 13:38:11]  [483/2545] [!] 데이터 없음: https://www.vivino.com/en/la-forge-estate-merlot/w/1190844?year=2018&price_id=23660418
[2026-03-16 13:38:11]  [484/2545] [!] 데이터 없음: https://www.vivino.com/en/kaiken-cabernet-sauvignon-reserva/w/71444?year=2005&price_id=2895204
[2026-03-16 13:38:11]  [485/2545] [!] 데이터 없음: https://www.vivino.com/en/bret-brothers-climat-en-carementrant-pouilly-fuisse/w/1205133?year=2023&price_id=38416424
[2026-03-16 13:38:11]  [486/2545] [!] 데이터 없음: https://www.vivino.com/en/terra-andina-carmenere-reserva/w/1136554?year=2008&price_id=2894951
[2026-03-16 13:38:11]  [487/2545] [!] 데이터 없음: https://www.vivino.com/en/chateau-leoville-las-cases-saint-julien-grand-cru-classe/w/81848?year=1989&price_id=1713307
[2026-03-16 13:38:11]  [488/2545] [!] 데이터 없음: https://www.vivino.com/en/schloss-gobelsburg-langenlois-gruner-veltliner/w/5941966?year=2016&price_id=17970315
[2026-03-16 13:38:11]  [489/2545] [!] 데이터 없음: https://www.vivino.com/en/st-michael-eppan-sanct-valentin-chardonnay/w/2398590?year=2016&price_id=36485667
[2026-03-16 13:38:11]  [490/2545] [!] 데이터 없음: https://www.vivino.com/en/mitolo-g-a-m-shiraz/w/79010?year=2005&price_id=2754366
[2026-03-16 13:38:11]  [491/2545] [!] 데이터 없음: https://www.vivino.com/en/montes-classic-series-reserva-sauvignon-blanc-central-valley/w/12618329?year=2008&price_id=14650541
[2026-03-16 13:38:12]  [492/2545] [!] 데이터 없음: https://www.vivino.com/en/baron-philippe-de-rothschild-sa-baronesa-p/w/8717238?year=2018&price_id=28635608
[2026-03-16 13:38:12]  [495/2545] [!] 데이터 없음: https://www.vivino.com/en/solar-de-urbezo-chardonnay/w/1192332?year=2018&price_id=34860507
[2026-03-16 13:38:12]  [493/2545] [!] 데이터 없음: https://www.vivino.com/en/franz-hirtzberger-honivogl-gruner-veltliner-smaragd/w/2024734?year=2024&price_id=39191451
[2026-03-16 13:38:12]  [494/2545] [!] 데이터 없음: https://www.vivino.com/en/tommasi-lugana/w/1588919?year=2005&price_id=14540450
[2026-03-16 13:38:12]  [497/2545] [!] 데이터 없음: https://www.vivino.com/en/planeta-dorilli-cerasuolo-di-vittoria-classico/w/1483173?year=2017&price_id=36738529
[2026-03-16 13:38:12]  [496/2545] [!] 데이터 없음: https://www.vivino.com/en/saltram-maker-s-table-shiraz/w/1577532?year=2006&price_id=2895226
[2026-03-16 13:38:12]  [498/2545] [!] 데이터 없음: https://www.vivino.com/en/franz-hirtzberger-rotes-tor-gruner-veltliner-federspiel/w/1153715?year=2024&price_id=39191448
[2026-03-16 13:38:12]  [500/2545] [!] 데이터 없음: https://www.vivino.com/en/ruinart-brut-rose-champagne/w/1148298?price_id=13687715
[2026-03-16 13:38:12]  [499/2545] [!] 데이터 없음: https://www.vivino.com/en/kumeu-river-winery-kumeu-cremant/w/5479877?price_id=23422975
[2026-03-16 13:38:12]  [501/2545] [!] 데이터 없음: https://www.vivino.com/en/tinazzi-tenuta-valleselle-introl-della-torre-merlot/w/1138396?year=2006&price_id=2804934
[2026-03-16 13:38:12]  [502/2545] [!] 데이터 없음: https://www.vivino.com/en/jaufrette-gigondas/w/2206397?year=2013&price_id=40508796
[2026-03-16 13:38:12]  [503/2545] [!] 데이터 없음: https://www.vivino.com/en/hogue-genesis-cabernet-sauvignon/w/1294058?year=2002&price_id=2895039
[2026-03-16 13:38:12]  [504/2545] [!] 데이터 없음: https://www.vivino.com/en/zuccardi-q-cabernet-sauvignon/w/19427?year=2006&price_id=14650505
[2026-03-16 13:38:12]  [505/2545] [!] 데이터 없음: https://www.vivino.com/en/louis-roederer-brut-premier-champagne/w/74298?price_id=275458
[2026-03-16 13:38:13]  [508/2545] [!] 데이터 없음: https://www.vivino.com/en/schmitt-sohne-gmbh-weinkellerei-riesling-kabinett/w/1536783?year=2005&price_id=14550298
[2026-03-16 13:38:13]  [510/2545] [!] 데이터 없음: https://www.vivino.com/en/craggy-range-chardonnay-gimblett-gravels-vineyard/w/87013?year=2024&price_id=40802955
[2026-03-16 13:38:13]  [506/2545] [!] 데이터 없음: https://www.vivino.com/en/robert-denogent-vieilles-vignes-saint-veran-les-pommards/w/1167288?year=2022&price_id=39117952
[2026-03-16 13:38:13]  [507/2545] [!] 데이터 없음: https://www.vivino.com/en/wente-family-vineyards-wetmore-vineyard-cabernet-sauvignon/w/1732398?year=2004&price_id=2804802
[2026-03-16 13:38:13]  [509/2545] [!] 데이터 없음: https://www.vivino.com/en/planeta-sito-dell-ulmo-merlot/w/1904616?year=2002&price_id=14541551
[2026-03-16 13:38:13] --- 중간 저장: 누적 1249건 ---
[2026-03-16 13:38:22]  [511/2545] [!] 데이터 없음: https://www.vivino.com/en/weingut-josef-pockl-zweigelt-classique/w/1206518?year=2018&price_id=37843764
[2026-03-16 13:38:22]  [512/2545] [!] 데이터 없음: https://www.vivino.com/en/tramier-l-and-fils-le-petit-panier-merlot/w/2155880?year=2017&price_id=21508221
[2026-03-16 13:38:22]  [513/2545] [!] 데이터 없음: https://www.vivino.com/en/hugo-casanova-linaje-cabernet-sauvignon/w/1212851?year=2007&price_id=2873672
[2026-03-16 13:38:22]  [514/2545] [!] 데이터 없음: https://www.vivino.com/en/yangarra-estate-vineyard-gsm/w/2843811?year=2016&price_id=33897612
[2026-03-16 13:38:22]  [515/2545] [!] 데이터 없음: https://www.vivino.com/en/house-of-arras-brut-elite/w/1622543?price_id=27312447
[2026-03-16 13:38:22]  [516/2545] [!] 데이터 없음: https://www.vivino.com/en/felton-road-calvert-pinot-noir/w/88319?year=2023&price_id=37530269
[2026-03-16 13:38:22]  [517/2545] [!] 데이터 없음: https://www.vivino.com/en/bellene-nuits-saint-georges-premier-cru-aux-chaignots/w/3521429?year=2019&price_id=33035167
[2026-03-16 13:38:22]  [518/2545] [!] 데이터 없음: https://www.vivino.com/en/armand-de-brignac-brut-gold-champagne/w/2240674?price_id=31325303
[2026-03-16 13:38:22]  [519/2545] [!] 데이터 없음: https://www.vivino.com/en/pierre-amadieu-cotes-du-rhone-roulepierre-rouge/w/1675000?year=2018&price_id=21280992
[2026-03-16 13:38:22]  [520/2545] [!] 데이터 없음: https://www.vivino.com/en/chateau-patache-daux-les-chevaux-de-patache-d-aux/w/4502674?year=2004&price_id=14550149
[2026-03-16 13:38:22]  [522/2545] [!] 데이터 없음: https://www.vivino.com/en/tatiarra-trademark-shiraz/w/1178265?year=2018&price_id=30326250
[2026-03-16 13:38:22]  [521/2545] [!] 데이터 없음: https://www.vivino.com/en/moric-lutzmannsburg-alte-reben-blaufrankisch/w/1126419?year=2022&price_id=38650473
[2026-03-16 13:38:23]  [523/2545] [!] 데이터 없음: https://www.vivino.com/en/moritz-kissinger-null-ohm-weiss/w/10569502?year=2023&price_id=37844070
[2026-03-16 13:38:23]  [524/2545] [!] 데이터 없음: https://www.vivino.com/en/domaine-a-f-gros-vosne-romanee-aux-reas/w/1447844?year=2022&price_id=37843828
[2026-03-16 13:38:23]  [526/2545] [!] 데이터 없음: https://www.vivino.com/en/bests-pinot-noir/w/1650479?year=2004&price_id=2895057
[2026-03-16 13:38:23]  [527/2545] [!] 데이터 없음: https://www.vivino.com/en/it-le-coste-bianchetto/w/2269298?year=2023&price_id=40262323
[2026-03-16 13:38:23]  [530/2545] [!] 데이터 없음: https://www.vivino.com/en/weingut-richard-ostreicher-rosen-spatburgunder/w/9402705?year=2020&price_id=40838508
[2026-03-16 13:38:23]  [531/2545] [!] 데이터 없음: https://www.vivino.com/en/cantine-di-marco-salento-primitivo/w/1144882?year=2015&price_id=14549865
[2026-03-16 13:38:23]  [525/2545] [!] 데이터 없음: https://www.vivino.com/en/jean-marc-brocard-chablis-sainte-claire-vieilles-vignes/w/1374713?year=2013&price_id=7944083
[2026-03-16 13:38:23]  [528/2545] [!] 데이터 없음: https://www.vivino.com/en/mount-edward-muirkirk-vineyard-pinot-noir/w/3285599?year=2021&price_id=37845097
[2026-03-16 13:38:23]  [529/2545] [!] 데이터 없음: https://www.vivino.com/en/bests-bin-no-1-shiraz/w/96183?year=2012&price_id=21678405
[2026-03-16 13:38:23]  [540/2545] [!] 데이터 없음: https://www.vivino.com/en/bests-bin-no-1-shiraz/w/96183?year=2004&price_id=8995949
[2026-03-16 13:38:23]  [532/2545] [!] 데이터 없음: https://www.vivino.com/en/cloudy-bay-chardonnay/w/18979?year=2006&price_id=2754487
[2026-03-16 13:38:23]  [533/2545] [!] 데이터 없음: https://www.vivino.com/en/azienda-agricola-conterno-fantino-nebbiolo-langhe-ginestrino/w/16644?year=2022&price_id=37845839
[2026-03-16 13:38:23]  [534/2545] [!] 데이터 없음: https://www.vivino.com/en/groth-cabernet-sauvignon/w/10004?year=2016&price_id=25002079
[2026-03-16 13:38:23]  [535/2545] [!] 데이터 없음: https://www.vivino.com/en/balbas-reserva/w/1164713?year=2001&price_id=16245126
[2026-03-16 13:38:23]  [536/2545] [!] 데이터 없음: https://www.vivino.com/en/robert-mondavi-winery-cabernet-sauvignon/w/2425?year=2018&price_id=25051514
[2026-03-16 13:38:23]  [537/2545] [!] 데이터 없음: https://www.vivino.com/en/peter-skoff-sauvignon-blanc-klassik-sudsteiermark/w/3143624?year=2009&price_id=14549867
[2026-03-16 13:38:23]  [538/2545] [!] 데이터 없음: https://www.vivino.com/en/domaine-vacheron-sancerre-chambrates/w/2395499?year=2023&price_id=39001872
[2026-03-16 13:38:24]  [539/2545] [!] 데이터 없음: https://www.vivino.com/en/casale-del-giglio-anthium-bellone-lazio-white-wine/w/4424541?year=2018&price_id=21280993
[2026-03-16 13:38:24] --- 중간 저장: 누적 1249건 ---
[2026-03-16 13:38:32]  [541/2545] [!] 데이터 없음: https://www.vivino.com/en/domaine-tortochot-charmes-chambertin-grand-cru/w/2078334?year=2022&price_id=37062883
[2026-03-16 13:38:32]  [542/2545] [!] 데이터 없음: https://www.vivino.com/en/michele-chiarlo-barolo-barolo-red-wine-v-87i4n/w/4331612?year=2001&price_id=37027309
[2026-03-16 13:38:32]  [543/2545] [!] 데이터 없음: https://www.vivino.com/en/ornellaia-le-serre-nuove/w/22448?year=2019&price_id=36485655
[2026-03-16 13:38:32]  [544/2545] [!] 데이터 없음: https://www.vivino.com/en/lunae-liguria-horae-liguria-di-levante/w/1617420?year=2014&price_id=36485485
[2026-03-16 13:38:32]  [545/2545] [!] 데이터 없음: https://www.vivino.com/en/joh-jos-prum-graacher-himmelreich-riesling-auslese/w/68354?year=2021&price_id=37843985
[2026-03-16 13:38:32]  [546/2545] [!] 데이터 없음: https://www.vivino.com/en/man-o-war-kulta-totto/w/7373509?year=2019&price_id=36998459
[2026-03-16 13:38:32]  [547/2545] [!] 데이터 없음: https://www.vivino.com/en/la-felce-monte-dei-frati/w/1633949?year=2019&price_id=23002949
[2026-03-16 13:38:32]  [548/2545] [!] 데이터 없음: https://www.vivino.com/en/kopke-l-b-v-port/w/76373?year=2020&price_id=39162786
[2026-03-16 13:38:32]  [550/2545] [!] 데이터 없음: https://www.vivino.com/en/colinas-beiras-reserva-espumante-brut/w/1244642?year=2009&price_id=17609962
[2026-03-16 13:38:32]  [549/2545] [!] 데이터 없음: https://www.vivino.com/en/obikwa-merlot/w/1188280?year=2005&price_id=2895086
[2026-03-16 13:38:32]  [551/2545] [!] 데이터 없음: https://www.vivino.com/en/penfolds-koonunga-hill-shiraz-cabernet/w/1306?year=2018&price_id=26456007
[2026-03-16 13:38:32]  [552/2545] [!] 데이터 없음: https://www.vivino.com/en/hans-herzog-hans-family-estate-riesling/w/1677842?year=2018&price_id=32855504
[2026-03-16 13:38:32]  [553/2545] [!] 데이터 없음: https://www.vivino.com/en/nederburg-estate-cabernet-sauvignon-paarl-red-wine-v-wzjjz/w/4295461?year=2002&price_id=25895286
[2026-03-16 13:38:32]  [554/2545] [!] 데이터 없음: https://www.vivino.com/en/chateau-mercier-cuvee-prestige-cotes-de-bourg/w/1492600?year=2012&price_id=14650432
[2026-03-16 13:38:33]  [555/2545] [!] 데이터 없음: https://www.vivino.com/en/banfi-poggio-all-oro-brunello-di-montalcino-riserva/w/1165001?year=2013&price_id=36736917
[2026-03-16 13:38:33]  [556/2545] [!] 데이터 없음: https://www.vivino.com/en/jermann-pignacolusse-rosso/w/79514?year=2013&price_id=36485633
[2026-03-16 13:38:33]  [557/2545] [!] 데이터 없음: https://www.vivino.com/en/donnhoff-grauburgunder-trocken/w/1155959?year=2022&price_id=40825892
[2026-03-16 13:38:33]  [558/2545] [!] 데이터 없음: https://www.vivino.com/en/bonneau-du-martray-corton-charlemagne-grand-cru/w/82779?year=2022&price_id=40400889
[2026-03-16 13:38:33]  [559/2545] [!] 데이터 없음: https://www.vivino.com/en/domaine-marc-morey-fils-chassagne-montrachet-1er-cru-les-chenevottes/w/1198645?year=2023&price_id=39191440
[2026-03-16 13:38:33]  [560/2545] [!] 데이터 없음: https://www.vivino.com/en/tenuta-san-guido-le-difese/w/5076?year=2022&price_id=37843826
[2026-03-16 13:38:33]  [561/2545] [!] 데이터 없음: https://www.vivino.com/en/elk-cove-estate-pinot-noir/w/1751367?year=2007&price_id=14650392
[2026-03-16 13:38:33]  [562/2545] [!] 데이터 없음: https://www.vivino.com/en/cascina-degli-ulivi-gavi/w/1147765?year=2006&price_id=2895060
[2026-03-16 13:38:33]  [563/2545] [!] 데이터 없음: https://www.vivino.com/en/planeta-la-segreta-il-bianco/w/4991?year=2003&price_id=14539463
[2026-03-16 13:38:33]  [564/2545] [!] 데이터 없음: https://www.vivino.com/en/parker-coonawarra-estate-terra-rossa-cabernet-sauvignon/w/1427400?year=2003&price_id=2894920
[2026-03-16 13:38:33]  [567/2545] [!] 데이터 없음: https://www.vivino.com/en/terenzi-bramaluce-toscana-rosso/w/1757216?year=2023&price_id=39872267
[2026-03-16 13:38:33]  [569/2545] [!] 데이터 없음: https://www.vivino.com/en/f-x-pichler-loibner-gruner-veltliner/w/9803000?year=2023&price_id=37843675
[2026-03-16 13:38:33]  [565/2545] [!] 데이터 없음: https://www.vivino.com/en/sartarelli-balciana/w/85568?year=2019&price_id=36485644
[2026-03-16 13:38:33]  [566/2545] [!] 데이터 없음: https://www.vivino.com/en/antinori-tuscany-castello-della-sala-muffato-della-sala/w/1690?year=2014&price_id=36485647
[2026-03-16 13:38:33]  [568/2545] [!] 데이터 없음: https://www.vivino.com/en/bernard-latour-cotes-du-rhone-blanc/w/5760397?year=2022&price_id=35442865
[2026-03-16 13:38:33]  [570/2545] [!] 데이터 없음: https://www.vivino.com/en/kolonne-null-riesling/w/7528323?year=2024&price_id=39830175
[2026-03-16 13:38:34] --- 중간 저장: 누적 1249건 ---
[2026-03-16 13:38:41]  [571/2545] [!] 데이터 없음: https://www.vivino.com/en/invivo-sauvignon-blanc/w/1219785?year=2020&price_id=26456003
[2026-03-16 13:38:41]  [572/2545] [!] 데이터 없음: https://www.vivino.com/en/cave-de-turckheim-riesling-alsace/w/1207214?year=2001&price_id=14541924
[2026-03-16 13:38:41]  [573/2545] [!] 데이터 없음: https://www.vivino.com/en/ruffino-modus-toscana/w/2183?year=2000&price_id=2895182
[2026-03-16 13:38:41]  [574/2545] [!] 데이터 없음: https://www.vivino.com/en/henry-fessy-morgon/w/84047?year=2008&price_id=14650523
[2026-03-16 13:38:41]  [575/2545] [!] 데이터 없음: https://www.vivino.com/en/azienda-agricola-conterno-fantino-barolo-ginestra-vigna-del-gris/w/16639?year=2020&price_id=37845844
[2026-03-16 13:38:41]  [576/2545] [!] 데이터 없음: https://www.vivino.com/en/schloss-lieser-sl-riesling-feinherb/w/1207305?year=2014&price_id=23168854
[2026-03-16 13:38:41]  [577/2545] [!] 데이터 없음: https://www.vivino.com/en/badia-a-coltibuono-cancelli-rosso/w/1149559?year=2006&price_id=2873750
[2026-03-16 13:38:41]  [578/2545] [!] 데이터 없음: https://www.vivino.com/en/pegasus-bay-winery-chardonnay/w/16116?year=2022&price_id=39388058
[2026-03-16 13:38:41]  [579/2545] [!] 데이터 없음: https://www.vivino.com/en/fr-chateau-latour-les-forts-de-latour-pauillac/w/1168676?year=2015&price_id=37843945
[2026-03-16 13:38:41]  [580/2545] [!] 데이터 없음: https://www.vivino.com/en/de-faveri-valdobbiadene-prosecco-superiore-selezione-brut/w/1727631?year=2019&price_id=36736885
[2026-03-16 13:38:41]  [581/2545] [!] 데이터 없음: https://www.vivino.com/en/glaetzer-amon-ra-shiraz/w/1160689?year=2005&price_id=2754232
[2026-03-16 13:38:41]  [582/2545] [!] 데이터 없음: https://www.vivino.com/en/amistat-rouge/w/1437384?year=2015&price_id=18803725
[2026-03-16 13:38:41]  [584/2545] [!] 데이터 없음: https://www.vivino.com/en/domaine-leflaive-puligny-montrachet/w/84918?year=2023&price_id=41121103
[2026-03-16 13:38:41]  [586/2545] [!] 데이터 없음: https://www.vivino.com/en/hafner-weiber-burgunder/w/1581266?year=2004&price_id=2895218
[2026-03-16 13:38:42]  [583/2545] [!] 데이터 없음: https://www.vivino.com/en/st-michael-eppan-blauburgunder-pinot-nero/w/1517896?year=2018&price_id=28232814
[2026-03-16 13:38:42]  [595/2545] [!] 데이터 없음: https://www.vivino.com/en/destiny-bay-vineyards-magna-praemia/w/1601698?year=2016&price_id=35631005
[2026-03-16 13:38:42]  [585/2545] [!] 데이터 없음: https://www.vivino.com/en/domaine-gros-frere-et-soeur-bourgogne-rouge/w/1408207?year=2023&price_id=40825902
[2026-03-16 13:38:42]  [587/2545] [!] 데이터 없음: https://www.vivino.com/en/chateau-patache-daux-medoc/w/1953295?year=1994&price_id=7953589
[2026-03-16 13:38:42]  [588/2545] [!] 데이터 없음: https://www.vivino.com/en/donnhoff-hermannshohle-riesling-gg/w/1214613?year=2024&price_id=40825891
[2026-03-16 13:38:42]  [589/2545] [!] 데이터 없음: https://www.vivino.com/en/seghesio-winery-cortina-zinfandel/w/6367?year=2003&price_id=2895036
[2026-03-16 13:38:42]  [590/2545] [!] 데이터 없음: https://www.vivino.com/en/tabali-pedregoso-gran-reserva-sauvignon-blanc/w/5087741?year=2017&price_id=16730105
[2026-03-16 13:38:42]  [591/2545] [!] 데이터 없음: https://www.vivino.com/en/rh-phillips-cabernet-sauvignon/w/1133080?year=2001&price_id=14550254
[2026-03-16 13:38:42]  [592/2545] [!] 데이터 없음: https://www.vivino.com/en/chateau-cantenac-brown-margaux-grand-cru-classe/w/81864?year=2010&price_id=37843737
[2026-03-16 13:38:42]  [593/2545] [!] 데이터 없음: https://www.vivino.com/en/st-michael-eppan-weissburgunder-pinot-bianco/w/10084?year=2017&price_id=36485680
[2026-03-16 13:38:42]  [594/2545] [!] 데이터 없음: https://www.vivino.com/en/gallo-family-vineyards-chardonnay/w/38484?year=2000&price_id=2873823
[2026-03-16 13:38:42]  [596/2545] [!] 데이터 없음: https://www.vivino.com/en/royal-oporto-ruby-port/w/2647641?price_id=10734093
[2026-03-16 13:38:42]  [599/2545] [!] 데이터 없음: https://www.vivino.com/en/de-faveri-rose-extra-dry/w/2624267?price_id=15297580
[2026-03-16 13:38:42]  [600/2545] [!] 데이터 없음: https://www.vivino.com/en/joh-jos-prum-graacher-himmelreich-riesling-spatlese/w/1480361?year=2005&price_id=14549873
[2026-03-16 13:38:42]  [597/2545] [!] 데이터 없음: https://www.vivino.com/en/pegasus-bay-winery-gewurztraminer/w/5148442?year=2025&price_id=39913978
[2026-03-16 13:38:42]  [598/2545] [!] 데이터 없음: https://www.vivino.com/en/ayala-brut-majeur-champagne/w/12318?price_id=21996513
[2026-03-16 13:38:43] --- 중간 저장: 누적 1249건 ---
[2026-03-16 13:38:50]  [605/2545] [!] 데이터 없음: https://www.vivino.com/en/champagne-paul-bara-grand-rose-brut-champagne-grand-cru-bouzy/w/1540816?price_id=20769947
[2026-03-16 13:38:50]  [606/2545] [!] 데이터 없음: https://www.vivino.com/en/masciarelli-abruzzo-montepulciano-d-abruzzo/w/93061?year=2021&price_id=38546952
[2026-03-16 13:38:50]  [601/2545] [!] 데이터 없음: https://www.vivino.com/en/erwin-tinhof-leithaberg-blaufrankisch/w/1503392?year=2009&price_id=37843868
[2026-03-16 13:38:50]  [607/2545] [!] 데이터 없음: https://www.vivino.com/en/donnhoff-weissburgunder-s/w/1155962?year=2022&price_id=37843576
[2026-03-16 13:38:50]  [608/2545] [!] 데이터 없음: https://www.vivino.com/en/es-finca-constancia-altozano-tempranillo/w/1706171?year=2005&price_id=2894935
[2026-03-16 13:38:50]  [604/2545] [!] 데이터 없음: https://www.vivino.com/en/clearview-estate-endeavour-hawke-s-bay-chardonnay/w/1401141?year=2019&price_id=37256817
[2026-03-16 13:38:50]  [611/2545] [!] 데이터 없음: https://www.vivino.com/en/burn-cottage-burn-cottage-vineyard-pinot-noir/w/1759418?year=2021&price_id=38032863
[2026-03-16 13:38:50]  [610/2545] [!] 데이터 없음: https://www.vivino.com/en/marchese-delle-saline-tiade-etna-rosso/w/6492036?year=2017&price_id=36485653
[2026-03-16 13:38:50]  [613/2545] [!] 데이터 없음: https://www.vivino.com/en/il-carmel-old-vines-carignan-bshrn-mshm-vld-vynh-hsdrh-hzvryt/w/1117544?year=2009&price_id=14650499
[2026-03-16 13:38:50]  [612/2545] [!] 데이터 없음: https://www.vivino.com/en/chateau-des-laurets-puisseguin-saint-emilion/w/1137096?year=2011&price_id=15198814
[2026-03-16 13:38:51]  [603/2545] [!] 데이터 없음: https://www.vivino.com/en/peter-lehmann-weighbridge-shiraz/w/2104?year=2005&price_id=2895141
[2026-03-16 13:38:51]  [614/2545] [!] 데이터 없음: https://www.vivino.com/en/montes-classic-series-reserva-merlot-central-valley/w/1268490?year=2008&price_id=14650409
[2026-03-16 13:38:51]  [602/2545] [!] 데이터 없음: https://www.vivino.com/en/domaine-boris-champy-altitude-bourgogne-hautes-cotes-de-beaune/w/8902857?year=2020&price_id=37843810
[2026-03-16 13:38:51]  [609/2545] [!] 데이터 없음: https://www.vivino.com/en/valli-bannockburn-vineyard-pinot-noir/w/86089?year=2017&price_id=17561944
[2026-03-16 13:38:51]  [617/2545] [!] 데이터 없음: https://www.vivino.com/en/chateau-l-eglise-clinet-pomerol/w/1099373?year=2012&price_id=799252
[2026-03-16 13:38:51]  [621/2545] [!] 데이터 없음: https://www.vivino.com/en/cycles-gladiator-merlot-central-coast/w/3220019?year=2005&price_id=14650397
[2026-03-16 13:38:51]  [615/2545] [!] 데이터 없음: https://www.vivino.com/en/destiny-bay-vineyards-mystae/w/1395058?year=2008&price_id=3604871
[2026-03-16 13:38:51]  [624/2545] [!] 데이터 없음: https://www.vivino.com/en/fr-chateau-latour-grand-vin-pauillac-premier-grand-cru-classe/w/1655970?year=1995&price_id=4040053
[2026-03-16 13:38:51]  [625/2545] [!] 데이터 없음: https://www.vivino.com/en/carrick-wines-sauvignon-blanc/w/95046?year=2023&price_id=38032875
[2026-03-16 13:38:52]  [619/2545] [!] 데이터 없음: https://www.vivino.com/en/tenuta-romana-soliditas/w/4110998?year=2023&price_id=40949385
[2026-03-16 13:38:52]  [626/2545] [!] 데이터 없음: https://www.vivino.com/en/chateau-marquis-de-terme-margaux-grand-cru-classe/w/79272?year=1982&price_id=38161867
[2026-03-16 13:38:52]  [618/2545] [!] 데이터 없음: https://www.vivino.com/en/powers-winery-malbec/w/1216168?year=2009&price_id=2895151
[2026-03-16 13:38:52]  [616/2545] [!] 데이터 없음: https://www.vivino.com/en/ruffino-romitorio-di-santedame-toscana/w/1168441?year=2000&price_id=2805029
[2026-03-16 13:38:52]  [623/2545] [!] 데이터 없음: https://www.vivino.com/en/argiano-solengo/w/2887?year=2019&price_id=38848569
[2026-03-16 13:38:52]  [627/2545] [!] 데이터 없음: https://www.vivino.com/en/kessler-zink-riesling-kabinett/w/3172902?year=2018&price_id=23130037
[2026-03-16 13:38:52]  [630/2545] [!] 데이터 없음: https://www.vivino.com/en/montes-classic-series-reserva-cabernet-sauvignon-colchagua-valley/w/71374?year=2008&price_id=2895199
[2026-03-16 13:38:52]  [620/2545] [!] 데이터 없음: https://www.vivino.com/en/daniel-alibrand-sauternes/w/1255726?year=2010&price_id=28072564
[2026-03-16 13:38:52]  [622/2545] [!] 데이터 없음: https://www.vivino.com/en/grohl-grauer-burgunder-trocken/w/2446858?year=2024&price_id=40057900
[2026-03-16 13:38:52]  [628/2545] [!] 데이터 없음: https://www.vivino.com/en/weingut-hiedler-maximum-gruner-veltliner/w/1203167?year=2007&price_id=2894903
[2026-03-16 13:38:52]  [629/2545] [!] 데이터 없음: https://www.vivino.com/en/drei-dono-graf-noir/w/88392?year=2005&price_id=20543730
[2026-03-16 13:38:52] --- 중간 저장: 누적 1249건 ---
[2026-03-16 13:39:01]  [631/2545] [!] 데이터 없음: https://www.vivino.com/en/tramier-l-and-fils-le-petit-panier-pinot-noir/w/2163096?year=2012&price_id=7943991
[2026-03-16 13:39:02]  [632/2545] [!] 데이터 없음: https://www.vivino.com/en/barefoot-white-zinfandel/w/1132893?price_id=40818332
[2026-03-16 13:39:02]  [633/2545] [!] 데이터 없음: https://www.vivino.com/en/clos-bellane-cotes-du-rhone-villages-valreas-rouge/w/1475993?year=2023&price_id=40577444
[2026-03-16 13:39:02]  [634/2545] [!] 데이터 없음: https://www.vivino.com/en/tony-bish-golden-egg-chardonnay/w/4530128?year=2024&price_id=39388061
[2026-03-16 13:39:02]  [635/2545] [!] 데이터 없음: https://www.vivino.com/en/becker-landgraf-j2-grauer-burgunder/w/1742401?year=2024&price_id=39108207
[2026-03-16 13:39:02]  [636/2545] [!] 데이터 없음: https://www.vivino.com/en/banrock-station-moscato/w/84331?year=2019&price_id=24559051
[2026-03-16 13:39:02]  [637/2545] [!] 데이터 없음: https://www.vivino.com/en/veyder-malberg-elsarner-ried-brandstatt-riesling/w/4335665?year=2020&price_id=37843617
[2026-03-16 13:39:02]  [638/2545] [!] 데이터 없음: https://www.vivino.com/en/francis-ford-coppola-winery-director-s-cut-cabernet-sauvignon/w/6277?year=2019&price_id=33920011
[2026-03-16 13:39:02]  [639/2545] [!] 데이터 없음: https://www.vivino.com/en/mas-de-daumas-gassac-frizant-mousseux-rose/w/11082?year=2022&price_id=37844094
[2026-03-16 13:39:02]  [640/2545] [!] 데이터 없음: https://www.vivino.com/en/dulong-bordeaux-bordeaux/w/1534577?year=2003&price_id=16860346
[2026-03-16 13:39:02]  [642/2545] [!] 데이터 없음: https://www.vivino.com/en/costaripa-mattia-vezzola-brut/w/3429423?price_id=36484492
[2026-03-16 13:39:02]  [641/2545] [!] 데이터 없음: https://www.vivino.com/en/dunleavy-the-grafter-single-vineyard-syrah/w/2040105?year=2021&price_id=32444663
[2026-03-16 13:39:02]  [644/2545] [!] 데이터 없음: https://www.vivino.com/en/stigler-baden-pinot-noir-brut/w/1984545?year=2010&price_id=14541526
[2026-03-16 13:39:02]  [646/2545] [!] 데이터 없음: https://www.vivino.com/en/alamos-chardonnay/w/69694?year=2017&price_id=18930004
[2026-03-16 13:39:02]  [649/2545] [!] 데이터 없음: https://www.vivino.com/en/shaw-smith-sauvignon-blanc/w/31554?year=2007&price_id=2754167
[2026-03-16 13:39:02]  [643/2545] [!] 데이터 없음: https://www.vivino.com/en/vinas-del-vero-blecua-somontano/w/1215527?year=2002&price_id=2754677
[2026-03-16 13:39:02]  [645/2545] [!] 데이터 없음: https://www.vivino.com/en/mitchelton-shiraz/w/1252028?year=2004&price_id=2804725
[2026-03-16 13:39:02]  [647/2545] [!] 데이터 없음: https://www.vivino.com/en/paraduxx-pintail-blend-napa-valley/w/5339511?year=2022&price_id=39836641
[2026-03-16 13:39:02]  [648/2545] [!] 데이터 없음: https://www.vivino.com/en/maculan-dindarello/w/81725?year=2022&price_id=36736889
[2026-03-16 13:39:02]  [650/2545] [!] 데이터 없음: https://www.vivino.com/en/petit-le-brun-brut-champagne-grand-cru-avize-champagne-grand-cru-avize/w/2525330?price_id=33741513
[2026-03-16 13:39:03]  [651/2545] [!] 데이터 없음: https://www.vivino.com/en/yangarra-estate-vineyard-pf-shiraz/w/4588622?year=2019&price_id=25740255
[2026-03-16 13:39:03]  [652/2545] [!] 데이터 없음: https://www.vivino.com/en/woodbridge-by-robert-mondavi-sweet-white/w/1376453?year=1999&price_id=25051530
[2026-03-16 13:39:03]  [653/2545] [!] 데이터 없음: https://www.vivino.com/en/ramos-pinto-tawny-port/w/13296?price_id=27993881
[2026-03-16 13:39:03]  [654/2545] [!] 데이터 없음: https://www.vivino.com/en/ausone-saint-emilion-grand-cru-premier-grand-cru-classe/w/1152417?year=2015&price_id=15443989
[2026-03-16 13:39:03]  [655/2545] [!] 데이터 없음: https://www.vivino.com/en/hans-herzog-hans-family-estate-montepulciano/w/1870600?year=2020&price_id=40663813
[2026-03-16 13:39:03]  [656/2545] [!] 데이터 없음: https://www.vivino.com/en/domaine-a-f-gros-vosne-romanee-les-chalandins/w/7130066?year=2020&price_id=37843590
[2026-03-16 13:39:03]  [657/2545] [!] 데이터 없음: https://www.vivino.com/en/domaine-anne-et-herve-sigaut-chambolle-musigny/w/1155116?year=2021&price_id=33689880
[2026-03-16 13:39:03]  [658/2545] [!] 데이터 없음: https://www.vivino.com/en/renacer-punto-final-cabernet-sauvignon/w/2230823?year=2011&price_id=2895255
[2026-03-16 13:39:03]  [659/2545] [!] 데이터 없음: https://www.vivino.com/en/fr-chateau-des-fines-roches-chateauneuf-du-pape-blanc/w/1168895?year=2022&price_id=33696574
[2026-03-16 13:39:03]  [660/2545] [!] 데이터 없음: https://www.vivino.com/en/a-et-p-de-villaine-rully-1er-cru-cloux/w/9544849?year=2020&price_id=37843658
[2026-03-16 13:39:04] --- 중간 저장: 누적 1249건 ---
[2026-03-16 13:39:12]  [661/2545] [!] 데이터 없음: https://www.vivino.com/en/heartland-wines-pty-ltd-shiraz/w/2046?year=2005&price_id=14539592
[2026-03-16 13:39:12]  [662/2545] [!] 데이터 없음: https://www.vivino.com/en/domaine-a-f-gros-richebourg-grand-cru/w/1100248?year=2021&price_id=37844032
[2026-03-16 13:39:12]  [663/2545] [!] 데이터 없음: https://www.vivino.com/en/trinity-hill-the-gimblett/w/17608?year=2021&price_id=31315723
[2026-03-16 13:39:12]  [664/2545] [!] 데이터 없음: https://www.vivino.com/en/william-fevre-chablis-sea-limited-edition-chablis/w/9024084?year=2018&price_id=23300330
[2026-03-16 13:39:12]  [665/2545] [!] 데이터 없음: https://www.vivino.com/en/alpha-crucis-cabernet-sauvignon/w/1982604?year=2008&price_id=2894995
[2026-03-16 13:39:13]  [666/2545] [!] 데이터 없음: https://www.vivino.com/en/frenchmans-hill-blood-creek/w/3830817?year=2013&price_id=22758786
[2026-03-16 13:39:13]  [667/2545] [!] 데이터 없음: https://www.vivino.com/en/fr-francois-lurton-les-fumees-blanches/w/13655?year=2025&price_id=41208162
[2026-03-16 13:39:13]  [668/2545] [!] 데이터 없음: https://www.vivino.com/en/chalk-hill-mclaren-vale-cabernet-sauvignon/w/1118569?year=2011&price_id=2873702
[2026-03-16 13:39:13]  [669/2545] [!] 데이터 없음: https://www.vivino.com/en/banfi-poggio-alle-mura-brunello-di-montalcino-riserva/w/1654642?year=1999&price_id=2804691
[2026-03-16 13:39:13]  [670/2545] [!] 데이터 없음: https://www.vivino.com/en/michel-stephane-ogier-le-passage-saint-joseph/w/1623438?year=2010&price_id=7943984
[2026-03-16 13:39:13]  [671/2545] [!] 데이터 없음: https://www.vivino.com/en/thirteen-th-street-niagara-peninsula-thirteen-below-zero-riesling/w/1439576?year=2010&price_id=14541054
[2026-03-16 13:39:13]  [672/2545] [!] 데이터 없음: https://www.vivino.com/en/domaine-serene-willamette-valley-select-pinot-noir/w/183?year=2006&price_id=14650540
[2026-03-16 13:39:13]  [674/2545] [!] 데이터 없음: https://www.vivino.com/en/chateau-giscours-chateau-giscours-grand-cru-classe/w/13689?year=2008&price_id=37844034
[2026-03-16 13:39:13]  [680/2545] [!] 데이터 없음: https://www.vivino.com/en/argyle-reserve-pinot-noir/w/6406?year=2006&price_id=14650500
[2026-03-16 13:39:13]  [673/2545] [!] 데이터 없음: https://www.vivino.com/en/anakena-winery-birdman-series-cabernet-sauvignon-cachapoal/w/5173122?year=2015&price_id=28552991
[2026-03-16 13:39:13]  [685/2545] [!] 데이터 없음: https://www.vivino.com/en/weingut-knoll-ried-kellerberg-durnsteiner-riesling-smaragd/w/1525786?year=2024&price_id=39978503
[2026-03-16 13:39:13]  [675/2545] [!] 데이터 없음: https://www.vivino.com/en/bethany-old-vine-grenache/w/1252550?year=2011&price_id=2754488
[2026-03-16 13:39:13]  [676/2545] [!] 데이터 없음: https://www.vivino.com/en/les-vignerons-de-tavel-cuvee-royale-tavel-rose/w/42294?year=2024&price_id=39258292
[2026-03-16 13:39:13]  [677/2545] [!] 데이터 없음: https://www.vivino.com/en/roulot-auxey-duresses-premier-cru/w/1231616?year=2014&price_id=39227668
[2026-03-16 13:39:13]  [679/2545] [!] 데이터 없음: https://www.vivino.com/en/nautilus-estate-cuvee-brut/w/1947124?price_id=5042973
[2026-03-16 13:39:13]  [678/2545] [!] 데이터 없음: https://www.vivino.com/en/domaine-boris-champy-beaune-1er-cru-aux-coucherias/w/8502457?year=2020&price_id=37844056
[2026-03-16 13:39:13]  [681/2545] [!] 데이터 없음: https://www.vivino.com/en/wente-family-vineyards-riverbank-riesling/w/1736524?year=2018&price_id=21678416
[2026-03-16 13:39:13]  [682/2545] [!] 데이터 없음: https://www.vivino.com/en/domaine-philippe-charlopin-parizot-cuvee-prestige-bourgogne/w/23394?year=2010&price_id=14650455
[2026-03-16 13:39:13]  [684/2545] [!] 데이터 없음: https://www.vivino.com/en/stag-s-leap-wine-cellars-fay-cabernet-sauvignon/w/1107322?year=2006&price_id=10250499
[2026-03-16 13:39:13]  [683/2545] [!] 데이터 없음: https://www.vivino.com/en/salentein-portillo-cabernet-sauvignon/w/1149720?year=2005&price_id=2895213
[2026-03-16 13:39:14]  [689/2545] [!] 데이터 없음: https://www.vivino.com/en/domaine-marquis-d-angerville-volnay-1er-cru-clos-des-ducs-monopole/w/1595135?year=2019&price_id=37844047
[2026-03-16 13:39:14]  [686/2545] [!] 데이터 없음: https://www.vivino.com/en/domaine-weinbach-clos-des-capucins-riesling-alsace-grand-cru-schlossberg/w/13576?year=2019&price_id=38459313
[2026-03-16 13:39:14]  [687/2545] [!] 데이터 없음: https://www.vivino.com/en/aldo-conterno-bussiador/w/1407984?year=2013&price_id=14541978
[2026-03-16 13:39:14]  [688/2545] [!] 데이터 없음: https://www.vivino.com/en/chateau-belgrave-haut-medoc-grand-cru-classe-haut-medoc-red-wine/w/1321228?year=2018&price_id=37843902
[2026-03-16 13:39:14]  [690/2545] [!] 데이터 없음: https://www.vivino.com/en/gibbston-valley-school-house-pinot-noir/w/1744450?year=2023&price_id=40673702
[2026-03-16 13:39:15] --- 중간 저장: 누적 1249건 ---
[2026-03-16 13:39:21]  [695/2545] [!] 데이터 없음: https://www.vivino.com/en/domaine-du-pelican-loire-valley-savagnin-maceration-pelliculaire/w/8828768?year=2019&price_id=37843574
[2026-03-16 13:39:21]  [691/2545] [!] 데이터 없음: https://www.vivino.com/en/chateau-mont-redon-cotes-du-rhone-reserve/w/1879228?year=2023&price_id=40475584
[2026-03-16 13:39:21]  [692/2545] [!] 데이터 없음: https://www.vivino.com/en/kopke-twenty-years-old-tawny-port-porto/w/1190334?price_id=26436659
[2026-03-16 13:39:21]  [693/2545] [!] 데이터 없음: https://www.vivino.com/en/aldo-rainoldi-sassella-valtellina-superiore/w/1259300?year=2002&price_id=14539416
[2026-03-16 13:39:21]  [694/2545] [!] 데이터 없음: https://www.vivino.com/en/trinity-hill-homage-syrah/w/17607?year=2021&price_id=36962089
[2026-03-16 13:39:21]  [696/2545] [!] 데이터 없음: https://www.vivino.com/en/terra-andina-cabernet-sauvignon-reserva/w/1136551?year=2008&price_id=2754639
[2026-03-16 13:39:21]  [697/2545] [!] 데이터 없음: https://www.vivino.com/en/renacer-punto-final-malbec-classico/w/86834?year=2011&price_id=2895345
[2026-03-16 13:39:21]  [698/2545] [!] 데이터 없음: https://www.vivino.com/en/domaine-de-baluce-cuvee-baptiste-beaujolais-blanc/w/7744370?year=2023&price_id=40860400
[2026-03-16 13:39:21]  [699/2545] [!] 데이터 없음: https://www.vivino.com/en/planeta-la-segreta-il-rosso/w/1298077?year=2003&price_id=2895249
[2026-03-16 13:39:21]  [700/2545] [!] 데이터 없음: https://www.vivino.com/en/ruffino-la-solatia-chardonnay/w/1499586?year=1998&price_id=2804582
[2026-03-16 13:39:22]  [701/2545] [!] 데이터 없음: https://www.vivino.com/en/bodegas-muga-reserva/w/1849316?year=2003&price_id=7944140
[2026-03-16 13:39:22]  [702/2545] [!] 데이터 없음: https://www.vivino.com/en/dievole-petrignano-chianti-classico/w/10952233?year=2021&price_id=39299295
[2026-03-16 13:39:22]  [704/2545] [!] 데이터 없음: https://www.vivino.com/en/gibbston-valley-pinot-noir/w/1142375?year=2004&price_id=2895007
[2026-03-16 13:39:22]  [706/2545] [!] 데이터 없음: https://www.vivino.com/en/xanadu-wines-chardonnay/w/1629737?year=2004&price_id=15135160
[2026-03-16 13:39:22]  [703/2545] [!] 데이터 없음: https://www.vivino.com/en/bellene-vosne-romanee-les-quartiers-de-nuits/w/1228386?year=2021&price_id=33731360
[2026-03-16 13:39:22]  [708/2545] [!] 데이터 없음: https://www.vivino.com/en/famille-perrin-gigondas-la-gille/w/1670585?year=2014&price_id=19327051
[2026-03-16 13:39:22]  [705/2545] [!] 데이터 없음: https://www.vivino.com/en/a-et-p-de-villaine-les-montots-mercurey/w/80283?year=2024&price_id=41141490
[2026-03-16 13:39:22]  [707/2545] [!] 데이터 없음: https://www.vivino.com/en/alessio-dorigo-tazzelenghe/w/96463?year=2001&price_id=14539606
[2026-03-16 13:39:22]  [709/2545] [!] 데이터 없음: https://www.vivino.com/en/tinel-blondelet-quercus-pouilly-fume/w/1992562?year=2021&price_id=33696582
[2026-03-16 13:39:22]  [710/2545] [!] 데이터 없음: https://www.vivino.com/en/indomita-reserva-cabernet-sauvignon/w/74064?year=2007&price_id=2804930
[2026-03-16 13:39:22]  [711/2545] [!] 데이터 없음: https://www.vivino.com/en/bisquertt-la-joya-reserve-sauvignon-blanc/w/1591165?year=2006&price_id=14650491
[2026-03-16 13:39:22]  [712/2545] [!] 데이터 없음: https://www.vivino.com/en/concannon-vineyard-cabernet-sauvignon-founder-s-paso-robles/w/4254851?year=2003&price_id=15148019
[2026-03-16 13:39:22]  [713/2545] [!] 데이터 없음: https://www.vivino.com/en/a-et-p-de-villaine-rully-1er-cru-cloux-rouge/w/9544873?year=2020&price_id=37843917
[2026-03-16 13:39:22]  [714/2545] [!] 데이터 없음: https://www.vivino.com/en/sebestyen-szekszard-nanai-kekfrankos/w/4116568?year=2011&price_id=9233860
[2026-03-16 13:39:22]  [715/2545] [!] 데이터 없음: https://www.vivino.com/en/blue-nun-gewurztraminer/w/1247743?year=2018&price_id=32072761
[2026-03-16 13:39:22]  [716/2545] [!] 데이터 없음: https://www.vivino.com/en/fattoria-dei-barbi-toscano-birbone/w/54294?year=2006&price_id=2804846
[2026-03-16 13:39:23]  [717/2545] [!] 데이터 없음: https://www.vivino.com/en/verum-castilla-la-mancha-la-posada-tempranillo/w/2364691?year=2015&price_id=14650544
[2026-03-16 13:39:23]  [720/2545] [!] 데이터 없음: https://www.vivino.com/en/chateau-purcari-eighteen-twentyseven-pinot-grigio-de-purcari/w/3142523?year=2014&price_id=10352038
[2026-03-16 13:39:23]  [718/2545] [!] 데이터 없음: https://www.vivino.com/en/norman-hardie-riesling/w/2413981?year=2013&price_id=14540841
[2026-03-16 13:39:23]  [719/2545] [!] 데이터 없음: https://www.vivino.com/en/kaesler-stonehorse-shiraz/w/87516?year=2018&price_id=26456000
[2026-03-16 13:39:23] --- 중간 저장: 누적 1249건 ---
[2026-03-16 13:39:34]  [721/2545] [!] 데이터 없음: https://www.vivino.com/en/de-josef-leitz-blanc-de-noirs-brut/w/1951689?year=2020&price_id=29297146
[2026-03-16 13:39:34]  [722/2545] [!] 데이터 없음: https://www.vivino.com/en/takler-reserve-kekfrankos/w/4500566?year=2012&price_id=12052991
[2026-03-16 13:39:34]  [723/2545] [!] 데이터 없음: https://www.vivino.com/en/pegasus-bay-winery-pinot-noir/w/16117?year=2022&price_id=37229829
[2026-03-16 13:39:34]  [724/2545] [!] 데이터 없음: https://www.vivino.com/en/xanadu-wines-djl-sauvignon-blanc-semillon/w/5972771?year=2013&price_id=18418747
[2026-03-16 13:39:34]  [725/2545] [!] 데이터 없음: https://www.vivino.com/en/bests-chardonnay/w/3053487?year=2001&price_id=2895267
[2026-03-16 13:39:34]  [726/2545] [!] 데이터 없음: https://www.vivino.com/en/didier-dagueneau-louis-benjamin-dagueneau-blanc-etc-pouilly-fume/w/9895558?year=2020&price_id=35146327
[2026-03-16 13:39:34]  [727/2545] [!] 데이터 없음: https://www.vivino.com/en/weingut-josef-pockl-solo-rosso/w/1687266?year=2022&price_id=40735235
[2026-03-16 13:39:34]  [728/2545] [!] 데이터 없음: https://www.vivino.com/en/scea-chateau-la-marzelle-saint-emilion-grand-cru-grand-cru-classe/w/1172667?year=2011&price_id=9353540
[2026-03-16 13:39:34]  [729/2545] [!] 데이터 없음: https://www.vivino.com/en/telmo-rodriguez-gago-g/w/63084?year=2012&price_id=14650393
[2026-03-16 13:39:34]  [730/2545] [!] 데이터 없음: https://www.vivino.com/en/te-awanga-estate-quarter-acre-chardonnay/w/3439431?year=2021&price_id=35150960
[2026-03-16 13:39:34]  [731/2545] [!] 데이터 없음: https://www.vivino.com/en/santa-rita-bougainville-petite-sirah/w/1982106?year=2013&price_id=25002081
[2026-03-16 13:39:34]  [732/2545] [!] 데이터 없음: https://www.vivino.com/en/saxenburg-private-collection-sauvignon-blanc/w/1636020?year=2006&price_id=2895358
[2026-03-16 13:39:34]  [736/2545] [!] 데이터 없음: https://www.vivino.com/en/la-biancara-di-angiolino-maule-pico/w/1313670?year=2019&price_id=40071814
[2026-03-16 13:39:34]  [738/2545] [!] 데이터 없음: https://www.vivino.com/en/redwood-creek-merlot/w/83724?year=2002&price_id=2895030
[2026-03-16 13:39:34]  [733/2545] [!] 데이터 없음: https://www.vivino.com/en/domaine-la-croix-de-roche-bordeaux-superieur/w/1406198?year=2020&price_id=35241735
[2026-03-16 13:39:34]  [734/2545] [!] 데이터 없음: https://www.vivino.com/en/tement-morillon-muschelkalk/w/2371605?year=2023&price_id=39619308
[2026-03-16 13:39:34]  [735/2545] [!] 데이터 없음: https://www.vivino.com/en/kendall-jackson-vintner-s-reserve-chardonnay/w/2132?year=2008&price_id=3680220
[2026-03-16 13:39:35]  [737/2545] [!] 데이터 없음: https://www.vivino.com/en/casa-vinicola-gioacchino-garofoli-spa-rosso-conero-piancarda/w/7922?year=2015&price_id=20935326
[2026-03-16 13:39:35]  [739/2545] [!] 데이터 없음: https://www.vivino.com/en/pio-cesare-barolo/w/22550?year=2019&price_id=36485475
[2026-03-16 13:39:35]  [740/2545] [!] 데이터 없음: https://www.vivino.com/en/chateau-de-chantegrive-graves/w/1177468?year=2018&price_id=38473135
[2026-03-16 13:39:35]  [741/2545] [!] 데이터 없음: https://www.vivino.com/en/bellavista-franciacorta-franciacorta-grande-cuvee-alma-non-dosato-franciacorta/w/7314931?price_id=38792152
[2026-03-16 13:39:35]  [742/2545] [!] 데이터 없음: https://www.vivino.com/en/newton-chardonnay-unfiltered/w/1618879?year=2005&price_id=14539697
[2026-03-16 13:39:35]  [743/2545] [!] 데이터 없음: https://www.vivino.com/en/erath-pinot-noir/w/1451312?year=2008&price_id=14650448
[2026-03-16 13:39:35]  [744/2545] [!] 데이터 없음: https://www.vivino.com/en/domaine-du-tunnel-saint-joseph/w/1105482?year=2023&price_id=38542966
[2026-03-16 13:39:35]  [745/2545] [!] 데이터 없음: https://www.vivino.com/en/stonyridge-vineyard-larose-red-blend/w/1631901?year=2018&price_id=19991922
[2026-03-16 13:39:35]  [746/2545] [!] 데이터 없음: https://www.vivino.com/en/weingut-richard-ostreicher-rossbach-chardonnay/w/6878678?year=2023&price_id=39797840
[2026-03-16 13:39:35]  [747/2545] [!] 데이터 없음: https://www.vivino.com/en/champagne-billecart-salmon-vintage-champagne/w/1319243?year=2013&price_id=41190228
[2026-03-16 13:39:35]  [748/2545] [!] 데이터 없음: https://www.vivino.com/en/mucyn-saint-joseph-les-salamandres/w/5013957?year=2023&price_id=38118363
[2026-03-16 13:39:35]  [749/2545] [!] 데이터 없음: https://www.vivino.com/en/domain-road-paradise-pinot-noir/w/2814057?year=2019&price_id=37940072
[2026-03-16 13:39:35]  [750/2545] [!] 데이터 없음: https://www.vivino.com/en/chateau-ducru-beaucaillou-saint-julien-grand-cru-classe/w/61744?year=2009&price_id=90077
[2026-03-16 13:39:36] --- 중간 저장: 누적 1249건 ---
[2026-03-16 13:39:46]  [751/2545] [!] 데이터 없음: https://www.vivino.com/en/chateau-saint-pierre-saint-julien-saint-julien-grand-cru-classe/w/1181214?year=2005&price_id=40825901
[2026-03-16 13:39:46]  [753/2545] [!] 데이터 없음: https://www.vivino.com/en/tenuta-di-trinoro-toscana-le-cupole-rosso/w/1164872?year=2022&price_id=40393519
[2026-03-16 13:39:46]  [752/2545] [!] 데이터 없음: https://www.vivino.com/en/pares-balta-electio-xarel-lo/w/1262317?year=2006&price_id=14650399
[2026-03-16 13:39:46]  [754/2545] [!] 데이터 없음: https://www.vivino.com/en/veyder-malberg-elsarner-ried-brandstatt-riesling/w/4335665?year=2021&price_id=37843850
[2026-03-16 13:39:46]  [755/2545] [!] 데이터 없음: https://www.vivino.com/en/indomita-brio-cabernet-sauvignon/w/1676842?year=2007&price_id=14549785
[2026-03-16 13:39:46]  [756/2545] [!] 데이터 없음: https://www.vivino.com/en/mamete-prevostini-corte-di-cama-sforzato-di-valtellina/w/75712?year=2014&price_id=19070154
[2026-03-16 13:39:46]  [757/2545] [!] 데이터 없음: https://www.vivino.com/en/chalk-hill-vermentino/w/6024391?year=2014&price_id=26783523
[2026-03-16 13:39:46]  [758/2545] [!] 데이터 없음: https://www.vivino.com/en/master-one-limited-edition-cabernet-sauvignon/w/5052142?year=2013&price_id=10084580
[2026-03-16 13:39:46]  [759/2545] [!] 데이터 없음: https://www.vivino.com/en/domaine-comte-georges-de-vogue-musigny-grand-cru-cuvee-vieilles-vignes/w/1187200?year=2006&price_id=37844043
[2026-03-16 13:39:46]  [762/2545] [!] 데이터 없음: https://www.vivino.com/en/merryvale-vineyards-chardonnay/w/3085?year=2003&price_id=2895118
[2026-03-16 13:39:46]  [761/2545] [!] 데이터 없음: https://www.vivino.com/en/es-gonzalez-byass-cristina-medium-dry/w/5252069?price_id=22111014
[2026-03-16 13:39:46]  [763/2545] [!] 데이터 없음: https://www.vivino.com/en/zuccardi-serie-a-malbec/w/19445?year=2008&price_id=14650441
[2026-03-16 13:39:46]  [760/2545] [!] 데이터 없음: https://www.vivino.com/en/castello-di-semivicoli-trebbiano-d-abruzzo/w/1240102?year=2010&price_id=7943993
[2026-03-16 13:39:46]  [769/2545] [!] 데이터 없음: https://www.vivino.com/en/castano-solanera-vinas-viejas/w/1137120?year=2020&price_id=37805346
[2026-03-16 13:39:46]  [764/2545] [!] 데이터 없음: https://www.vivino.com/en/greywacke-kevin-judd-pinot-noir/w/1130869?year=2021&price_id=34771413
[2026-03-16 13:39:46]  [766/2545] [!] 데이터 없음: https://www.vivino.com/en/de-bortoli-noble-one-botrytis-semillon/w/19085?year=2003&price_id=13579481
[2026-03-16 13:39:46]  [767/2545] [!] 데이터 없음: https://www.vivino.com/en/bisquertt-la-joya-reserve-malbec/w/1154445?year=2005&price_id=14650511
[2026-03-16 13:39:47]  [768/2545] [!] 데이터 없음: https://www.vivino.com/en/gibbston-valley-shed-red-pinot-blanc/w/3815168?year=2023&price_id=37940069
[2026-03-16 13:39:47]  [770/2545] [!] 데이터 없음: https://www.vivino.com/en/clos-culombu-ribbe-rosse-blanc/w/6507499?year=2022&price_id=38520534
[2026-03-16 13:39:47]  [773/2545] [!] 데이터 없음: https://www.vivino.com/en/kollwentz-rose/w/96825?year=2023&price_id=37843950
[2026-03-16 13:39:47]  [772/2545] [!] 데이터 없음: https://www.vivino.com/en/moric-lutzmannsburg-alte-reben-blaufrankisch/w/1126419?year=2020&price_id=37843648
[2026-03-16 13:39:47]  [774/2545] [!] 데이터 없음: https://www.vivino.com/en/domaine-a-f-gros-richebourg-grand-cru/w/1100248?year=2023&price_id=40825911
[2026-03-16 13:39:47]  [775/2545] [!] 데이터 없음: https://www.vivino.com/en/zonin-berengario/w/10304?year=2000&price_id=14650376
[2026-03-16 13:39:47]  [765/2545] [!] 데이터 없음: https://www.vivino.com/en/au-brokenwood-semillon/w/1843911?year=2006&price_id=2754403
[2026-03-16 13:39:47]  [776/2545] [!] 데이터 없음: https://www.vivino.com/en/weingut-knoll-ried-schutt-durnsteiner-riesling-smaragd/w/1102933?year=2022&price_id=37843920
[2026-03-16 13:39:47]  [777/2545] [!] 데이터 없음: https://www.vivino.com/en/millton-clos-de-ste-anne-the-crucible-syrah/w/5390659?year=2021&price_id=35716883
[2026-03-16 13:39:47]  [771/2545] [!] 데이터 없음: https://www.vivino.com/en/fr-pierre-jean-villa-jardin-suspendu-condrieu/w/5251610?year=2023&price_id=39190049
[2026-03-16 13:39:47]  [778/2545] [!] 데이터 없음: https://www.vivino.com/en/chateau-labegorce-margaux/w/91020?year=2014&price_id=15506039
[2026-03-16 13:39:47]  [779/2545] [!] 데이터 없음: https://www.vivino.com/en/los-colmillos-tinto/w/1148300?year=2009&price_id=2895132
[2026-03-16 13:39:47]  [780/2545] [!] 데이터 없음: https://www.vivino.com/en/mamete-prevostini-sommarovina-valtellina-superiore-sassella/w/1265175?year=2015&price_id=25110762
[2026-03-16 13:39:48] --- 중간 저장: 누적 1249건 ---
[2026-03-16 13:39:54]  [789/2545] [!] 데이터 없음: https://www.vivino.com/en/castelnau-blanc-de-blancs-millesime-brut-champagne/w/2178254?year=2008&price_id=39133163
[2026-03-16 13:39:54]  [781/2545] [!] 데이터 없음: https://www.vivino.com/en/pasas-sonrosado/w/3196645?year=2013&price_id=14540517
[2026-03-16 13:39:54]  [782/2545] [!] 데이터 없음: https://www.vivino.com/en/pio-cesare-dolcetto-d-alba/w/22546?year=2022&price_id=36485657
[2026-03-16 13:39:54]  [783/2545] [!] 데이터 없음: https://www.vivino.com/en/borgianni-chianti/w/1211572?year=2014&price_id=8555815
[2026-03-16 13:39:54]  [785/2545] [!] 데이터 없음: https://www.vivino.com/en/badia-a-coltibuono-chianti-cetamura/w/1126792?year=2006&price_id=2895062
[2026-03-16 13:39:54]  [784/2545] [!] 데이터 없음: https://www.vivino.com/en/masi-veneto-levarie-soave-classico/w/21984?year=2003&price_id=2895119
[2026-03-16 13:39:54]  [786/2545] [!] 데이터 없음: https://www.vivino.com/en/marques-de-murrieta-reserva-rioja-finca-ygay/w/10998?year=2001&price_id=2894970
[2026-03-16 13:39:54]  [787/2545] [!] 데이터 없음: https://www.vivino.com/en/rh-phillips-exp-syrah/w/1132213?year=2003&price_id=14549945
[2026-03-16 13:39:54]  [788/2545] [!] 데이터 없음: https://www.vivino.com/en/domaine-leflaive-puligny-montrachet-1er-cru-clavoillon-puligny-montrachet-clavaillon/w/84914?year=2023&price_id=41121102
[2026-03-16 13:39:54]  [790/2545] [!] 데이터 없음: https://www.vivino.com/en/ernest-julio-gallo-frei-ranch-vineyard-cabernet-sauvignon/w/1919990?year=1997&price_id=2804912
[2026-03-16 13:39:54]  [791/2545] [!] 데이터 없음: https://www.vivino.com/en/it-s-cristina-cabernet-sauvignon-garda/w/1127734?year=2020&price_id=36485578
[2026-03-16 13:39:54]  [792/2545] [!] 데이터 없음: https://www.vivino.com/en/escudo-rojo-gran-reserva/w/4217?year=2017&price_id=17970383
[2026-03-16 13:39:55]  [793/2545] [!] 데이터 없음: https://www.vivino.com/en/rupestre-de-alpera-tinto/w/2283949?year=2009&price_id=14650515
[2026-03-16 13:39:55]  [794/2545] [!] 데이터 없음: https://www.vivino.com/en/es-gonzalez-byass-alfonso-oloroso-seco/w/1164440?price_id=22111497
[2026-03-16 13:39:55]  [795/2545] [!] 데이터 없음: https://www.vivino.com/en/craggy-range-syrah-gimblett-gravels-vineyard/w/2396111?year=2023&price_id=39913980
[2026-03-16 13:39:55]  [796/2545] [!] 데이터 없음: https://www.vivino.com/en/beres-tokaji-aszu-3-puttonyos/w/1235477?year=2008&price_id=13579434
[2026-03-16 13:39:55]  [797/2545] [!] 데이터 없음: https://www.vivino.com/en/indomita-varietal-chardonnay/w/1220903?year=2008&price_id=2895138
[2026-03-16 13:39:55]  [798/2545] [!] 데이터 없음: https://www.vivino.com/en/vie-di-romans-vineyards-piere-sauvignon-blanc/w/1084873?year=2021&price_id=38835114
[2026-03-16 13:39:55]  [799/2545] [!] 데이터 없음: https://www.vivino.com/en/familia-torres-tres-torres/w/1878566?year=2005&price_id=14541008
[2026-03-16 13:39:55]  [800/2545] [!] 데이터 없음: https://www.vivino.com/en/bindi-sergardi-calidonia-chianti-classico-riserva/w/21369?year=2005&price_id=14549970
[2026-03-16 13:39:55]  [801/2545] [!] 데이터 없음: https://www.vivino.com/en/handpicked-cabernet-merlot/w/1406636?year=2010&price_id=2804825
[2026-03-16 13:39:55]  [802/2545] [!] 데이터 없음: https://www.vivino.com/en/donnhoff-weissburgunder-trocken/w/1155958?year=2023&price_id=38459358
[2026-03-16 13:39:55]  [803/2545] [!] 데이터 없음: https://www.vivino.com/en/century-cellars-cabernet-sauvignon/w/1144221?year=2004&price_id=2895300
[2026-03-16 13:39:55]  [804/2545] [!] 데이터 없음: https://www.vivino.com/en/von-winning-chardonnay-ii-pfalz/w/5290719?year=2015&price_id=15032662
[2026-03-16 13:39:55]  [805/2545] [!] 데이터 없음: https://www.vivino.com/en/hugo-cabernet-sauvignon/w/2222303?year=2010&price_id=2804882
[2026-03-16 13:39:55]  [808/2545] [!] 데이터 없음: https://www.vivino.com/en/dourthe-freres-bordeaux-numero-1/w/4004409?year=2005&price_id=7953598
[2026-03-16 13:39:55]  [809/2545] [!] 데이터 없음: https://www.vivino.com/en/kettmeir-athesis-brut/w/1541232?year=2022&price_id=41144052
[2026-03-16 13:39:55]  [810/2545] [!] 데이터 없음: https://www.vivino.com/en/providence-syrah/w/2403913?year=2014&price_id=14575619
[2026-03-16 13:39:55]  [806/2545] [!] 데이터 없음: https://www.vivino.com/en/bollinger-special-cuvee-brut-ay-champagne/w/18929?price_id=22122555
[2026-03-16 13:39:55]  [807/2545] [!] 데이터 없음: https://www.vivino.com/en/penfolds-father-grand-tawny-10-year-old/w/2069066?price_id=22391436
[2026-03-16 13:39:56] --- 중간 저장: 누적 1249건 ---
[2026-03-16 13:40:07]  [811/2545] [성공] Destiny Bay Vineyards Mys... | 분포:True
[2026-03-16 13:40:08]  [814/2545] [성공] Staatsweingut Bad Kreuzna... | 분포:True
[2026-03-16 13:40:08]  [813/2545] [성공] Mas de Daumas Gassac Friz... | 분포:True
[2026-03-16 13:40:08]  [817/2545] [성공] Velich Seewinkel Beerenau... | 분포:True
[2026-03-16 13:40:10]  [812/2545] [성공] F.X. Pichler Loibner Klos... | 분포:True
[2026-03-16 13:40:10]  [818/2545] [성공] Ca' del Bosco Franciacort... | 분포:True
[2026-03-16 13:40:10]  [819/2545] [성공] Bernhard Huber Malterding... | 분포:True
[2026-03-16 13:40:10]  [822/2545] [성공] Domaine de la Vougeraie P... | 분포:True
[2026-03-16 13:40:10]  [816/2545] [성공] Konyári Sessio 2012... | 분포:True
[2026-03-16 13:40:11]  [815/2545] [성공] Cloudy Bay Te Wahi Pinot ... | 분포:True
[2026-03-16 13:40:11]  [821/2545] [성공] Banfi Poggio alle Mura Ro... | 분포:True
[2026-03-16 13:40:11]  [820/2545] [성공] Domaine Thomson Rows 1-37... | 분포:True
[2026-03-16 13:40:11]  [823/2545] [성공] Pio Cesare Barbaresco 201... | 분포:True
[2026-03-16 13:40:13]  [824/2545] [성공] Man O' War Ironclad 2023... | 분포:True
[2026-03-16 13:40:13]  [826/2545] [성공] Le Coste Due M 2022... | 분포:True
[2026-03-16 13:40:13]  [825/2545] [성공] L . Tramier & Fils Lintea... | 분포:True
[2026-03-16 13:40:14]  [830/2545] [성공] La Chaume Bellae Domini 2... | 분포:True
[2026-03-16 13:40:14]  [828/2545] [성공] Pierre Ferraud & Fils Bea... | 분포:False
[2026-03-16 13:40:14]  [831/2545] [성공] TerraNoble CA1 Andes Carm... | 분포:True
[2026-03-16 13:40:15]  [827/2545] [성공] Valli Waitaki Vineyard Ch... | 분포:True
[2026-03-16 13:40:15]  [832/2545] [성공] Clos de la Vieille Eglise... | 분포:True
[2026-03-16 13:40:15]  [834/2545] [성공] False Bay Slow Chenin Bla... | 분포:True
[2026-03-16 13:40:15]  [835/2545] [성공] Château Pontet-Canet Paui... | 분포:True
[2026-03-16 13:40:16]  [829/2545] [성공] Pilandro il Pozzetto 2018... | 분포:True
[2026-03-16 13:40:16]  [833/2545] [성공] Konyári Jánoshegyi Kékfra... | 분포:True
[2026-03-16 13:40:16]  [836/2545] [성공] Château La Roque Cantafar... | 분포:True
[2026-03-16 13:40:16]  [838/2545] [성공] Daylight Wine & Spirits T... | 분포:True
[2026-03-16 13:40:16]  [837/2545] [성공] Smith Sheth Cru Heretaung... | 분포:True
[2026-03-16 13:40:17]  [839/2545] [성공] Kopke Vintage Port 2016... | 분포:True
[2026-03-16 13:40:17]  [840/2545] [성공] Stephane Montez - Domaine... | 분포:True
[2026-03-16 13:40:17] --- 중간 저장: 누적 1279건 ---
[2026-03-16 13:40:27]  [841/2545] [성공] Château Beau-Site Saint-E... | 분포:True
[2026-03-16 13:40:27]  [843/2545] [성공] Gallo Family Vineyards Ca... | 분포:True
[2026-03-16 13:40:28]  [842/2545] [성공] Santa Carolina Vistaña Me... | 분포:True
[2026-03-16 13:40:29]  [847/2545] [성공] Vignobles Vellas Little F... | 분포:True
[2026-03-16 13:40:30]  [846/2545] [성공] Terre de Mistral Rosalie ... | 분포:False
[2026-03-16 13:40:30]  [844/2545] [성공] Château Rauzan-Gassies Ch... | 분포:True
[2026-03-16 13:40:30]  [845/2545] [성공] Casa Vinicola Bennati Ama... | 분포:True
[2026-03-16 13:40:30]  [849/2545] [성공] Valli Waitaki Vineyard Ri... | 분포:True
[2026-03-16 13:40:30]  [850/2545] [성공] Luis Felipe Edwards Reser... | 분포:True
[2026-03-16 13:40:30]  [852/2545] [성공] Two Paddocks Pinot Noir 2... | 분포:True
[2026-03-16 13:40:30]  [851/2545] [성공] Prophet's Rock Dry Riesli... | 분포:True
[2026-03-16 13:40:31]  [848/2545] [성공] Domaines Schlumberger Gew... | 분포:True
[2026-03-16 13:40:32]  [854/2545] [성공] Château de Villeneuve Sau... | 분포:True
[2026-03-16 13:40:32]  [853/2545] [성공] Oriol Rossell Virolet Xar... | 분포:True
[2026-03-16 13:40:33]  [857/2545] [성공] Castello di Montepó Sasso... | 분포:True
[2026-03-16 13:40:33]  [860/2545] [성공] Villa Gemma Montepulciano... | 분포:True
[2026-03-16 13:40:34]  [859/2545] [성공] Domaine Monier Perréol Sa... | 분포:True
[2026-03-16 13:40:34]  [858/2545] [성공] Bodegas Marqués de Cácere... | 분포:True
[2026-03-16 13:40:36]  [864/2545] [성공] Te Mata Estate Vineyards ... | 분포:True
[2026-03-16 13:40:36]  [856/2545] [성공] Weinert Cabernet Sauvigno... | 분포:True
[2026-03-16 13:40:36]  [855/2545] [성공] Domaine Saint Marc Bois d... | 분포:True
[2026-03-16 13:40:36]  [863/2545] [성공] Gróf Degenfeld Tokaji Asz... | 분포:True
[2026-03-16 13:40:36]  [865/2545] [성공] Gérard Raphet Charmes-Cha... | 분포:True
[2026-03-16 13:40:37]  [862/2545] [성공] Château des Capitans Juli... | 분포:True
[2026-03-16 13:40:37]  [868/2545] [성공] Krug Rosé... | 분포:True
[2026-03-16 13:40:37]  [866/2545] [성공] Château Grand Moulin La T... | 분포:True
[2026-03-16 13:40:37]  [861/2545] [성공] IQ Leveret Premium Brut... | 분포:True
[2026-03-16 13:40:37]  [867/2545] [성공] Stéphane Aviron Vieilles ... | 분포:True
[2026-03-16 13:40:37]  [869/2545] [성공] Kim Crawford Sauvignon Bl... | 분포:True
[2026-03-16 13:40:38]  [870/2545] [성공] Egon Müller - Scharzhof R... | 분포:True
[2026-03-16 13:40:38] --- 중간 저장: 누적 1309건 ---
[2026-03-16 13:40:48]  [872/2545] [성공] Royal Tokaji Aszú 6 putto... | 분포:True
[2026-03-16 13:40:50]  [875/2545] [성공] Hétszölö Tokaji Aszú 5 Pu... | 분포:True
[2026-03-16 13:40:50]  [876/2545] [성공] F.X. Pichler Grüner Veltl... | 분포:True
[2026-03-16 13:40:50]  [871/2545] [성공] Nederburg Private Bin Cab... | 분포:True
[2026-03-16 13:40:51]  [873/2545] [성공] Lan Viña Lanciano Reserva... | 분포:True
[2026-03-16 13:40:51]  [874/2545] [성공] Tagua Tagua - BTT Reserva... | 분포:True
[2026-03-16 13:40:51]  [878/2545] [성공] Duckhorn Howell Mountain ... | 분포:True
[2026-03-16 13:40:51]  [877/2545] [성공] F.X. Pichler Unendlich Gr... | 분포:True
[2026-03-16 13:40:51]  [881/2545] [성공] Planeta Maroccoli Syrah 2... | 분포:True
[2026-03-16 13:40:51]  [882/2545] [성공] San Pedro 1865 Unique Cab... | 분포:True
[2026-03-16 13:40:51]  [880/2545] [성공] Château Mezain Bordeaux S... | 분포:False
[2026-03-16 13:40:52]  [879/2545] [성공] Viña Aquitania Cabernet S... | 분포:True
[2026-03-16 13:40:52]  [883/2545] [성공] Pio Cesare Moscato d'Asti... | 분포:True
[2026-03-16 13:40:53]  [886/2545] [성공] Philippe Girard Puligny-M... | 분포:True
[2026-03-16 13:40:53]  [885/2545] [성공] Rupert & Rothschild Class... | 분포:True
[2026-03-16 13:40:53]  [884/2545] [성공] Urban Maule Red Blend 200... | 분포:True
[2026-03-16 13:40:54]  [888/2545] [성공] Biancospino Barolo 2006... | 분포:True
[2026-03-16 13:40:55]  [889/2545] [성공] Nautilus Albariño 2025... | 분포:True
[2026-03-16 13:40:55]  [890/2545] [성공] Stonyridge Vineyard Laros... | 분포:True
[2026-03-16 13:40:55]  [894/2545] [성공] Arnaldo-Caprai Collepiano... | 분포:True
[2026-03-16 13:40:56]  [887/2545] [성공] Barwang Cabernet Sauvigno... | 분포:True
[2026-03-16 13:40:56]  [892/2545] [성공] Michel Fonné Tradition Mu... | 분포:True
[2026-03-16 13:40:56]  [891/2545] [성공] Nanny Goat Cross Breed 20... | 분포:True
[2026-03-16 13:40:56]  [893/2545] [성공] Rosemount Diamond Label T... | 분포:True
[2026-03-16 13:40:56]  [896/2545] [성공] Sensi Chianti 2005... | 분포:True
[2026-03-16 13:40:56]  [895/2545] [성공] Weingut Knoll Ried Pfaffe... | 분포:True
[2026-03-16 13:40:57]  [898/2545] [성공] Dönnhoff Niederhäuser Kla... | 분포:True
[2026-03-16 13:40:57]  [900/2545] [성공] Le Coste Litrozzo Rosso 2... | 분포:True
[2026-03-16 13:40:57]  [897/2545] [성공] Stonier Pinot Noir 2006... | 분포:True
[2026-03-16 13:40:58]  [899/2545] [성공] Château Alcée Castillon -... | 분포:True
[2026-03-16 13:40:58] --- 중간 저장: 누적 1339건 ---
[2026-03-16 13:41:10]  [901/2545] [성공] Moët & Chandon Grand Vint... | 분포:True
[2026-03-16 13:41:11]  [902/2545] [성공] Philippe Charmond Saint-V... | 분포:True
[2026-03-16 13:41:11]  [903/2545] [성공] Domaine Leflaive Esprit N... | 분포:True
[2026-03-16 13:41:11]  [906/2545] [성공] Domaine A. et P. de Villa... | 분포:True
[2026-03-16 13:41:12]  [912/2545] [성공] F.X. Pichler Ried Kloster... | 분포:True
[2026-03-16 13:41:12]  [907/2545] [성공] Kendall-Jackson Vintner's... | 분포:True
[2026-03-16 13:41:12]  [910/2545] [성공] Château Labégorce Margaux... | 분포:True
[2026-03-16 13:41:12]  [908/2545] [성공] Two Paddocks Picnic Pinot... | 분포:True
[2026-03-16 13:41:12]  [904/2545] [성공] Konyári Sigillum Loliense... | 분포:True
[2026-03-16 13:41:12]  [905/2545] [성공] Mudbrick Vineyard Rosé 20... | 분포:True
[2026-03-16 13:41:12]  [911/2545] [성공] Bellingham Chenin Blanc 2... | 분포:True
[2026-03-16 13:41:12]  [909/2545] [성공] Garofoli Podium Verdicchi... | 분포:True
[2026-03-16 13:41:14]  [914/2545] [성공] S.A. Prüm Graacher Himmel... | 분포:False
[2026-03-16 13:41:14]  [913/2545] [성공] Maison de Grand Esprit La... | 분포:True
[2026-03-16 13:41:14]  [915/2545] [성공] Sato Pinot Noir 2024... | 분포:True
[2026-03-16 13:41:15]  [916/2545] [성공] Robert Mondavi Private Se... | 분포:True
[2026-03-16 13:41:16]  [922/2545] [성공] Schäfer-Fröhlich Felsenec... | 분포:True
[2026-03-16 13:41:16]  [920/2545] [성공] Rupert & Rothschild Baron... | 분포:True
[2026-03-16 13:41:16]  [919/2545] [성공] Dönnhoff Felsenberg GG 20... | 분포:True
[2026-03-16 13:41:16]  [923/2545] [성공] Flechas de los Andes Gran... | 분포:True
[2026-03-16 13:41:16]  [918/2545] [성공] Gran Feudo Edición Reserv... | 분포:True
[2026-03-16 13:41:16]  [921/2545] [성공] Château Léoville Barton S... | 분포:True
[2026-03-16 13:41:16]  [917/2545] [성공] Michel Fonné Tradition Ge... | 분포:True
[2026-03-16 13:41:16]  [924/2545] [성공] Château Musar Rouge (Gast... | 분포:True
[2026-03-16 13:41:17]  [926/2545] [성공] Château Rollan de By Médo... | 분포:True
[2026-03-16 13:41:18]  [928/2545] [성공] Quinta do Noval 10 Year O... | 분포:True
[2026-03-16 13:41:18]  [925/2545] [성공] Tommasi Le Pruneé Merlot ... | 분포:True
[2026-03-16 13:41:18]  [927/2545] [성공] Matteo Soria Moscato d'As... | 분포:True
[2026-03-16 13:41:18]  [929/2545] [성공] Franz Hirtzberger Singerr... | 분포:True
[2026-03-16 13:41:19]  [930/2545] [성공] Moric Sankt Georgener Grü... | 분포:True
[2026-03-16 13:41:20] --- 중간 저장: 누적 1369건 ---
[2026-03-16 13:41:31]  [931/2545] [성공] Veyder-Malberg Hochrain G... | 분포:True
[2026-03-16 13:41:32]  [935/2545] [성공] Huguenot Charmes-Chambert... | 분포:True
[2026-03-16 13:41:33]  [939/2545] [성공] Feudi di San Gregorio Agl... | 분포:True
[2026-03-16 13:41:33]  [933/2545] [성공] Wente Family Vineyards Sh... | 분포:True
[2026-03-16 13:41:33]  [940/2545] [성공] Bethany Chardonnay 2011... | 분포:True
[2026-03-16 13:41:34]  [937/2545] [성공] Domaine Mucyn Gamsy 2023... | 분포:True
[2026-03-16 13:41:34]  [936/2545] [성공] Château Meyre Haut-Médoc ... | 분포:True
[2026-03-16 13:41:34]  [934/2545] [성공] S.A. Prüm Wehlener Sonnen... | 분포:False
[2026-03-16 13:41:34]  [938/2545] [성공] Toro Albalá Don PX 1983... | 분포:True
[2026-03-16 13:41:34]  [932/2545] [성공] Conterno Fantino Prinsipi... | 분포:True
[2026-03-16 13:41:34]  [941/2545] [성공] Marcel Deiss Burg 2022... | 분포:True
[2026-03-16 13:41:35]  [942/2545] [성공] Mantlerhof Neuburger Homm... | 분포:True
[2026-03-16 13:41:41]  [946/2545] [성공] Château Vieux Lartigue Sa... | 분포:True
[2026-03-16 13:41:42]  [949/2545] [성공] Franz Hirtzberger Singerr... | 분포:True
[2026-03-16 13:41:42]  [953/2545] [성공] Egon Müller - Scharzhof S... | 분포:True
[2026-03-16 13:41:42]  [948/2545] [성공] Weinert Cabernet Sauvigno... | 분포:True
[2026-03-16 13:41:42]  [950/2545] [성공] Silver Buckle Ranchero Re... | 분포:True
[2026-03-16 13:41:42]  [944/2545] [성공] Domaine Comte Georges de ... | 분포:True
[2026-03-16 13:41:42]  [943/2545] [성공] Passage Rock Syrah 2021... | 분포:True
[2026-03-16 13:41:42]  [951/2545] [성공] Angels Gate Süssreserve R... | 분포:True
[2026-03-16 13:41:42]  [947/2545] [성공] Monteviejo Petite Fleur M... | 분포:True
[2026-03-16 13:41:42]  [954/2545] [성공] Domaine Anne et Herve Sig... | 분포:True
[2026-03-16 13:41:42]  [952/2545] [성공] Maison de Grand Esprit L'... | 분포:True
[2026-03-16 13:41:42]  [945/2545] [성공] Franz Haas Lepus 2016... | 분포:True
[2026-03-16 13:41:44]  [956/2545] [성공] Stag's Leap Wine Cellars ... | 분포:True
[2026-03-16 13:41:44]  [955/2545] [성공] Gérard Raphet Clos de la ... | 분포:True
[2026-03-16 13:41:44]  [959/2545] [성공] Sterling Vineyards Vintne... | 분포:True
[2026-03-16 13:41:44]  [957/2545] [성공] Moët & Chandon Grand Vint... | 분포:True
[2026-03-16 13:41:44]  [960/2545] [성공] de Ladoucette Baron de L ... | 분포:True
[2026-03-16 13:41:45]  [958/2545] [성공] IBY Chevalier Blaufränkis... | 분포:True
[2026-03-16 13:41:45] --- 중간 저장: 누적 1399건 ---
[2026-03-16 13:41:56]  [962/2545] [성공] Rocca di Castagnoli Chian... | 분포:True
[2026-03-16 13:41:56]  [961/2545] [성공] Weingut Knoll Ried Keller... | 분포:True
[2026-03-16 13:41:57]  [967/2545] [성공] El Principal Calicanto 20... | 분포:True
[2026-03-16 13:41:57]  [970/2545] [성공] Barratt The Ambrose Merlo... | 분포:False
[2026-03-16 13:41:57]  [969/2545] [성공] Nautilus Sauvignon Blanc ... | 분포:True
[2026-03-16 13:41:57]  [964/2545] [성공] Maculan Cabernet 2019... | 분포:True
[2026-03-16 13:41:57]  [963/2545] [성공] Folonari Valpolicella Rip... | 분포:False
[2026-03-16 13:41:58]  [968/2545] [성공] 47 Anno Domini Le Argille... | 분포:True
[2026-03-16 13:41:58]  [965/2545] [성공] Cloudy Bay Chardonnay 202... | 분포:True
[2026-03-16 13:41:58]  [972/2545] [성공] Robert Mondavi Private Se... | 분포:True
[2026-03-16 13:41:58]  [971/2545] [성공] Anselmi San Vincenzo 2022... | 분포:True
[2026-03-16 13:41:58]  [966/2545] [성공] Amisfield Pinot Noir Rosé... | 분포:True
[2026-03-16 13:41:59]  [974/2545] [성공] Speri Vigneto Monte Sant'... | 분포:True
[2026-03-16 13:41:59]  [973/2545] [성공] Santa Carolina Reserva Ca... | 분포:False
[2026-03-16 13:42:00]  [975/2545] [성공] Akarua Pinot Noir 2023... | 분포:True
[2026-03-16 13:42:01]  [976/2545] [성공] Mastroberardino Lacryma C... | 분포:True
[2026-03-16 13:42:01]  [979/2545] [성공] Domaine Chevallier Chabli... | 분포:True
[2026-03-16 13:42:01]  [981/2545] [성공] Quinta do Noval Tawny Por... | 분포:True
[2026-03-16 13:42:02]  [984/2545] [성공] Kopke Colheita Port 2011... | 분포:True
[2026-03-16 13:42:02]  [982/2545] [성공] Astoria 9.5 Cold Alcohol ... | 분포:True
[2026-03-16 13:42:02]  [983/2545] [성공] Château Haut-Batailley Pa... | 분포:True
[2026-03-16 13:42:03]  [977/2545] [성공] Protos Roble 2015... | 분포:True
[2026-03-16 13:42:03]  [980/2545] [성공] Quinta do Portal 29 Grape... | 분포:True
[2026-03-16 13:42:03]  [978/2545] [성공] Ca' del Bosco Vintage Col... | 분포:True
[2026-03-16 13:42:03]  [986/2545] [성공] Di Majo Norante Ramitello... | 분포:True
[2026-03-16 13:42:03]  [987/2545] [성공] F.X. Pichler Ried Kellerb... | 분포:True
[2026-03-16 13:42:04]  [985/2545] [성공] Merryvale Reserve Merlot ... | 분포:True
[2026-03-16 13:42:04]  [989/2545] [성공] Michele Chiarlo Rabaja Ba... | 분포:True
[2026-03-16 13:42:04]  [990/2545] [성공] Grand Tokaj Dry Furmint 2... | 분포:False
[2026-03-16 13:42:05]  [988/2545] [성공] Masciarelli Rosato Collin... | 분포:True
[2026-03-16 13:42:05] --- 중간 저장: 누적 1429건 ---
[2026-03-16 13:42:16]  [999/2545] [!] 데이터 없음: https://www.vivino.com/en/masi-veneto-fresco-di-masi-organic-bianco-verona/w/9445166?price_id=36904704
[2026-03-16 13:42:17]  [991/2545] [성공] Château Tour Bel Air Plen... | 분포:True
[2026-03-16 13:42:17]  [992/2545] [성공] Cave de Turckheim Rieslin... | 분포:True
[2026-03-16 13:42:17]  [1001/2545] [성공] Barefoot Bubbly Pink Mosc... | 분포:True
[2026-03-16 13:42:17]  [993/2545] [성공] Masciarelli Montepulciano... | 분포:True
[2026-03-16 13:42:18]  [1002/2545] [성공] Grabenwerkstatt Rohwerk 2... | 분포:False
[2026-03-16 13:42:18]  [997/2545] [성공] Château Couhins-Lurton Pe... | 분포:True
[2026-03-16 13:42:18]  [995/2545] [성공] Château Grand-Puy-Lacoste... | 분포:True
[2026-03-16 13:42:18]  [994/2545] [성공] Paul Achs Spiegel Blaufrä... | 분포:True
[2026-03-16 13:42:19]  [998/2545] [성공] Wittmann Silvaner Trocken... | 분포:True
[2026-03-16 13:42:19]  [1000/2545] [성공] Fallbrook Cabernet Sauvig... | 분포:True
[2026-03-16 13:42:19]  [996/2545] [성공] Citra Bisanzio Montepulci... | 분포:True
[2026-03-16 13:42:19]  [1004/2545] [성공] Masciarelli Trebbiano d'A... | 분포:True
[2026-03-16 13:42:20]  [1003/2545] [성공] Tenuta Regaleali Diamante... | 분포:True
[2026-03-16 13:42:20]  [1005/2545] [성공] Paraduxx Postmark Rector ... | 분포:True
[2026-03-16 13:42:20]  [1007/2545] [성공] Two Vines Cabernet Sauvig... | 분포:True
[2026-03-16 13:42:20]  [1008/2545] [성공] Destiny Bay Vineyards Mys... | 분포:True
[2026-03-16 13:42:21]  [1013/2545] [성공] Pannon Tokaji Muscat Lune... | 분포:True
[2026-03-16 13:42:21]  [1010/2545] [성공] Wente Family Vineyards Ri... | 분포:True
[2026-03-16 13:42:21]  [1011/2545] [성공] Domaine A. et P. de Villa... | 분포:True
[2026-03-16 13:42:22]  [1014/2545] [성공] Tenuta Regaleali Regaleal... | 분포:True
[2026-03-16 13:42:23]  [1009/2545] [성공] Moulin de Gassac Albaran ... | 분포:True
[2026-03-16 13:42:23]  [1012/2545] [성공] Gérard Raphet Morey-Saint... | 분포:True
[2026-03-16 13:42:23]  [1006/2545] [성공] Château de Ferrand Saint-... | 분포:True
[2026-03-16 13:42:24]  [1019/2545] [성공] Fontanafredda Langhe Nebb... | 분포:True
[2026-03-16 13:42:24]  [1016/2545] [성공] Merryvale Beckstoffer Vin... | 분포:True
[2026-03-16 13:42:24]  [1020/2545] [성공] Quinta do Noval Noval Bla... | 분포:True
[2026-03-16 13:42:24]  [1018/2545] [성공] Baron d'Arignac Vin Rouge... | 분포:True
[2026-03-16 13:42:24]  [1015/2545] [성공] Antinori Villa Antinori R... | 분포:True
[2026-03-16 13:42:25]  [1017/2545] [성공] Ascheri Nebbiolo d'Alba B... | 분포:True
[2026-03-16 13:42:26] --- 중간 저장: 누적 1458건 ---
[2026-03-16 13:42:36]  [1021/2545] [!] 데이터 없음: https://www.vivino.com/en/nederburg-estate-the-winemaster-s-sauvignon-blanc-coastal-region/w/1548031?year=2016&price_id=16860347
[2026-03-16 13:42:36]  [1022/2545] [!] 데이터 없음: https://www.vivino.com/en/la-croisade-reserve-cabernet-syrah-vin-de-pays-doc/w/1457955?year=2012&price_id=7953561
[2026-03-16 13:42:36]  [1023/2545] [!] 데이터 없음: https://www.vivino.com/en/ar-flechas-de-los-andes-gran-corte/w/1154129?year=2010&price_id=14650496
[2026-03-16 13:42:36]  [1024/2545] [!] 데이터 없음: https://www.vivino.com/en/domaine-a-f-gros-echezeaux-grand-cru/w/1300947?year=2023&price_id=40825899
[2026-03-16 13:42:36]  [1025/2545] [!] 데이터 없음: https://www.vivino.com/en/la-rocca-vineyards-merlot/w/2356173?year=2009&price_id=2873848
[2026-03-16 13:42:36]  [1026/2545] [!] 데이터 없음: https://www.vivino.com/en/molino-104975-vitalis-langhe-nebbiolo/w/1413031?year=2021&price_id=37773332
[2026-03-16 13:42:36]  [1027/2545] [!] 데이터 없음: https://www.vivino.com/en/perez-cruz-liguai/w/96488?year=2006&price_id=14650423
[2026-03-16 13:42:36]  [1028/2545] [!] 데이터 없음: https://www.vivino.com/en/michel-redde-et-fils-les-champs-des-billons-blanc-fume-de-pouilly/w/1100053?year=2022&price_id=38558278
[2026-03-16 13:42:36]  [1029/2545] [!] 데이터 없음: https://www.vivino.com/en/sordo-sori-gabutti-riserva-barolo/w/6229359?year=2003&price_id=14958678
[2026-03-16 13:42:36]  [1030/2545] [!] 데이터 없음: https://www.vivino.com/en/wente-family-vineyards-riva-ranch-pinot-noir-arroyo-seco-red-wine/w/4426980?year=2012&price_id=16013243
[2026-03-16 13:42:36]  [1031/2545] [!] 데이터 없음: https://www.vivino.com/en/bests-riesling/w/96184?year=2012&price_id=21678413
[2026-03-16 13:42:36]  [1032/2545] [!] 데이터 없음: https://www.vivino.com/en/peregrine-wines-central-otago-limited-sauvignon-blanc/w/1837249?year=2025&price_id=40802954
[2026-03-16 13:42:36]  [1033/2545] [!] 데이터 없음: https://www.vivino.com/en/cave-de-turckheim-pinot-gris-alsace-grand-cru-hengst/w/87963?year=2011&price_id=19190701
[2026-03-16 13:42:36]  [1034/2545] [!] 데이터 없음: https://www.vivino.com/en/casa-silva-angostura-gran-reserva-chardonnay/w/1209056?year=2010&price_id=16730140
[2026-03-16 13:42:36]  [1035/2545] [!] 데이터 없음: https://www.vivino.com/en/chard-farm-pinot-gris-sur-lie/w/83452?year=2023&price_id=34789813
[2026-03-16 13:42:37]  [1036/2545] [!] 데이터 없음: https://www.vivino.com/en/louis-jadot-meursault/w/2923?year=1988&price_id=38161864
[2026-03-16 13:42:37]  [1037/2545] [!] 데이터 없음: https://www.vivino.com/en/hannes-sabathi-gelber-muskateller-klassik/w/90052?year=2022&price_id=37843757
[2026-03-16 13:42:37]  [1038/2545] [!] 데이터 없음: https://www.vivino.com/en/bv-coastal-estates-cabernet-sauvignon/w/1141521?year=2004&price_id=14539635
[2026-03-16 13:42:37]  [1039/2545] [!] 데이터 없음: https://www.vivino.com/en/hans-herzog-hans-family-estate-riesling/w/1677842?year=2019&price_id=39913995
[2026-03-16 13:42:37]  [1041/2545] [!] 데이터 없음: https://www.vivino.com/en/deinhard-green-label-riesling/w/12199502?year=2006&price_id=38369325
[2026-03-16 13:42:37]  [1043/2545] [!] 데이터 없음: https://www.vivino.com/en/stonyridge-vineyard-airfield-waiheke-island-cabernet-sauvignon-merlot-malbec/w/1317609?year=2022&price_id=33333411
[2026-03-16 13:42:37]  [1042/2545] [!] 데이터 없음: https://www.vivino.com/en/fr-la-barroche-pure-chateauneuf-du-pape/w/14295?year=2021&price_id=36700301
[2026-03-16 13:42:37]  [1044/2545] [!] 데이터 없음: https://www.vivino.com/en/domaine-du-pelican-loire-valley-grand-curoulet-savagnin-ouille/w/8077758?year=2019&price_id=37843838
[2026-03-16 13:42:37]  [1045/2545] [!] 데이터 없음: https://www.vivino.com/en/sensi-orvieto/w/85042?year=2004&price_id=14541778
[2026-03-16 13:42:37]  [1046/2545] [!] 데이터 없음: https://www.vivino.com/en/it-le-coste-rosso-di-gaetano/w/4298579?year=2023&price_id=40262324
[2026-03-16 13:42:37]  [1047/2545] [!] 데이터 없음: https://www.vivino.com/en/merryvale-vineyards-profile/w/1128691?year=2001&price_id=2754398
[2026-03-16 13:42:37]  [1048/2545] [!] 데이터 없음: https://www.vivino.com/en/domaine-marc-morey-fils-chassagne-montrachet-1er-cru-en-virondot/w/1229689?year=2022&price_id=37843670
[2026-03-16 13:42:37]  [1049/2545] [!] 데이터 없음: https://www.vivino.com/en/pyramid-valley-vineyards-north-canterbury-orange/w/7184786?year=2023&price_id=37845093
[2026-03-16 13:42:37]  [1040/2545] [!] 데이터 없음: https://www.vivino.com/en/ata-rangi-mccrone-vineyard-pinot-noir/w/4099227?year=2020&price_id=35488250
[2026-03-16 13:42:37]  [1050/2545] [!] 데이터 없음: https://www.vivino.com/en/kumeu-river-winery-rays-road-chardonnay/w/7477063?year=2024&price_id=40842546
[2026-03-16 13:42:38] --- 중간 저장: 누적 1458건 ---
[2026-03-16 13:42:45]  [1052/2545] [!] 데이터 없음: https://www.vivino.com/en/newton-merlot-unfiltered/w/1415493?year=2002&price_id=14650396
[2026-03-16 13:42:45]  [1053/2545] [!] 데이터 없음: https://www.vivino.com/en/schafer-frohlich-schiefergestein-bockenauer-riesling-trocken/w/1672695?year=2021&price_id=37843740
[2026-03-16 13:42:45]  [1051/2545] [!] 데이터 없음: https://www.vivino.com/en/pio-cesare-barbera-d-alba/w/1128681?year=2021&price_id=39677351
[2026-03-16 13:42:45]  [1054/2545] [!] 데이터 없음: https://www.vivino.com/en/penfolds-bin-28-shiraz-south-australia/w/1244?year=2018&price_id=26506430
[2026-03-16 13:42:45]  [1055/2545] [!] 데이터 없음: https://www.vivino.com/en/zenato-amarone-della-valpolicella-classico-riserva-sergio-zenato/w/1127704?year=2016&price_id=36485661
[2026-03-16 13:42:45]  [1056/2545] [!] 데이터 없음: https://www.vivino.com/en/st-hugo-barossa-shiraz/w/1268827?year=2010&price_id=2804672
[2026-03-16 13:42:45]  [1057/2545] [!] 데이터 없음: https://www.vivino.com/en/domaine-marquis-d-angerville-volnay-champans-1er-cru/w/76333?year=2019&price_id=37843832
[2026-03-16 13:42:45]  [1058/2545] [!] 데이터 없음: https://www.vivino.com/en/tony-bish-skeetfield-chardonnay/w/4715540?year=2022&price_id=33589767
[2026-03-16 13:42:45]  [1059/2545] [!] 데이터 없음: https://www.vivino.com/en/alessio-dorigo-pinot-grigio/w/83992?year=2006&price_id=14539754
[2026-03-16 13:42:45]  [1060/2545] [!] 데이터 없음: https://www.vivino.com/en/stags-leap-cabernet-sauvignon/w/1136381?year=2015&price_id=17633369
[2026-03-16 13:42:46]  [1061/2545] [!] 데이터 없음: https://www.vivino.com/en/ormes-de-pez-saint-estephe/w/1126808?year=1998&price_id=28523415
[2026-03-16 13:42:46]  [1062/2545] [!] 데이터 없음: https://www.vivino.com/en/mouton-cadet-bordeaux-rose/w/1134204?year=2004&price_id=7953576
[2026-03-16 13:42:46]  [1065/2545] [!] 데이터 없음: https://www.vivino.com/en/woodbridge-by-robert-mondavi-sauvignon-blanc/w/1647468?year=2007&price_id=2895233
[2026-03-16 13:42:46]  [1063/2545] [!] 데이터 없음: https://www.vivino.com/en/san-marzano-talo-malvasia-nera/w/1907933?year=2022&price_id=38546950
[2026-03-16 13:42:46]  [1064/2545] [!] 데이터 없음: https://www.vivino.com/en/baron-d-arignac-frais-et-plaisant-blanc/w/2467489?year=2011&price_id=7943988
[2026-03-16 13:42:46]  [1066/2545] [!] 데이터 없음: https://www.vivino.com/en/peregrine-wines-central-otago-limited-charcoal-creek-riesling/w/93269?year=2017&price_id=37094041
[2026-03-16 13:42:46]  [1067/2545] [!] 데이터 없음: https://www.vivino.com/en/chateau-de-pibarnon-bandol-rose/w/77755?year=2023&price_id=38520533
[2026-03-16 13:42:46]  [1068/2545] [!] 데이터 없음: https://www.vivino.com/en/mudbrick-methode-traditionelle/w/2365240?price_id=22122970
[2026-03-16 13:42:46]  [1069/2545] [!] 데이터 없음: https://www.vivino.com/en/errazuriz-estate-reserva-cabernet-sauvignon-aconcagua-valley/w/1167736?year=2019&price_id=25051525
[2026-03-16 13:42:46]  [1071/2545] [!] 데이터 없음: https://www.vivino.com/en/wente-family-vineyards-reliz-creek-pinot-noir/w/1717?year=2005&price_id=2804596
[2026-03-16 13:42:46]  [1074/2545] [!] 데이터 없음: https://www.vivino.com/en/wolf-blass-gold-label-coonawarra-cabernet-sauvignon/w/1130912?year=2007&price_id=8614101
[2026-03-16 13:42:46]  [1075/2545] [!] 데이터 없음: https://www.vivino.com/en/cloudy-bay-pelorus-rose/w/1610871?price_id=22123113
[2026-03-16 13:42:46]  [1076/2545] [!] 데이터 없음: https://www.vivino.com/en/schmitt-sohne-gmbh-weinkellerei-riesling-mosel-saar-ruwer/w/14782?year=2005&price_id=8637348
[2026-03-16 13:42:46]  [1078/2545] [!] 데이터 없음: https://www.vivino.com/en/foradori-granato/w/60364?year=2019&price_id=36485579
[2026-03-16 13:42:46]  [1079/2545] [!] 데이터 없음: https://www.vivino.com/en/tantalus-waiheke-island-ecluse-reserve/w/3740699?year=2019&price_id=36363000
[2026-03-16 13:42:46]  [1070/2545] [!] 데이터 없음: https://www.vivino.com/en/zonin-montepulciano-d-abruzzo/w/1141683?year=2003&price_id=14650502
[2026-03-16 13:42:46]  [1072/2545] [!] 데이터 없음: https://www.vivino.com/en/amisfield-sauvignon-blanc/w/86257?year=2022&price_id=30524380
[2026-03-16 13:42:46]  [1073/2545] [!] 데이터 없음: https://www.vivino.com/en/domaine-de-chevalier-pessac-leognan-blanc-grand-cru-classe-de-graves/w/1197479?year=2007&price_id=37843627
[2026-03-16 13:42:46]  [1077/2545] [!] 데이터 없음: https://www.vivino.com/en/penfolds-bin-51-riesling/w/24057?year=2022&price_id=30195058
[2026-03-16 13:42:46]  [1080/2545] [!] 데이터 없음: https://www.vivino.com/en/moritz-kissinger-weissburgunder/w/11448109?year=2023&price_id=38954691
[2026-03-16 13:42:47] --- 중간 저장: 누적 1458건 ---
[2026-03-16 13:42:53]  [1081/2545] [!] 데이터 없음: https://www.vivino.com/en/paraduxx-howell-mountain-red/w/2348560?year=2021&price_id=36901755
[2026-03-16 13:42:53]  [1082/2545] [!] 데이터 없음: https://www.vivino.com/en/venica-venica-ronco-delle-mele-sauvignon/w/1257879?year=2022&price_id=36485619
[2026-03-16 13:42:53]  [1083/2545] [!] 데이터 없음: https://www.vivino.com/en/breganon-la-reserve-cotes-de-provence-rouge/w/1129112?year=2022&price_id=34263311
[2026-03-16 13:42:53]  [1084/2545] [!] 데이터 없음: https://www.vivino.com/en/it-monte-rossa-coupe/w/1777850?price_id=3973213
[2026-03-16 13:42:53]  [1085/2545] [!] 데이터 없음: https://www.vivino.com/en/armas-de-guerra-mencia-crianza/w/5016412?year=2014&price_id=15291736
[2026-03-16 13:42:53]  [1086/2545] [!] 데이터 없음: https://www.vivino.com/en/biserno-campo-di-sasso-insoglio-del-cinghiale/w/59754?year=2010&price_id=23983640
[2026-03-16 13:42:53]  [1087/2545] [!] 데이터 없음: https://www.vivino.com/en/carpineto-farnito-cabernet-sauvignon-toscana/w/6206?year=2000&price_id=2895094
[2026-03-16 13:42:53]  [1088/2545] [!] 데이터 없음: https://www.vivino.com/en/wente-family-vineyards-southern-hills-cabernet-sauvignon/w/1724275?year=2018&price_id=28232812
[2026-03-16 13:42:53]  [1089/2545] [!] 데이터 없음: https://www.vivino.com/en/fr-raoul-clerget-passion-terroirs-chateaeauneuf-du-pape/w/4986397?year=2014&price_id=14550187
[2026-03-16 13:42:53]  [1090/2545] [!] 데이터 없음: https://www.vivino.com/en/d-ugni-fante/w/2808043?year=2015&price_id=23020587
[2026-03-16 13:42:53]  [1091/2545] [!] 데이터 없음: https://www.vivino.com/en/domaine-des-rosiers-moulin-a-vent-moulin-a-vent/w/79444?year=2010&price_id=14550286
[2026-03-16 13:42:53]  [1092/2545] [!] 데이터 없음: https://www.vivino.com/en/chalk-hill-barbera/w/1118578?year=2014&price_id=8410457
[2026-03-16 13:42:54]  [1099/2545] [!] 데이터 없음: https://www.vivino.com/en/umberto-cesari-moma-rosso/w/1133878?year=2004&price_id=14549930
[2026-03-16 13:42:54]  [1093/2545] [!] 데이터 없음: https://www.vivino.com/en/sandro-fay-sandro-fay-tei-rosso-di-valtellina/w/3446309?year=2018&price_id=25687201
[2026-03-16 13:42:54]  [1104/2545] [!] 데이터 없음: https://www.vivino.com/en/michel-guignier-la-petite-oseille-moulin-a-vent/w/1690243?year=2015&price_id=38505517
[2026-03-16 13:42:54]  [1094/2545] [!] 데이터 없음: https://www.vivino.com/en/schafer-frohlich-stromberg-riesling-gg/w/2711628?year=2023&price_id=37843925
[2026-03-16 13:42:54]  [1095/2545] [!] 데이터 없음: https://www.vivino.com/en/les-graves-du-soc-margaux/w/1366440?year=1998&price_id=7953618
[2026-03-16 13:42:54]  [1096/2545] [!] 데이터 없음: https://www.vivino.com/en/j-bouchon-carmenere-reserva-especial/w/1134355?year=2005&price_id=14542040
[2026-03-16 13:42:54]  [1097/2545] [!] 데이터 없음: https://www.vivino.com/en/bodega-ruca-malen-cabernet-sauvignon/w/94953?year=1999&price_id=2894975
[2026-03-16 13:42:54]  [1098/2545] [!] 데이터 없음: https://www.vivino.com/en/velich-welschriesling-trockenbeerenauslese/w/1126790?year=2009&price_id=38662725
[2026-03-16 13:42:54]  [1100/2545] [!] 데이터 없음: https://www.vivino.com/en/o-fournier-alfa-centauri-sauvignon-blanc/w/1207004?year=2009&price_id=2754517
[2026-03-16 13:42:54]  [1101/2545] [!] 데이터 없음: https://www.vivino.com/en/pierre-amadieu-cotes-du-ventoux-la-claretiere-rouge/w/73860?year=2017&price_id=33897587
[2026-03-16 13:42:54]  [1105/2545] [!] 데이터 없음: https://www.vivino.com/en/emiliana-signos-de-origen-la-vinilla-chardonnay-roussanne/w/1286095?year=2016&price_id=17465424
[2026-03-16 13:42:54]  [1106/2545] [!] 데이터 없음: https://www.vivino.com/en/les-cretes-pinot-nero/w/95237?year=2023&price_id=38461523
[2026-03-16 13:42:54]  [1102/2545] [!] 데이터 없음: https://www.vivino.com/en/guasti-clemente-barbaresco/w/1216071?year=2000&price_id=2873816
[2026-03-16 13:42:54]  [1103/2545] [!] 데이터 없음: https://www.vivino.com/en/devotus-reserve-single-vineyard-pinot-noir/w/3723907?year=2020&price_id=37028793
[2026-03-16 13:42:54]  [1107/2545] [!] 데이터 없음: https://www.vivino.com/en/tramier-l-and-fils-macon-villages-blanc/w/1108438?year=2012&price_id=14650545
[2026-03-16 13:42:54]  [1108/2545] [!] 데이터 없음: https://www.vivino.com/en/a-et-p-de-villaine-rully-1er-cru-cloux/w/9544849?year=2022&price_id=38344197
[2026-03-16 13:42:54]  [1109/2545] [!] 데이터 없음: https://www.vivino.com/en/chateau-larrivet-haut-brion-pessac-leognan-blanc/w/3388091?year=2008&price_id=41128336
[2026-03-16 13:42:54]  [1110/2545] [!] 데이터 없음: https://www.vivino.com/en/castello-monaci-primitivo-salento-artas/w/1187120?year=2002&price_id=2895224
[2026-03-16 13:42:55] --- 중간 저장: 누적 1458건 ---
[2026-03-16 13:43:05]  [1119/2545] [!] 데이터 없음: https://www.vivino.com/en/cape-of-good-hope-basson-pinotage/w/1421623?year=2015&price_id=22331239
[2026-03-16 13:43:05]  [1111/2545] [!] 데이터 없음: https://www.vivino.com/en/brewery-hill-chardonnay/w/1487624?year=2012&price_id=2804560
[2026-03-16 13:43:05]  [1112/2545] [!] 데이터 없음: https://www.vivino.com/en/aldo-rainoldi-rosso-di-valtellina/w/12835?year=2004&price_id=2804827
[2026-03-16 13:43:05]  [1113/2545] [!] 데이터 없음: https://www.vivino.com/en/f-x-pichler-ried-loibenberg-riesling-smaragd/w/6659537?year=2024&price_id=40262171
[2026-03-16 13:43:05]  [1114/2545] [!] 데이터 없음: https://www.vivino.com/en/coal-pit-rose/w/2740944?year=2024&price_id=37845101
[2026-03-16 13:43:05]  [1115/2545] [!] 데이터 없음: https://www.vivino.com/en/elena-walch-pinot-bianco-selezione/w/1720575?year=2022&price_id=36485594
[2026-03-16 13:43:05]  [1116/2545] [!] 데이터 없음: https://www.vivino.com/en/terra-andina-malbec-petit-verdot-altos/w/1136550?year=2004&price_id=2895261
[2026-03-16 13:43:05]  [1117/2545] [!] 데이터 없음: https://www.vivino.com/en/bernhard-ott-am-berg/w/92156?year=2025&price_id=41194243
[2026-03-16 13:43:05]  [1118/2545] [!] 데이터 없음: https://www.vivino.com/en/franc-cardinal-francs-cotes-de-bordeaux/w/1167254?year=2010&price_id=7944169
[2026-03-16 13:43:05]  [1120/2545] [!] 데이터 없음: https://www.vivino.com/en/bindi-sergardi-simbiosi-toscana/w/2619541?year=2005&price_id=2873864
[2026-03-16 13:43:05]  [1121/2545] [!] 데이터 없음: https://www.vivino.com/en/mitchelton-shiraz-nagambie-lakes/w/26444?year=2004&price_id=2804726
[2026-03-16 13:43:05]  [1122/2545] [!] 데이터 없음: https://www.vivino.com/en/three-bridges-durif/w/1159118?year=2016&price_id=19327046
[2026-03-16 13:43:05]  [1126/2545] [!] 데이터 없음: https://www.vivino.com/en/sato-l-atypique-riesling/w/10773320?year=2023&price_id=39484242
[2026-03-16 13:43:05]  [1127/2545] [!] 데이터 없음: https://www.vivino.com/en/borgo-magredo-pinot-nero/w/88514?year=2019&price_id=28232813
[2026-03-16 13:43:06]  [1128/2545] [!] 데이터 없음: https://www.vivino.com/en/duette-gran-reserva-pinot-noir/w/1400494?year=2006&price_id=14549887
[2026-03-16 13:43:06]  [1123/2545] [!] 데이터 없음: https://www.vivino.com/en/dobogo-tokaji-furmint/w/1865809?year=2012&price_id=14650457
[2026-03-16 13:43:06]  [1124/2545] [!] 데이터 없음: https://www.vivino.com/en/hafner-musthavea-otto-reserve-red/w/4424224?year=2008&price_id=7953657
[2026-03-16 13:43:06]  [1125/2545] [!] 데이터 없음: https://www.vivino.com/en/juliusspital-wurzburger-silvaner-trocken/w/1216140?year=2012&price_id=2873735
[2026-03-16 13:43:06]  [1135/2545] [!] 데이터 없음: https://www.vivino.com/en/porta-cabernet-sauvignon-reserva/w/1139520?year=2004&price_id=2895287
[2026-03-16 13:43:06]  [1129/2545] [!] 데이터 없음: https://www.vivino.com/en/meo-camuzet-chambolle-musigny/w/1196425?year=2021&price_id=37843963
[2026-03-16 13:43:06]  [1130/2545] [!] 데이터 없음: https://www.vivino.com/en/veuve-clicquot-champagne-privee-rose/w/2718127?year=1990&price_id=24327058
[2026-03-16 13:43:06]  [1131/2545] [!] 데이터 없음: https://www.vivino.com/en/domaine-tortochot-morey-st-denis/w/779305?year=2023&price_id=37062885
[2026-03-16 13:43:06]  [1132/2545] [!] 데이터 없음: https://www.vivino.com/en/argiano-brunello-di-montalcino/w/1242145?year=2020&price_id=39879501
[2026-03-16 13:43:06]  [1133/2545] [!] 데이터 없음: https://www.vivino.com/en/famille-lieubeau-bel-abord-muscadet-sevre-et-maine/w/11270440?year=2023&price_id=38542969
[2026-03-16 13:43:06]  [1134/2545] [!] 데이터 없음: https://www.vivino.com/en/grant-burge-wines-five-th-generation-shiraz/w/1503636?year=2015&price_id=10268325
[2026-03-16 13:43:06]  [1137/2545] [!] 데이터 없음: https://www.vivino.com/en/bava-stradivario-barbera-d-asti-superiore/w/94074?year=1997&price_id=2894876
[2026-03-16 13:43:06]  [1136/2545] [!] 데이터 없음: https://www.vivino.com/en/quails-gate-optima-late-harvest-totally-botrytis-affected/w/1377163?year=2014&price_id=13579408
[2026-03-16 13:43:06]  [1138/2545] [!] 데이터 없음: https://www.vivino.com/en/hu-sauska-late-harvest-cuvee/w/2413194?year=2013&price_id=28072543
[2026-03-16 13:43:06]  [1139/2545] [!] 데이터 없음: https://www.vivino.com/en/umberto-cesari-sangiovese-riserva/w/1133875?year=2002&price_id=2804566
[2026-03-16 13:43:07]  [1140/2545] [!] 데이터 없음: https://www.vivino.com/en/te-mata-estate-winery-limited-woodthorpe-vineyard-sauvignon-blanc/w/1436788?year=2006&price_id=2894931
[2026-03-16 13:43:07] --- 중간 저장: 누적 1458건 ---
[2026-03-16 13:43:17]  [1145/2545] [!] 데이터 없음: https://www.vivino.com/en/forrest-sauvignon-blanc/w/1117089?year=2011&price_id=10844383
[2026-03-16 13:43:17]  [1144/2545] [!] 데이터 없음: https://www.vivino.com/en/terrazas-de-los-andes-single-vineyard-las-compuertas-malbec/w/3478?year=2004&price_id=2754649
[2026-03-16 13:43:17]  [1143/2545] [!] 데이터 없음: https://www.vivino.com/en/domaine-g-roumier-morey-saint-denis-premier-cru-clos-de-la-bussiere/w/100045?year=2021&price_id=37843992
[2026-03-16 13:43:17]  [1149/2545] [!] 데이터 없음: https://www.vivino.com/en/carpineto-brunello-di-montalcino/w/6200?year=2000&price_id=2895284
[2026-03-16 13:43:18]  [1141/2545] [!] 데이터 없음: https://www.vivino.com/en/bests-vic-cabernet-merlot/w/96191?year=2004&price_id=2804833
[2026-03-16 13:43:18]  [1142/2545] [!] 데이터 없음: https://www.vivino.com/en/arboleda-sauvignon-blanc/w/1268304?year=2018&price_id=24742576
[2026-03-16 13:43:18]  [1152/2545] [!] 데이터 없음: https://www.vivino.com/en/anvers-cabernet-sauvignon/w/1122310?year=2005&price_id=31545271
[2026-03-16 13:43:18]  [1148/2545] [!] 데이터 없음: https://www.vivino.com/en/ernest-julio-gallo-frei-ranch-vineyard-zinfandel/w/1179589?year=2000&price_id=2873775
[2026-03-16 13:43:18]  [1146/2545] [!] 데이터 없음: https://www.vivino.com/en/damilano-barolo-lecinquevigne/w/84777?year=2007&price_id=2754350
[2026-03-16 13:43:18]  [1147/2545] [!] 데이터 없음: https://www.vivino.com/en/destiny-bay-vineyards-mystae/w/1395058?year=2016&price_id=35631001
[2026-03-16 13:43:18]  [1150/2545] [!] 데이터 없음: https://www.vivino.com/en/henri-kieffer-fils-riesling-alsace-grand-cru-winzenberg/w/3155546?year=2021&price_id=37943008
[2026-03-16 13:43:18]  [1151/2545] [!] 데이터 없음: https://www.vivino.com/en/de-brague-cuvee-de-l-etoile-bordeaux-superieur/w/1860569?year=2002&price_id=7953591
[2026-03-16 13:43:18]  [1158/2545] [!] 데이터 없음: https://www.vivino.com/en/veyder-malberg-liebedich-gruner-veltliner/w/1778779?year=2023&price_id=37869554
[2026-03-16 13:43:18]  [1153/2545] [!] 데이터 없음: https://www.vivino.com/en/domaine-des-marnes-blanches-43697-vin-jaune-cotes-du-jura/w/5067291?year=2016&price_id=38971172
[2026-03-16 13:43:18]  [1155/2545] [!] 데이터 없음: https://www.vivino.com/en/robert-mondavi-winery-reserve-pinot-noir/w/2446?year=2013&price_id=25051526
[2026-03-16 13:43:18]  [1156/2545] [!] 데이터 없음: https://www.vivino.com/en/esk-valley-winemakers-reserve-chardonnay/w/2396292?year=2019&price_id=28582636
[2026-03-16 13:43:18]  [1163/2545] [!] 데이터 없음: https://www.vivino.com/en/hogue-cabernet-sauvignon/w/8625?year=2003&price_id=2895128
[2026-03-16 13:43:18]  [1157/2545] [!] 데이터 없음: https://www.vivino.com/en/domaine-des-marnes-blanches-43697-chardonnay-en-levrette/w/5029813?year=2022&price_id=38928039
[2026-03-16 13:43:18]  [1159/2545] [!] 데이터 없음: https://www.vivino.com/en/ariousious-chiotico-krasero-chios/w/8303055?year=2015&price_id=23149138
[2026-03-16 13:43:18]  [1160/2545] [!] 데이터 없음: https://www.vivino.com/en/tabali-reserva-especial-pinot-noir/w/779334?year=2013&price_id=16730293
[2026-03-16 13:43:19]  [1161/2545] [!] 데이터 없음: https://www.vivino.com/en/du-courlat-lussac-saint-emilion-cuvee-jean-baptiste/w/1514489?year=2014&price_id=39905254
[2026-03-16 13:43:19]  [1162/2545] [!] 데이터 없음: https://www.vivino.com/en/dom-bella-pinot-noir/w/1949419?year=2012&price_id=17601321
[2026-03-16 13:43:19]  [1164/2545] [!] 데이터 없음: https://www.vivino.com/en/schloss-gobelsburg-zweigelt-domaene-gobelsburg/w/20134?year=2018&price_id=23020088
[2026-03-16 13:43:19]  [1154/2545] [!] 데이터 없음: https://www.vivino.com/en/chateau-mangot-saint-emilion-grand-cru/w/69784?year=2021&price_id=40914467
[2026-03-16 13:43:19]  [1166/2545] [!] 데이터 없음: https://www.vivino.com/en/stellenzicht-cabernet-sauvignon-golden-triangle/w/22100?year=2003&price_id=2873656
[2026-03-16 13:43:19]  [1165/2545] [!] 데이터 없음: https://www.vivino.com/en/cl-urban-uco-chardonnay/w/1360453?year=2011&price_id=2804852
[2026-03-16 13:43:19]  [1167/2545] [!] 데이터 없음: https://www.vivino.com/en/lan-reserva-rioja/w/88832?year=1999&price_id=2895012
[2026-03-16 13:43:19]  [1168/2545] [!] 데이터 없음: https://www.vivino.com/en/perez-cruz-quelen-special-selection/w/96483?year=2005&price_id=2895134
[2026-03-16 13:43:19]  [1169/2545] [!] 데이터 없음: https://www.vivino.com/en/esk-valley-the-terraces-red-blend/w/1217970?year=2019&price_id=38647866
[2026-03-16 13:43:19]  [1170/2545] [!] 데이터 없음: https://www.vivino.com/en/ippolito-onehundredsixty-anni/w/1546335?year=2013&price_id=19042798
[2026-03-16 13:43:20] --- 중간 저장: 누적 1458건 ---
[2026-03-16 13:43:30]  [1171/2545] [!] 데이터 없음: https://www.vivino.com/en/argiolas-angialis-isola-dei-nuraghi/w/1678436?year=2014&price_id=36485675
[2026-03-16 13:43:30]  [1172/2545] [!] 데이터 없음: https://www.vivino.com/en/tabali-pedregoso-gran-reserva-viognier-limari-valley-white-wine/w/5458971?year=2018&price_id=26551637
[2026-03-16 13:43:30]  [1173/2545] [!] 데이터 없음: https://www.vivino.com/en/jidvei-premiat-dry-riesling/w/2194587?year=2011&price_id=14650424
[2026-03-16 13:43:30]  [1174/2545] [!] 데이터 없음: https://www.vivino.com/en/cooper-mountain-cooper-hill-pinot-gris/w/1758613?year=2011&price_id=7944063
[2026-03-16 13:43:30]  [1175/2545] [!] 데이터 없음: https://www.vivino.com/en/saxenburg-private-collection-syrah/w/1636872?year=2003&price_id=2895192
[2026-03-16 13:43:30]  [1176/2545] [!] 데이터 없음: https://www.vivino.com/en/domaine-du-colombier-chablis-premier-cru-chablis-premier-cru-fourchaume/w/1171224?year=2023&price_id=38848573
[2026-03-16 13:43:30]  [1177/2545] [!] 데이터 없음: https://www.vivino.com/en/chalk-hill-vermentino/w/6024391?year=2012&price_id=26783522
[2026-03-16 13:43:30]  [1178/2545] [!] 데이터 없음: https://www.vivino.com/en/kilikanoon-prodigal-grenache/w/56054?year=2003&price_id=2754348
[2026-03-16 13:43:30]  [1179/2545] [!] 데이터 없음: https://www.vivino.com/en/woodbridge-by-robert-mondavi-cabernet-sauvignon/w/5806?year=2005&price_id=2754333
[2026-03-16 13:43:30]  [1180/2545] [!] 데이터 없음: https://www.vivino.com/en/puriri-hills-pope/w/1123953?year=2020&price_id=37940076
[2026-03-16 13:43:31]  [1181/2545] [!] 데이터 없음: https://www.vivino.com/en/cloof-inkspot/w/1196378?year=2009&price_id=2804737
[2026-03-16 13:43:31]  [1182/2545] [!] 데이터 없음: https://www.vivino.com/en/chateau-sociando-mallet-haut-medoc/w/1161268?year=1997&price_id=40029415
[2026-03-16 13:43:31]  [1184/2545] [!] 데이터 없음: https://www.vivino.com/en/alto-wine-estate-cabernet-sauvignon/w/1199341?year=2013&price_id=13383375
[2026-03-16 13:43:31]  [1185/2545] [!] 데이터 없음: https://www.vivino.com/en/baron-philippe-de-rothschild-sa-baron-nathaniel-pauillac/w/4142?year=2015&price_id=18675552
[2026-03-16 13:43:31]  [1187/2545] [!] 데이터 없음: https://www.vivino.com/en/eos-estate-winery-sauvignon-blanc/w/4128?year=2005&price_id=2804667
[2026-03-16 13:43:31]  [1188/2545] [!] 데이터 없음: https://www.vivino.com/en/shaw-smith-m3-chardonnay/w/31564?year=2006&price_id=2754247
[2026-03-16 13:43:31]  [1183/2545] [!] 데이터 없음: https://www.vivino.com/en/relais-du-cheval-blanc-bordeaux/w/1164398?year=2003&price_id=7953613
[2026-03-16 13:43:31]  [1186/2545] [!] 데이터 없음: https://www.vivino.com/en/weingut-richard-ostreicher-rossbach-chardonnay/w/6878678?year=2021&price_id=37843968
[2026-03-16 13:43:31]  [1189/2545] [!] 데이터 없음: https://www.vivino.com/en/joh-jos-prum-wehlener-sonnenuhr-riesling-spatlese-kabinett/w/2763744?year=2022&price_id=37843561
[2026-03-16 13:43:31]  [1191/2545] [!] 데이터 없음: https://www.vivino.com/en/beres-tokaji-aszu-5-puttonyos/w/1494067?year=2007&price_id=13579482
[2026-03-16 13:43:31]  [1190/2545] [!] 데이터 없음: https://www.vivino.com/en/bailly-reverdy-et-fils-la-mercy-dieu-sancerre-blanc/w/2295496?year=2023&price_id=39133164
[2026-03-16 13:43:31]  [1192/2545] [!] 데이터 없음: https://www.vivino.com/en/walter-skoff-gelber-muskateller/w/21815?year=2009&price_id=14550051
[2026-03-16 13:43:31]  [1193/2545] [!] 데이터 없음: https://www.vivino.com/en/domaine-jean-ernest-descombes-morgon-morgon/w/1473465?year=2010&price_id=7953590
[2026-03-16 13:43:31]  [1194/2545] [!] 데이터 없음: https://www.vivino.com/en/von-winning-villa-niederberger-riesling-trocken/w/3051030?year=2015&price_id=14650504
[2026-03-16 13:43:31]  [1195/2545] [!] 데이터 없음: https://www.vivino.com/en/f-x-pichler-ried-loibenberg-riesling-smaragd/w/6659537?year=2021&price_id=37843714
[2026-03-16 13:43:31]  [1196/2545] [!] 데이터 없음: https://www.vivino.com/en/valli-bendigo-vineyard-pinot-noir/w/4900949?year=2023&price_id=39388052
[2026-03-16 13:43:32]  [1197/2545] [!] 데이터 없음: https://www.vivino.com/en/bouvet-ladubay-zero-saumur-brut-nature/w/12683054?year=2022&price_id=40905800
[2026-03-16 13:43:32]  [1198/2545] [!] 데이터 없음: https://www.vivino.com/en/robert-mondavi-winery-reserve-cabernet-sauvignon/w/2448?year=2014&price_id=16911881
[2026-03-16 13:43:32]  [1199/2545] [!] 데이터 없음: https://www.vivino.com/en/sato-la-ferme-de-sato-sur-les-nuages/w/10901956?year=2023&price_id=40524728
[2026-03-16 13:43:32]  [1200/2545] [!] 데이터 없음: https://www.vivino.com/en/jacob-s-creek-shiraz-cabernet/w/2693?year=2005&price_id=2894877
[2026-03-16 13:43:32] --- 중간 저장: 누적 1458건 ---
[2026-03-16 13:43:40]  [1201/2545] [!] 데이터 없음: https://www.vivino.com/en/stag-s-leap-wine-cellars-cask-23-cabernet-sauvignon/w/2653222?year=2006&price_id=2873687
[2026-03-16 13:43:40]  [1202/2545] [!] 데이터 없음: https://www.vivino.com/en/beringer-napa-valley-chardonnay/w/1142704?year=2005&price_id=2754417
[2026-03-16 13:43:40]  [1203/2545] [!] 데이터 없음: https://www.vivino.com/en/villa-girardi-soave-classico/w/92385?year=2004&price_id=2804792
[2026-03-16 13:43:40]  [1204/2545] [!] 데이터 없음: https://www.vivino.com/en/cos-d-estournel-cos-d-estournel/w/74346?year=1988&price_id=3311232
[2026-03-16 13:43:40]  [1206/2545] [!] 데이터 없음: https://www.vivino.com/en/bagueri-chardonnay/w/3980146?year=2008&price_id=14650554
[2026-03-16 13:43:40]  [1207/2545] [!] 데이터 없음: https://www.vivino.com/en/lunae-liguria-vermentino-etichetta-nera-black-label/w/1150732?year=2023&price_id=38402772
[2026-03-16 13:43:40]  [1205/2545] [!] 데이터 없음: https://www.vivino.com/en/domaine-du-tunnel-cuvee-prestige-saint-peray/w/1505604?year=2023&price_id=38542968
[2026-03-16 13:43:40]  [1208/2545] [!] 데이터 없음: https://www.vivino.com/en/pj-valckenberg-gmbh-madonna-spatlese/w/1768472?year=2005&price_id=14541845
[2026-03-16 13:43:40]  [1209/2545] [!] 데이터 없음: https://www.vivino.com/en/egon-muller-scharzhof-scharzhofberger-riesling-auslese/w/1637184?year=2023&price_id=37843694
[2026-03-16 13:43:40]  [1210/2545] [!] 데이터 없음: https://www.vivino.com/en/bodega-norton-coleccion-de-los-andes-malbec/w/1845220?year=2014&price_id=2804845
[2026-03-16 13:43:40]  [1211/2545] [!] 데이터 없음: https://www.vivino.com/en/la-chablisienne-chablis-1er-cru-mont-de-milieu/w/16614?year=2004&price_id=7953666
[2026-03-16 13:43:40]  [1212/2545] [!] 데이터 없음: https://www.vivino.com/en/donnafugata-anthilia/w/7662?year=2023&price_id=38541996
[2026-03-16 13:43:40]  [1213/2545] [!] 데이터 없음: https://www.vivino.com/en/domaine-marquis-d-angerville-fremiet-volnay-1er-cru/w/76334?year=2020&price_id=37843918
[2026-03-16 13:43:40]  [1216/2545] [!] 데이터 없음: https://www.vivino.com/en/cooper-mountain-cooper-hill-pinot-noir/w/1138261?year=2010&price_id=2895216
[2026-03-16 13:43:41]  [1214/2545] [!] 데이터 없음: https://www.vivino.com/en/santa-rita-bougainville-petite-sirah/w/1982106?year=2012&price_id=25002080
[2026-03-16 13:43:41]  [1219/2545] [!] 데이터 없음: https://www.vivino.com/en/hogue-genesis-merlot/w/8648?year=2002&price_id=2894938
[2026-03-16 13:43:41]  [1220/2545] [!] 데이터 없음: https://www.vivino.com/en/domaine-tortochot-gevrey-chambertin-1er-cru-lavaux-st-jacques/w/779310?year=2021&price_id=33035091
[2026-03-16 13:43:41]  [1221/2545] [!] 데이터 없음: https://www.vivino.com/en/argiano-rosso-di-montalcino/w/2891?year=2023&price_id=41059495
[2026-03-16 13:43:41]  [1215/2545] [!] 데이터 없음: https://www.vivino.com/en/obikwa-cabernet-sauvignon/w/1154980?year=2005&price_id=14541523
[2026-03-16 13:43:41]  [1217/2545] [!] 데이터 없음: https://www.vivino.com/en/hawk-crest-by-slwc-cabernet-sauvignon/w/1100548?year=2003&price_id=14540927
[2026-03-16 13:43:41]  [1218/2545] [!] 데이터 없음: https://www.vivino.com/en/jane-ventura-finca-els-camps-macabeu/w/96984?year=2002&price_id=2895223
[2026-03-16 13:43:41]  [1222/2545] [!] 데이터 없음: https://www.vivino.com/en/planeta-la-segreta-il-rosso/w/1298077?year=2021&price_id=38546946
[2026-03-16 13:43:41]  [1223/2545] [!] 데이터 없음: https://www.vivino.com/en/moet-chandon-imperial-brut-champagne/w/1122095?price_id=275324
[2026-03-16 13:43:41]  [1224/2545] [!] 데이터 없음: https://www.vivino.com/en/punters-corner-sovereign-reserve-cabernet-sauvignon/w/2030525?year=2006&price_id=2804598
[2026-03-16 13:43:41]  [1225/2545] [!] 데이터 없음: https://www.vivino.com/en/chateau-montrose-saint-estephe-grand-cru-classe/w/80472?year=2000&price_id=6422118
[2026-03-16 13:43:41]  [1226/2545] [!] 데이터 없음: https://www.vivino.com/en/alto-wine-estate-cabernet-sauvignon/w/1199341?year=2012&price_id=8024976
[2026-03-16 13:43:41]  [1227/2545] [!] 데이터 없음: https://www.vivino.com/en/taittinger-brut-reserve-champagne/w/1129619?price_id=6069642
[2026-03-16 13:43:41]  [1228/2545] [!] 데이터 없음: https://www.vivino.com/en/mitchelton-shiraz/w/1252028?year=2005&price_id=2873830
[2026-03-16 13:43:41]  [1229/2545] [!] 데이터 없음: https://www.vivino.com/en/saltram-maker-s-table-unwooded-chardonnay/w/64214?year=2006&price_id=14650446
[2026-03-16 13:43:41]  [1230/2545] [!] 데이터 없음: https://www.vivino.com/en/albert-grivault-clos-blanc-pommard-1er-cru/w/1597099?year=2019&price_id=37843751
[2026-03-16 13:43:42] --- 중간 저장: 누적 1458건 ---
[2026-03-16 13:43:50]  [1231/2545] [!] 데이터 없음: https://www.vivino.com/en/casa-vinicola-bennati-recioto-di-soave/w/4025121?year=2019&price_id=36738526
[2026-03-16 13:43:50]  [1232/2545] [!] 데이터 없음: https://www.vivino.com/en/merryvale-vineyards-sauvignon-blanc/w/1752367?year=2005&price_id=2895252
[2026-03-16 13:43:50]  [1233/2545] [!] 데이터 없음: https://www.vivino.com/en/hxm-inspiration-liebfraumilch/w/2119605?year=2015&price_id=10084582
[2026-03-16 13:43:50]  [1234/2545] [!] 데이터 없음: https://www.vivino.com/en/domaine-comte-georges-de-vogue-musigny-grand-cru-cuvee-vieilles-vignes/w/1187200?year=2019&price_id=40825912
[2026-03-16 13:43:50]  [1235/2545] [!] 데이터 없음: https://www.vivino.com/en/us-crusher-wilson-vineyard-pinot-noir/w/1200907?year=2024&price_id=38584660
[2026-03-16 13:43:50]  [1236/2545] [!] 데이터 없음: https://www.vivino.com/en/eos-estate-winery-petite-sirah-reserve/w/1212095?year=2004&price_id=2804581
[2026-03-16 13:43:50]  [1237/2545] [!] 데이터 없음: https://www.vivino.com/en/domaine-des-beaumont-gevrey-chambertin-1er-cru-les-cherbaudes/w/1498183?year=2022&price_id=37852832
[2026-03-16 13:43:50]  [1238/2545] [!] 데이터 없음: https://www.vivino.com/en/masi-veneto-campofiorin-rosso-veronese/w/21948?year=2017&price_id=26553503
[2026-03-16 13:43:50]  [1239/2545] [!] 데이터 없음: https://www.vivino.com/en/peter-lehmann-shiraz/w/2089?year=2003&price_id=3680216
[2026-03-16 13:43:50]  [1240/2545] [!] 데이터 없음: https://www.vivino.com/en/altamar-rueda-verdejo/w/4803701?year=2014&price_id=14550424
[2026-03-16 13:43:50]  [1241/2545] [!] 데이터 없음: https://www.vivino.com/en/domaine-vacheron-sancerre-blanc/w/4150118?year=2024&price_id=39001869
[2026-03-16 13:43:50]  [1242/2545] [!] 데이터 없음: https://www.vivino.com/en/bodegas-muga-aro/w/7495?year=2001&price_id=16860341
[2026-03-16 13:43:50]  [1244/2545] [!] 데이터 없음: https://www.vivino.com/en/donnafugata-la-fuga-chardonnay-contessa-entellina/w/4787?year=2021&price_id=36485608
[2026-03-16 13:43:51]  [1249/2545] [!] 데이터 없음: https://www.vivino.com/en/san-marzano-tramari-rose-di-primitivo/w/4389543?year=2024&price_id=39133166
[2026-03-16 13:43:51]  [1243/2545] [!] 데이터 없음: https://www.vivino.com/en/bernhard-ott-der-ott/w/92158?year=2024&price_id=39407878
[2026-03-16 13:43:51]  [1245/2545] [!] 데이터 없음: https://www.vivino.com/en/allegrini-la-grola-verona/w/8187?year=2017&price_id=36485484
[2026-03-16 13:43:51]  [1246/2545] [!] 데이터 없음: https://www.vivino.com/en/a-et-p-de-villaine-la-fortune-bourgogne-cote-chalonnaise/w/80282?year=2022&price_id=37843759
[2026-03-16 13:43:51]  [1247/2545] [!] 데이터 없음: https://www.vivino.com/en/nederburg-estate-the-winemaster-s-special-late-harvest/w/1881378?year=2006&price_id=2895211
[2026-03-16 13:43:51]  [1248/2545] [!] 데이터 없음: https://www.vivino.com/en/estrella-de-pascua-merlot/w/3859864?year=2017&price_id=15839124
[2026-03-16 13:43:51]  [1251/2545] [!] 데이터 없음: https://www.vivino.com/en/franz-hirtzberger-honivogl-gruner-veltliner-smaragd/w/2024734?year=2019&price_id=21160549
[2026-03-16 13:43:51]  [1250/2545] [!] 데이터 없음: https://www.vivino.com/en/chateau-picque-caillou-pessac-leognan-blanc-pessac-leognan/w/3857014?year=2003&price_id=7944035
[2026-03-16 13:43:51]  [1252/2545] [!] 데이터 없음: https://www.vivino.com/en/von-winning-paradiesgarten-riesling/w/1692730?year=2022&price_id=37843626
[2026-03-16 13:43:51]  [1253/2545] [!] 데이터 없음: https://www.vivino.com/en/beaucanon-estate-longwood-cabernet-sauvignon/w/6769?year=2008&price_id=2804778
[2026-03-16 13:43:51]  [1254/2545] [!] 데이터 없음: https://www.vivino.com/en/domaines-ott-clos-mireille-rose-coeur-de-grain/w/1382222?year=2023&price_id=39616193
[2026-03-16 13:43:51]  [1255/2545] [!] 데이터 없음: https://www.vivino.com/en/peter-lehmann-stonewell-shiraz/w/2050?year=1999&price_id=2754265
[2026-03-16 13:43:51]  [1258/2545] [!] 데이터 없음: https://www.vivino.com/en/rosenhof-riesling-spatlese/w/1799936?year=2012&price_id=14650548
[2026-03-16 13:43:51]  [1259/2545] [!] 데이터 없음: https://www.vivino.com/en/a-et-p-de-villaine-les-montots-mercurey/w/80283?year=2022&price_id=37843970
[2026-03-16 13:43:51]  [1256/2545] [!] 데이터 없음: https://www.vivino.com/en/leveret-estate-leveret-hawkes-bay-reserve-chardonnay/w/2734742?year=2024&price_id=39913993
[2026-03-16 13:43:51]  [1257/2545] [!] 데이터 없음: https://www.vivino.com/en/dom-bella-dao-tinto/w/1548076?year=2012&price_id=17601239
[2026-03-16 13:43:52]  [1260/2545] [!] 데이터 없음: https://www.vivino.com/en/montes-montes-alpha-merlot/w/71324?year=2007&price_id=2754539
[2026-03-16 13:43:52] --- 중간 저장: 누적 1458건 ---
[2026-03-16 13:44:02]  [1261/2545] [!] 데이터 없음: https://www.vivino.com/en/terra-sancta-mysterious-diggings-pinot-gris/w/1435815?year=2024&price_id=41084700
[2026-03-16 13:44:02]  [1262/2545] [!] 데이터 없음: https://www.vivino.com/en/zuccardi-q-malbec/w/19429?year=2007&price_id=14650355
[2026-03-16 13:44:02]  [1263/2545] [!] 데이터 없음: https://www.vivino.com/en/bernhard-huber-alte-reben-spatburgunder/w/63914?year=2003&price_id=2754446
[2026-03-16 13:44:02]  [1264/2545] [!] 데이터 없음: https://www.vivino.com/en/mudbrick-reserve-viognier/w/1428773?year=2023&price_id=35966655
[2026-03-16 13:44:02]  [1265/2545] [!] 데이터 없음: https://www.vivino.com/en/pj-valckenberg-gmbh-madonna-kabinett/w/65644?year=2004&price_id=10940308
[2026-03-16 13:44:02]  [1266/2545] [!] 데이터 없음: https://www.vivino.com/en/rosemount-diamond-label-shiraz/w/67884?year=2004&price_id=14539665
[2026-03-16 13:44:02]  [1268/2545] [!] 데이터 없음: https://www.vivino.com/en/perez-cruz-cabernet-sauvignon-reserva/w/1129285?year=2010&price_id=14650360
[2026-03-16 13:44:03]  [1267/2545] [!] 데이터 없음: https://www.vivino.com/en/alto-wine-estate-rouge/w/23064?year=2013&price_id=8024983
[2026-03-16 13:44:03]  [1271/2545] [!] 데이터 없음: https://www.vivino.com/en/vigneron-firmin-dezat-sancerre-blanc/w/10992843?year=2024&price_id=40577448
[2026-03-16 13:44:03]  [1269/2545] [!] 데이터 없음: https://www.vivino.com/en/pelee-island-winery-cabernet-franc/w/13029?year=2012&price_id=14550031
[2026-03-16 13:44:03]  [1270/2545] [!] 데이터 없음: https://www.vivino.com/en/sato-riesling/w/1576731?year=2024&price_id=40970666
[2026-03-16 13:44:03]  [1272/2545] [!] 데이터 없음: https://www.vivino.com/en/meo-camuzet-vosne-romanee-1er-cru-aux-brulees/w/1240540?year=2019&price_id=38459307
[2026-03-16 13:44:03]  [1277/2545] [!] 데이터 없음: https://www.vivino.com/en/domaine-marquis-d-angerville-volnay-1er-cru-clos-des-ducs-monopole/w/1595135?year=2020&price_id=37843641
[2026-03-16 13:44:03]  [1280/2545] [!] 데이터 없음: https://www.vivino.com/en/domaine-marquis-d-angerville-meursault-santenots-1er-cru/w/76341?year=2020&price_id=37844044
[2026-03-16 13:44:03]  [1273/2545] [!] 데이터 없음: https://www.vivino.com/en/robert-denogent-vieilles-vignes-pouilly-fuisse-1er-cru-vers-cras/w/11508539?year=2022&price_id=39117955
[2026-03-16 13:44:03]  [1274/2545] [!] 데이터 없음: https://www.vivino.com/en/e-guigal-cotes-du-rhone-blanc/w/7775?year=2011&price_id=7953771
[2026-03-16 13:44:03]  [1275/2545] [!] 데이터 없음: https://www.vivino.com/en/ottella-le-creete/w/1239926?year=2015&price_id=36485597
[2026-03-16 13:44:03]  [1284/2545] [!] 데이터 없음: https://www.vivino.com/en/penfolds-max-s-shiraz-cabernet-south-australia/w/4379150?year=2015&price_id=15888807
[2026-03-16 13:44:03]  [1276/2545] [!] 데이터 없음: https://www.vivino.com/en/barkan-classic-shiraz-rose/w/80203?year=2006&price_id=2804848
[2026-03-16 13:44:03]  [1278/2545] [!] 데이터 없음: https://www.vivino.com/en/penfolds-bin-28-shiraz-south-australia/w/1244?year=2017&price_id=21003502
[2026-03-16 13:44:03]  [1279/2545] [!] 데이터 없음: https://www.vivino.com/en/domaine-vacheron-sancerre-le-paradis/w/1856143?year=2022&price_id=37844072
[2026-03-16 13:44:03]  [1282/2545] [!] 데이터 없음: https://www.vivino.com/en/aitken-s-folly-riverbank-road-chardonnay/w/2736599?year=2023&price_id=40604947
[2026-03-16 13:44:03]  [1281/2545] [!] 데이터 없음: https://www.vivino.com/en/chateau-topolcianky-palava-vyber-z-hrozna/w/1230104?year=2013&price_id=28072558
[2026-03-16 13:44:03]  [1283/2545] [!] 데이터 없음: https://www.vivino.com/en/domaine-marquis-d-angerville-volnay-champans-1er-cru/w/76333?year=2014&price_id=9998692
[2026-03-16 13:44:04]  [1285/2545] [!] 데이터 없음: https://www.vivino.com/en/chateau-mercier-cuvee-prestige-cotes-de-bourg/w/1492600?year=2010&price_id=14650561
[2026-03-16 13:44:04]  [1286/2545] [!] 데이터 없음: https://www.vivino.com/en/donnhoff-oberhauser-brucke-riesling-auslese-goldkapsel/w/1155439?year=2021&price_id=37843674
[2026-03-16 13:44:04]  [1287/2545] [!] 데이터 없음: https://www.vivino.com/en/ravanal-limited-selection-syrah-carmenere-cabernet-sauvignon/w/74944?year=2005&price_id=2895131
[2026-03-16 13:44:04]  [1288/2545] [!] 데이터 없음: https://www.vivino.com/en/chateau-pichon-baron-pauillac-grand-cru-classe-pauillac-red-wine/w/79762?year=2001&price_id=38244529
[2026-03-16 13:44:04]  [1289/2545] [!] 데이터 없음: https://www.vivino.com/en/forward-crisp-pinot-grigio-riesling/w/3691350?year=2012&price_id=14550420
[2026-03-16 13:44:04]  [1290/2545] [!] 데이터 없음: https://www.vivino.com/en/weingut-carl-loewen-alte-reben-riesling-trocken/w/1175944?year=2024&price_id=39278739
[2026-03-16 13:44:04] --- 중간 저장: 누적 1458건 ---
[2026-03-16 13:44:11]  [1291/2545] [!] 데이터 없음: https://www.vivino.com/en/penfolds-bin-28-shiraz-south-australia/w/1244?year=2003&price_id=2895186
[2026-03-16 13:44:11]  [1292/2545] [!] 데이터 없음: https://www.vivino.com/en/bodega-norton-barrel-select-cabernet-sauvignon/w/1141075?year=2018&price_id=21687574
[2026-03-16 13:44:11]  [1293/2545] [!] 데이터 없음: https://www.vivino.com/en/beringer-founders-estate-chardonnay/w/1133291?year=2005&price_id=2754642
[2026-03-16 13:44:11]  [1294/2545] [!] 데이터 없음: https://www.vivino.com/en/kressmann-grande-reserve-medoc/w/1141604?year=2008&price_id=7944198
[2026-03-16 13:44:11]  [1295/2545] [!] 데이터 없음: https://www.vivino.com/en/mas-de-daumas-gassac-haut-vallee-du-gassac-rouge/w/11079?year=2023&price_id=38620779
[2026-03-16 13:44:11]  [1296/2545] [!] 데이터 없음: https://www.vivino.com/en/st-michael-eppan-sanct-valentin-gewurztraminer/w/10107?year=2023&price_id=38410663
[2026-03-16 13:44:11]  [1299/2545] [!] 데이터 없음: https://www.vivino.com/en/kaesler-stonehorse-shiraz/w/87516?year=2004&price_id=2754191
[2026-03-16 13:44:11]  [1297/2545] [!] 데이터 없음: https://www.vivino.com/en/mitolo-jester-cabernet-sauvignon/w/79008?year=2006&price_id=2895274
[2026-03-16 13:44:11]  [1298/2545] [!] 데이터 없음: https://www.vivino.com/en/masi-veneto-campofiorin-rosso-veronese/w/21948?year=2004&price_id=2805033
[2026-03-16 13:44:11]  [1300/2545] [!] 데이터 없음: https://www.vivino.com/en/pio-cesare-nebbiolo/w/22549?year=2016&price_id=23905358
[2026-03-16 13:44:11]  [1301/2545] [!] 데이터 없음: https://www.vivino.com/en/nederburg-estate-private-bin-cabernet-sauvignon/w/1160367?year=2015&price_id=16860255
[2026-03-16 13:44:11]  [1302/2545] [!] 데이터 없음: https://www.vivino.com/en/aromo-chardonnay/w/42404?year=2015&price_id=7944108
[2026-03-16 13:44:11]  [1307/2545] [!] 데이터 없음: https://www.vivino.com/en/von-winning-ozyetra/w/7641612?year=2023&price_id=40908357
[2026-03-16 13:44:11]  [1310/2545] [!] 데이터 없음: https://www.vivino.com/en/gibbston-valley-le-maitre-pinot-noir/w/1145544?year=2022&price_id=35488254
[2026-03-16 13:44:12]  [1303/2545] [!] 데이터 없음: https://www.vivino.com/en/wolf-blass-eaglehawk-chardonnay/w/1130007?year=2007&price_id=2754245
[2026-03-16 13:44:12]  [1304/2545] [!] 데이터 없음: https://www.vivino.com/en/rockburn-chardonnay/w/1374573?year=2023&price_id=38032878
[2026-03-16 13:44:12]  [1305/2545] [!] 데이터 없음: https://www.vivino.com/en/chateau-de-cancerilles-l-ambroisie-du-terroir/w/2455304?year=2000&price_id=14549835
[2026-03-16 13:44:12]  [1306/2545] [!] 데이터 없음: https://www.vivino.com/en/vina-maipo-vitral-reserva-syrah/w/1978421?year=2016&price_id=15636971
[2026-03-16 13:44:12]  [1308/2545] [!] 데이터 없음: https://www.vivino.com/en/ubertas-single-vineyard-shiraz-cabernet-sauvignon/w/5946614?year=2018&price_id=31798784
[2026-03-16 13:44:12]  [1309/2545] [!] 데이터 없음: https://www.vivino.com/en/it-fattoria-del-cerro-antica-chiusina-vino-nobile-di-montepulciano/w/1102060?year=2012&price_id=7944180
[2026-03-16 13:44:12]  [1315/2545] [!] 데이터 없음: https://www.vivino.com/en/clos-de-la-vieille-eglise-castillon-cotes-de-bordeaux/w/1416680?year=2006&price_id=14549790
[2026-03-16 13:44:12]  [1311/2545] [!] 데이터 없음: https://www.vivino.com/en/livio-felluga-pinot-grigio/w/15098?year=2022&price_id=36485665
[2026-03-16 13:44:12]  [1312/2545] [!] 데이터 없음: https://www.vivino.com/en/livio-felluga-sosso-riserva/w/15085?year=2016&price_id=36485587
[2026-03-16 13:44:12]  [1313/2545] [!] 데이터 없음: https://www.vivino.com/en/kimura-cellars-sauvignon-blanc/w/1530663?year=2024&price_id=38032867
[2026-03-16 13:44:12]  [1314/2545] [!] 데이터 없음: https://www.vivino.com/en/hugo-casanova-merlot-reserva/w/1166872?year=2006&price_id=2873726
[2026-03-16 13:44:12]  [1320/2545] [!] 데이터 없음: https://www.vivino.com/en/felton-road-dry-riesling/w/88312?year=2024&price_id=37530273
[2026-03-16 13:44:12]  [1317/2545] [!] 데이터 없음: https://www.vivino.com/en/twomey-sauvignon-blanc/w/14902?year=2017&price_id=17957571
[2026-03-16 13:44:12]  [1316/2545] [!] 데이터 없음: https://www.vivino.com/en/joseph-cattin-pinot-gris/w/1160783?year=2017&price_id=24499688
[2026-03-16 13:44:12]  [1318/2545] [!] 데이터 없음: https://www.vivino.com/en/louis-jadot-beaujolais-villages-primeur/w/2787?year=2016&price_id=14650452
[2026-03-16 13:44:12]  [1319/2545] [!] 데이터 없음: https://www.vivino.com/en/domaines-schlumberger-les-princes-abbes-pinot-gris-alsace/w/12329?year=2014&price_id=10282874
[2026-03-16 13:44:13] --- 중간 저장: 누적 1458건 ---
[2026-03-16 13:44:23]  [1323/2545] [!] 데이터 없음: https://www.vivino.com/en/rutini-malbec/w/16504?year=2013&price_id=15636965
[2026-03-16 13:44:23]  [1332/2545] [!] 데이터 없음: https://www.vivino.com/en/destiny-bay-vineyards-magna-praemia/w/1601698?year=2005&price_id=34982135
[2026-03-16 13:44:23]  [1321/2545] [!] 데이터 없음: https://www.vivino.com/en/egon-muller-scharzhof-riesling-le-gallais-wiltinger-braune-kupp-kabinett/w/86691?year=2023&price_id=37843975
[2026-03-16 13:44:23]  [1322/2545] [!] 데이터 없음: https://www.vivino.com/en/cavalleri-franciacorta-pas-dose/w/2665298?year=2017&price_id=36736901
[2026-03-16 13:44:23]  [1324/2545] [!] 데이터 없음: https://www.vivino.com/en/domaine-anne-et-herve-sigaut-morey-saint-denis-1er-cru-les-millandes/w/1503256?year=2021&price_id=33059125
[2026-03-16 13:44:23]  [1325/2545] [!] 데이터 없음: https://www.vivino.com/en/arnaldo-caprai-montefalco-vigna-flaminia-maremmana-rosso/w/1851188?year=2018&price_id=36485600
[2026-03-16 13:44:23]  [1326/2545] [!] 데이터 없음: https://www.vivino.com/en/folding-hill-chardonnay/w/11485779?year=2023&price_id=40124773
[2026-03-16 13:44:23]  [1327/2545] [!] 데이터 없음: https://www.vivino.com/en/michele-chiarlo-barbaresco-reyna/w/86557?year=2007&price_id=7944078
[2026-03-16 13:44:23]  [1329/2545] [!] 데이터 없음: https://www.vivino.com/en/domaine-de-leyre-loup-reserve-louis-leyre-loup-fleurie/w/5985714?year=2014&price_id=39212479
[2026-03-16 13:44:23]  [1328/2545] [!] 데이터 없음: https://www.vivino.com/en/weingut-josef-pockl-admiral/w/1117099?year=2020&price_id=37843820
[2026-03-16 13:44:23]  [1330/2545] [!] 데이터 없음: https://www.vivino.com/en/la-ferme-du-mont-les-marnes-bleues-rasteau/w/12992581?year=2022&price_id=39897174
[2026-03-16 13:44:23]  [1331/2545] [!] 데이터 없음: https://www.vivino.com/en/quinta-do-noval-twenty-year-old-tawny-port/w/81321?price_id=18044680
[2026-03-16 13:44:23]  [1333/2545] [!] 데이터 없음: https://www.vivino.com/en/furst-franken-pur-mineral-riesling/w/1117563?year=2016&price_id=17623606
[2026-03-16 13:44:24]  [1337/2545] [!] 데이터 없음: https://www.vivino.com/en/brookfields-ohiti-estate-cabernet-sauvignon-hawkes-bay-red-wine/w/2540209?year=2021&price_id=34767992
[2026-03-16 13:44:24]  [1342/2545] [!] 데이터 없음: https://www.vivino.com/en/von-winning-pechstein-gg/w/1834194?year=2022&price_id=37843943
[2026-03-16 13:44:24]  [1334/2545] [!] 데이터 없음: https://www.vivino.com/en/firesteed-cellars-cayalla-rtw/w/1242485?year=2005&price_id=14650530
[2026-03-16 13:44:24]  [1335/2545] [!] 데이터 없음: https://www.vivino.com/en/hans-herzog-hans-family-estate-spirit-of-marlborough-merlot-cabernet/w/1362057?year=2017&price_id=38262014
[2026-03-16 13:44:24]  [1336/2545] [!] 데이터 없음: https://www.vivino.com/en/schafer-frohlich-vulkangestein-riesling-trocken/w/1873211?year=2022&price_id=37843841
[2026-03-16 13:44:24]  [1338/2545] [!] 데이터 없음: https://www.vivino.com/en/weingut-josef-pockl-mystique/w/1117104?year=2020&price_id=37843803
[2026-03-16 13:44:24]  [1346/2545] [!] 데이터 없음: https://www.vivino.com/en/sato-l-atypique-pinot-gris/w/4896082?year=2023&price_id=39484243
[2026-03-16 13:44:24]  [1339/2545] [!] 데이터 없음: https://www.vivino.com/en/tony-bish-zen-chardonnay/w/7203338?year=2020&price_id=31198173
[2026-03-16 13:44:24]  [1340/2545] [!] 데이터 없음: https://www.vivino.com/en/veuve-clicquot-brut-rose-champagne/w/23051?price_id=5299132
[2026-03-16 13:44:24]  [1341/2545] [!] 데이터 없음: https://www.vivino.com/en/alto-wine-estate-mphs/w/4830045?year=2011&price_id=14650560
[2026-03-16 13:44:24]  [1343/2545] [!] 데이터 없음: https://www.vivino.com/en/chateau-petit-bocq-saint-estephe/w/1170491?year=2002&price_id=7944080
[2026-03-16 13:44:24]  [1344/2545] [!] 데이터 없음: https://www.vivino.com/en/san-pedro-central-valley-cabo-de-hornos-special-reserve/w/1222251?year=2000&price_id=2804838
[2026-03-16 13:44:24]  [1345/2545] [!] 데이터 없음: https://www.vivino.com/en/casa-mayor-old-vines-chardonnay/w/2231146?year=2019&price_id=24449273
[2026-03-16 13:44:24]  [1347/2545] [!] 데이터 없음: https://www.vivino.com/en/stephane-montez-la-syrah-a-papa/w/1162582?year=2024&price_id=41140142
[2026-03-16 13:44:24]  [1348/2545] [!] 데이터 없음: https://www.vivino.com/en/terra-sancta-estate-pinot-noir/w/5278823?year=2024&price_id=40564078
[2026-03-16 13:44:25]  [1349/2545] [!] 데이터 없음: https://www.vivino.com/en/tramier-l-and-fils-julienas/w/1108468?year=2017&price_id=21625806
[2026-03-16 13:44:25]  [1350/2545] [!] 데이터 없음: https://www.vivino.com/en/bellene-savigny-les-beaune/w/1555203?year=2020&price_id=33035113
[2026-03-16 13:44:25] --- 중간 저장: 누적 1458건 ---
[2026-03-16 13:44:31]  [1351/2545] [!] 데이터 없음: https://www.vivino.com/en/didier-morion-cranilles-saint-joseph/w/2172007?year=2024&price_id=40914469
[2026-03-16 13:44:31]  [1352/2545] [!] 데이터 없음: https://www.vivino.com/en/veyder-malberg-bruck-riesling/w/1174570?year=2022&price_id=37843746
[2026-03-16 13:44:31]  [1354/2545] [!] 데이터 없음: https://www.vivino.com/en/kaiken-malbec-reserva/w/1152375?year=2005&price_id=2895313
[2026-03-16 13:44:31]  [1353/2545] [!] 데이터 없음: https://www.vivino.com/en/kendall-jackson-jackson-estate-outland-ridge-pinot-noir-anderson-valley/w/5402563?year=2017&price_id=24839154
[2026-03-16 13:44:31]  [1355/2545] [!] 데이터 없음: https://www.vivino.com/en/torre-cenaia-dolce-peccato/w/1248440?year=2005&price_id=13579432
[2026-03-16 13:44:31]  [1356/2545] [!] 데이터 없음: https://www.vivino.com/en/pol-roger-reserve-brut-champagne/w/1884610?price_id=275343
[2026-03-16 13:44:31]  [1357/2545] [!] 데이터 없음: https://www.vivino.com/en/lapostolle-cuvee-alexandre-cabernet-sauvignon/w/13751?year=2005&price_id=2895237
[2026-03-16 13:44:31]  [1358/2545] [!] 데이터 없음: https://www.vivino.com/en/bodegas-tintoralba-higueruela-crianza/w/1383464?year=2010&price_id=7953650
[2026-03-16 13:44:31]  [1359/2545] [!] 데이터 없음: https://www.vivino.com/en/michel-fonne-tradition-pinot-blanc/w/1991936?year=2011&price_id=14650531
[2026-03-16 13:44:31]  [1360/2545] [!] 데이터 없음: https://www.vivino.com/en/st-michael-eppan-pinot-grigio/w/10086?year=2017&price_id=36485649
[2026-03-16 13:44:31]  [1361/2545] [!] 데이터 없음: https://www.vivino.com/en/two-paddocks-pinot-noir-rose/w/7002989?year=2025&price_id=40561257
[2026-03-16 13:44:32]  [1362/2545] [!] 데이터 없음: https://www.vivino.com/en/pj-valckenberg-gmbh-madonna-liebfraumilch/w/1735621?year=2010&price_id=14650415
[2026-03-16 13:44:32]  [1363/2545] [!] 데이터 없음: https://www.vivino.com/en/a-et-p-de-villaine-les-montots-mercurey/w/80283?year=2023&price_id=38344204
[2026-03-16 13:44:32]  [1369/2545] [!] 데이터 없음: https://www.vivino.com/en/a-et-p-de-villaine-rully-1er-cru-rabource/w/9544858?year=2023&price_id=41141494
[2026-03-16 13:44:32]  [1364/2545] [!] 데이터 없음: https://www.vivino.com/en/vietti-moscato-d-asti-moscato-dasti/w/1172215?year=2018&price_id=19011284
[2026-03-16 13:44:32]  [1366/2545] [!] 데이터 없음: https://www.vivino.com/en/lascar-merlot-classic/w/2739098?year=2009&price_id=15466485
[2026-03-16 13:44:32]  [1365/2545] [!] 데이터 없음: https://www.vivino.com/en/glaetzer-anaperenna/w/1165293?year=2006&price_id=2895006
[2026-03-16 13:44:32]  [1367/2545] [!] 데이터 없음: https://www.vivino.com/en/weingut-richard-ostreicher-rossbach-chardonnay/w/6878678?year=2022&price_id=37843802
[2026-03-16 13:44:32]  [1368/2545] [!] 데이터 없음: https://www.vivino.com/en/san-pedro-central-valley-gato-blanco-sauvignon-blanc-lontue-valley/w/4384769?year=2005&price_id=15291849
[2026-03-16 13:44:32]  [1370/2545] [!] 데이터 없음: https://www.vivino.com/en/craggy-range-gimblett-gravels-vineyard-te-kahu/w/1917632?year=2023&price_id=40802958
[2026-03-16 13:44:32]  [1371/2545] [!] 데이터 없음: https://www.vivino.com/en/biondi-santi-brunello-di-montalcino/w/1558589?year=2017&price_id=36738527
[2026-03-16 13:44:32]  [1372/2545] [!] 데이터 없음: https://www.vivino.com/en/robert-weil-riesling-kabinett/w/1476551?year=2005&price_id=16156677
[2026-03-16 13:44:32]  [1373/2545] [!] 데이터 없음: https://www.vivino.com/en/albinea-canali-ottocentonero-lambrusco/w/2063574?price_id=275529
[2026-03-16 13:44:32]  [1374/2545] [!] 데이터 없음: https://www.vivino.com/en/chateau-poujeaux-moulis-en-medoc/w/86373?year=2018&price_id=37843846
[2026-03-16 13:44:32]  [1375/2545] [!] 데이터 없음: https://www.vivino.com/en/starmont-cabernet-sauvignon/w/3082?year=2001&price_id=2894939
[2026-03-16 13:44:32]  [1377/2545] [!] 데이터 없음: https://www.vivino.com/en/jean-marc-brocard-domaine-sainte-claire-chablis/w/1180709?year=2013&price_id=7944026
[2026-03-16 13:44:33]  [1378/2545] [!] 데이터 없음: https://www.vivino.com/en/carlo-hauner-malvasia-delle-lipari-passito/w/92949?year=2021&price_id=38314783
[2026-03-16 13:44:33]  [1380/2545] [!] 데이터 없음: https://www.vivino.com/en/bouchard-aine-et-fils-beaujolais-villages-primeur/w/1584239?year=2013&price_id=7953670
[2026-03-16 13:44:33]  [1376/2545] [!] 데이터 없음: https://www.vivino.com/en/villa-sandi-prosecco-il-fresco-spumante/w/1136903?price_id=1570733
[2026-03-16 13:44:33]  [1379/2545] [!] 데이터 없음: https://www.vivino.com/en/f-x-pichler-ried-kellerberg-riesling-smaragd-wachau/w/6266434?year=2022&price_id=37843999
[2026-03-16 13:44:34] --- 중간 저장: 누적 1458건 ---
[2026-03-16 13:44:41]  [1382/2545] [!] 데이터 없음: https://www.vivino.com/en/weingut-knoll-ried-kreutles-loibner-gruner-veltliner-federspiel/w/1102923?year=2024&price_id=38867218
[2026-03-16 13:44:41]  [1381/2545] [!] 데이터 없음: https://www.vivino.com/en/fortyseven-anno-domini-sottovoce-pinot-nero/w/6518647?year=2015&price_id=40053394
[2026-03-16 13:44:41]  [1383/2545] [!] 데이터 없음: https://www.vivino.com/en/von-winning-ozyetra/w/7641612?year=2020&price_id=37843812
[2026-03-16 13:44:41]  [1384/2545] [!] 데이터 없음: https://www.vivino.com/en/jaffelin-rully-rouge/w/5946885?year=2009&price_id=28089294
[2026-03-16 13:44:41]  [1385/2545] [!] 데이터 없음: https://www.vivino.com/en/epc-champagne-blanc-de-noirs-brut-champagne/w/10058523?price_id=39759268
[2026-03-16 13:44:41]  [1386/2545] [!] 데이터 없음: https://www.vivino.com/en/royal-oporto-white-porto/w/1235547?price_id=34692543
[2026-03-16 13:44:42]  [1387/2545] [!] 데이터 없음: https://www.vivino.com/en/dourthe-grands-terroirs-sauternes/w/1135866?year=2005&price_id=7953743
[2026-03-16 13:44:42]  [1388/2545] [!] 데이터 없음: https://www.vivino.com/en/donnhoff-kahlenberg-riesling-trocken/w/1152841?year=2022&price_id=37843557
[2026-03-16 13:44:42]  [1389/2545] [!] 데이터 없음: https://www.vivino.com/en/chateau-clarke-listrac-medoc/w/1148646?year=1988&price_id=38183111
[2026-03-16 13:44:42]  [1390/2545] [!] 데이터 없음: https://www.vivino.com/en/chard-farm-closeburn-chardonnay/w/83458?year=2024&price_id=39654433
[2026-03-16 13:44:42]  [1392/2545] [!] 데이터 없음: https://www.vivino.com/en/nederburg-estate-manor-house-shiraz/w/61434?year=2004&price_id=2895241
[2026-03-16 13:44:42]  [1391/2545] [!] 데이터 없음: https://www.vivino.com/en/zonin-chianti-classico/w/1304684?year=2001&price_id=14650429
[2026-03-16 13:44:42]  [1397/2545] [!] 데이터 없음: https://www.vivino.com/en/alessio-dorigo-refosco-dal-peduncolo-rosso-vigneto-montsclapade/w/6328100?year=2000&price_id=15490918
[2026-03-16 13:44:42]  [1401/2545] [!] 데이터 없음: https://www.vivino.com/en/a-et-p-de-villaine-bourgogne-cote-chalonnaise-les-clous-aime/w/1685613?year=2023&price_id=41141491
[2026-03-16 13:44:42]  [1393/2545] [!] 데이터 없음: https://www.vivino.com/en/carchelo-altico-a-jumilla/w/2431421?year=2008&price_id=28522928
[2026-03-16 13:44:42]  [1394/2545] [!] 데이터 없음: https://www.vivino.com/en/aromo-cabernet-sauvignon-private-reserve/w/42234?year=2010&price_id=2754560
[2026-03-16 13:44:42]  [1395/2545] [!] 데이터 없음: https://www.vivino.com/en/ornellaia-le-serre-nuove/w/22448?year=2023&price_id=41144053
[2026-03-16 13:44:42]  [1396/2545] [!] 데이터 없음: https://www.vivino.com/en/donnafugata-sul-vulcano-etna-bianco-etna/w/6334373?year=2017&price_id=24839155
[2026-03-16 13:44:42]  [1398/2545] [!] 데이터 없음: https://www.vivino.com/en/dona-paula-el-alto-parcel-malbec/w/1721154?year=2011&price_id=7953776
[2026-03-16 13:44:42]  [1405/2545] [!] 데이터 없음: https://www.vivino.com/en/donna-laura-bramosia-chianti-classico/w/1136359?year=2023&price_id=39923386
[2026-03-16 13:44:42]  [1399/2545] [!] 데이터 없음: https://www.vivino.com/en/jacky-blot-montlouis/w/2403559?year=2023&price_id=38566701
[2026-03-16 13:44:42]  [1400/2545] [!] 데이터 없음: https://www.vivino.com/en/domaine-comte-georges-de-vogue-musigny-grand-cru-cuvee-vieilles-vignes/w/1187200?year=2023&price_id=40237679
[2026-03-16 13:44:42]  [1402/2545] [!] 데이터 없음: https://www.vivino.com/en/planeta-santa-cecilia-nero-d-avola/w/5002?year=2001&price_id=14540591
[2026-03-16 13:44:42]  [1404/2545] [!] 데이터 없음: https://www.vivino.com/en/feudi-di-san-gregorio-serpico/w/5098?year=2012&price_id=36485632
[2026-03-16 13:44:42]  [1403/2545] [!] 데이터 없음: https://www.vivino.com/en/el-emperador-cabernet-carmenere/w/1144062?year=2006&price_id=2873629
[2026-03-16 13:44:43]  [1406/2545] [!] 데이터 없음: https://www.vivino.com/en/aromo-malbec-private-reserve/w/3396717?year=2011&price_id=2873869
[2026-03-16 13:44:43]  [1407/2545] [!] 데이터 없음: https://www.vivino.com/en/cantina-tollo-colle-secco-montepulciano-d-abruzzo-rubino/w/1198195?year=2008&price_id=2894900
[2026-03-16 13:44:43]  [1408/2545] [!] 데이터 없음: https://www.vivino.com/en/gallo-family-vineyards-cabernet-sauvignon/w/3380?year=2000&price_id=2894910
[2026-03-16 13:44:43]  [1409/2545] [!] 데이터 없음: https://www.vivino.com/en/agusti-torello-mata-cava-kripta-gran-reserva-brut-nature/w/1247309?year=2008&price_id=2895122
[2026-03-16 13:44:43]  [1410/2545] [!] 데이터 없음: https://www.vivino.com/en/paritua-syrah/w/73803?year=2024&price_id=39388065
[2026-03-16 13:44:44] --- 중간 저장: 누적 1458건 ---
[2026-03-16 13:44:54]  [1412/2545] [!] 데이터 없음: https://www.vivino.com/en/sartarelli-classico/w/85566?year=2021&price_id=36485534
[2026-03-16 13:44:54]  [1421/2545] [!] 데이터 없음: https://www.vivino.com/en/argiano-brunello-di-montalcino/w/1242145?year=2019&price_id=37869557
[2026-03-16 13:44:54]  [1411/2545] [!] 데이터 없음: https://www.vivino.com/en/chalk-hill-moscato/w/1118558?year=2012&price_id=2895270
[2026-03-16 13:44:54]  [1413/2545] [!] 데이터 없음: https://www.vivino.com/en/woodbridge-by-robert-mondavi-zinfandel/w/5816?year=2007&price_id=2894875
[2026-03-16 13:44:54]  [1414/2545] [!] 데이터 없음: https://www.vivino.com/en/domaine-vacheron-sancerre-les-romains/w/1100747?year=2023&price_id=39001871
[2026-03-16 13:44:54]  [1415/2545] [!] 데이터 없음: https://www.vivino.com/en/little-beauty-pinot-gris/w/5244992?year=2012&price_id=15466465
[2026-03-16 13:44:54]  [1416/2545] [!] 데이터 없음: https://www.vivino.com/en/tyrrell-s-brookdale-semillon/w/2537136?year=2012&price_id=2754246
[2026-03-16 13:44:54]  [1418/2545] [!] 데이터 없음: https://www.vivino.com/en/graffigna-grand-reserve-cabernet-sauvignon-san-juan/w/1240664?year=2007&price_id=2873740
[2026-03-16 13:44:54]  [1417/2545] [!] 데이터 없음: https://www.vivino.com/en/wolf-blass-gold-label-barossa-shiraz/w/1130073?year=2012&price_id=14650484
[2026-03-16 13:44:54]  [1419/2545] [!] 데이터 없음: https://www.vivino.com/en/hafner-weiber-burgunder/w/1581266?year=2003&price_id=14650551
[2026-03-16 13:44:54]  [1420/2545] [!] 데이터 없음: https://www.vivino.com/en/chateau-calon-segur-saint-estephe-grand-cru-classe/w/1126954?year=1949&price_id=4206398
[2026-03-16 13:44:54]  [1422/2545] [!] 데이터 없음: https://www.vivino.com/en/donnhoff-weissburgunder-trocken/w/1155958?year=2024&price_id=39818750
[2026-03-16 13:44:54]  [1423/2545] [!] 데이터 없음: https://www.vivino.com/en/peter-lehmann-merlot/w/2096?year=2004&price_id=2873699
[2026-03-16 13:44:55]  [1428/2545] [!] 데이터 없음: https://www.vivino.com/en/wolfberger-riesling-alsace-signature/w/1145223?year=2018&price_id=21687582
[2026-03-16 13:44:55]  [1434/2545] [!] 데이터 없음: https://www.vivino.com/en/handpicked-regional-selections-shiraz/w/4315436?year=2010&price_id=2804597
[2026-03-16 13:44:55]  [1424/2545] [!] 데이터 없음: https://www.vivino.com/en/jean-charles-kieffer-cremant-d-alsace-blanc-de-noirs-brut/w/2465634?year=2019&price_id=37843926
[2026-03-16 13:44:55]  [1425/2545] [!] 데이터 없음: https://www.vivino.com/en/bodega-norton-malbec-d-o-c/w/2524646?year=2007&price_id=14549911
[2026-03-16 13:44:55]  [1426/2545] [!] 데이터 없음: https://www.vivino.com/en/st-hallett-old-block-shiraz/w/1784157?year=2005&price_id=2754564
[2026-03-16 13:44:55]  [1427/2545] [!] 데이터 없음: https://www.vivino.com/en/casa-vinicola-gioacchino-garofoli-spa-monte-reale-sangiovese-marche/w/1455238?year=2004&price_id=2804920
[2026-03-16 13:44:55]  [1429/2545] [!] 데이터 없음: https://www.vivino.com/en/stellenzicht-shiraz-golden-triangle/w/22098?year=2004&price_id=2804637
[2026-03-16 13:44:55]  [1430/2545] [!] 데이터 없음: https://www.vivino.com/en/robert-mondavi-winery-reserve-chardonnay/w/2441?year=2000&price_id=14541575
[2026-03-16 13:44:55]  [1431/2545] [!] 데이터 없음: https://www.vivino.com/en/feudi-di-san-gregorio-taurasi/w/5100?year=2019&price_id=38554976
[2026-03-16 13:44:55]  [1432/2545] [!] 데이터 없음: https://www.vivino.com/en/paul-jaboulet-aine-le-petit-jaboulet-syrah/w/10919?year=2006&price_id=7953604
[2026-03-16 13:44:55]  [1433/2545] [!] 데이터 없음: https://www.vivino.com/en/chateau-musar-rouge-gaston-hochar/w/75190?year=2017&price_id=37844101
[2026-03-16 13:44:55]  [1435/2545] [!] 데이터 없음: https://www.vivino.com/en/donnafugata-moscato-di-pantelleria-kabir/w/1194060?year=2022&price_id=36485483
[2026-03-16 13:44:55]  [1437/2545] [!] 데이터 없음: https://www.vivino.com/en/bisquertt-la-joya-cabernet-sauvignon/w/1515870?year=2003&price_id=14650488
[2026-03-16 13:44:55]  [1440/2545] [!] 데이터 없음: https://www.vivino.com/en/ca-del-bosco-cuvee-annamaria-clementi-extra-brut/w/23130?year=2015&price_id=36738520
[2026-03-16 13:44:55]  [1436/2545] [!] 데이터 없음: https://www.vivino.com/en/st-hugo-cabernet-sauvignon/w/2727?year=2010&price_id=2754291
[2026-03-16 13:44:56]  [1438/2545] [!] 데이터 없음: https://www.vivino.com/en/domaine-du-clos-des-fees-cotes-du-roussillon-villages/w/1773968?year=2021&price_id=39190048
[2026-03-16 13:44:56]  [1439/2545] [!] 데이터 없음: https://www.vivino.com/en/domaine-peter-sichel-cucuniano/w/12401450?year=2022&price_id=40825896
[2026-03-16 13:44:56] --- 중간 저장: 누적 1458건 ---
[2026-03-16 13:45:06]  [1445/2545] [!] 데이터 없음: https://www.vivino.com/en/beringer-california-chardonnay/w/1535?year=2005&price_id=2754520
[2026-03-16 13:45:06]  [1451/2545] [!] 데이터 없음: https://www.vivino.com/en/chateau-clarke-listrac-medoc/w/1148646?year=1989&price_id=38183105
[2026-03-16 13:45:06]  [1450/2545] [!] 데이터 없음: https://www.vivino.com/en/deinhard-piesporter-riesling/w/1155969?year=2016&price_id=15574729
[2026-03-16 13:45:06]  [1442/2545] [!] 데이터 없음: https://www.vivino.com/en/mills-reef-elspeth-syrah/w/1257519?year=2020&price_id=39388041
[2026-03-16 13:45:06]  [1441/2545] [!] 데이터 없음: https://www.vivino.com/en/ornellaia-bolgheri-superiore/w/22447?year=2012&price_id=26471364
[2026-03-16 13:45:06]  [1443/2545] [!] 데이터 없음: https://www.vivino.com/en/mouton-cadet-reserve-sauternes/w/4125?year=2014&price_id=18803726
[2026-03-16 13:45:06]  [1446/2545] [!] 데이터 없음: https://www.vivino.com/en/tenuta-castelgiocondo-brunello-di-montalcino/w/1098912?year=2018&price_id=38821517
[2026-03-16 13:45:06]  [1444/2545] [!] 데이터 없음: https://www.vivino.com/en/kim-crawford-sauvignon-blanc/w/66534?year=2020&price_id=30008985
[2026-03-16 13:45:06]  [1448/2545] [!] 데이터 없음: https://www.vivino.com/en/velich-darscho/w/1126788?year=2022&price_id=38489449
[2026-03-16 13:45:06]  [1447/2545] [!] 데이터 없음: https://www.vivino.com/en/bodega-ruca-malen-kinien-cabernet-sauvignon/w/94963?year=2003&price_id=2895178
[2026-03-16 13:45:06]  [1449/2545] [!] 데이터 없음: https://www.vivino.com/en/ippolito-gemma-del-sole-greco-bianco-passito/w/1546352?year=2013&price_id=28072562
[2026-03-16 13:45:06]  [1452/2545] [!] 데이터 없음: https://www.vivino.com/en/chateau-darche-fr-haut-medoc/w/2153253?year=1995&price_id=38183112
[2026-03-16 13:45:07]  [1454/2545] [!] 데이터 없음: https://www.vivino.com/en/robert-mondavi-winery-to-kalon-vineyard-reserve-fume-blanc/w/2439?year=2007&price_id=14540610
[2026-03-16 13:45:07]  [1453/2545] [!] 데이터 없음: https://www.vivino.com/en/didier-morion-sarments-rouges-syrah/w/3133196?year=2023&price_id=37430510
[2026-03-16 13:45:07]  [1457/2545] [!] 데이터 없음: https://www.vivino.com/en/black-quail-pinot-noir/w/1992421?year=2022&price_id=40763190
[2026-03-16 13:45:07]  [1460/2545] [!] 데이터 없음: https://www.vivino.com/en/trinity-hill-gimblett-gravels-syrah/w/1725422?year=2021&price_id=33589763
[2026-03-16 13:45:07]  [1462/2545] [!] 데이터 없음: https://www.vivino.com/en/prunotto-barolo/w/61134?year=2019&price_id=36736895
[2026-03-16 13:45:07]  [1455/2545] [!] 데이터 없음: https://www.vivino.com/en/vistamar-moscato-brisa/w/2886605?year=2017&price_id=16873882
[2026-03-16 13:45:07]  [1459/2545] [!] 데이터 없음: https://www.vivino.com/en/waterfalls-road-the-eddy-sauvignon-blanc/w/1491569?year=2011&price_id=2895167
[2026-03-16 13:45:07]  [1458/2545] [!] 데이터 없음: https://www.vivino.com/en/fr-domaine-des-comtes-lafon-volnay-santenots-du-milieu-premier-cru/w/79929?year=2022&price_id=39879497
[2026-03-16 13:45:07]  [1456/2545] [!] 데이터 없음: https://www.vivino.com/en/tenuta-san-guido-le-difese/w/5076?year=2021&price_id=36485603
[2026-03-16 13:45:07]  [1461/2545] [!] 데이터 없음: https://www.vivino.com/en/michel-fonne-tradition-riesling/w/1249353?year=2015&price_id=16835272
[2026-03-16 13:45:07]  [1463/2545] [!] 데이터 없음: https://www.vivino.com/en/beringer-napa-valley-merlot/w/1239776?year=2005&price_id=2754185
[2026-03-16 13:45:07]  [1464/2545] [!] 데이터 없음: https://www.vivino.com/en/kaiken-ultra-malbec/w/71474?year=2013&price_id=8602427
[2026-03-16 13:45:07]  [1465/2545] [!] 데이터 없음: https://www.vivino.com/en/donnafugata-sul-vulcano-etna-rosso-etna/w/6514155?year=2016&price_id=24839156
[2026-03-16 13:45:07]  [1466/2545] [!] 데이터 없음: https://www.vivino.com/en/domaine-comte-georges-de-vogue-chambolle-musigny/w/83446?year=2021&price_id=37843988
[2026-03-16 13:45:07]  [1467/2545] [!] 데이터 없음: https://www.vivino.com/en/chapel-hill-parson-s-nose-shiraz/w/2213844?year=2008&price_id=14650524
[2026-03-16 13:45:08]  [1469/2545] [!] 데이터 없음: https://www.vivino.com/en/hostens-picant-chateau-de-grangeneuve-sainte-foy-bordeaux/w/1313736?year=2014&price_id=15786254
[2026-03-16 13:45:08]  [1468/2545] [!] 데이터 없음: https://www.vivino.com/en/stone-cellars-merlot/w/73784?year=2005&price_id=14650485
[2026-03-16 13:45:08]  [1470/2545] [!] 데이터 없음: https://www.vivino.com/en/scea-chateau-la-marzelle-chateau-prieure-la-marzelle-saint-emilion-grand-cru/w/3907329?year=2012&price_id=22871467
[2026-03-16 13:45:08] --- 중간 저장: 누적 1458건 ---
[2026-03-16 13:45:19]  [1471/2545] [!] 데이터 없음: https://www.vivino.com/en/mantlerhof-neuburger-hommage/w/1133630?year=2022&price_id=37844024
[2026-03-16 13:45:19]  [1472/2545] [!] 데이터 없음: https://www.vivino.com/en/pyramid-valley-vineyards-snake-s-tongue-pinot-noir/w/12099700?year=2021&price_id=36378980
[2026-03-16 13:45:19]  [1473/2545] [!] 데이터 없음: https://www.vivino.com/en/hogue-reserve-merlot/w/1788995?year=2002&price_id=2804586
[2026-03-16 13:45:19]  [1474/2545] [!] 데이터 없음: https://www.vivino.com/en/di-majo-norante-tintilia-riserva/w/1543568?year=2020&price_id=38554986
[2026-03-16 13:45:19]  [1475/2545] [!] 데이터 없음: https://www.vivino.com/en/gut-oggau-timotheus-weiss/w/1160769?year=2023&price_id=38505542
[2026-03-16 13:45:19]  [1476/2545] [!] 데이터 없음: https://www.vivino.com/en/robert-mondavi-winery-twin-oaks-chardonnay/w/2553203?year=2005&price_id=14539414
[2026-03-16 13:45:19]  [1477/2545] [!] 데이터 없음: https://www.vivino.com/en/grabenwerkstatt-ried-bruck/w/7775612?year=2020&price_id=37843706
[2026-03-16 13:45:19]  [1478/2545] [!] 데이터 없음: https://www.vivino.com/en/mount-edward-pinot-noir/w/1162931?year=2022&price_id=38617058
[2026-03-16 13:45:19]  [1479/2545] [!] 데이터 없음: https://www.vivino.com/en/pelee-island-winery-monarch-vidal/w/2224037?year=2012&price_id=4394312
[2026-03-16 13:45:19]  [1480/2545] [!] 데이터 없음: https://www.vivino.com/en/weingut-knoll-ried-loibenberg-loibner-riesling-smaragd/w/1102929?year=2023&price_id=37843953
[2026-03-16 13:45:19]  [1481/2545] [!] 데이터 없음: https://www.vivino.com/en/castello-di-ama-chianti-classico-vigneto-gran-selezione-san-lorenzo/w/2411943?year=2018&price_id=36736888
[2026-03-16 13:45:19]  [1482/2545] [!] 데이터 없음: https://www.vivino.com/en/montevetrano-core-campania-rosso/w/1509156?year=2017&price_id=28009246
[2026-03-16 13:45:19]  [1484/2545] [!] 데이터 없음: https://www.vivino.com/en/terrazas-de-los-andes-reserva-malbec/w/3482?year=2005&price_id=2895299
[2026-03-16 13:45:19]  [1487/2545] [!] 데이터 없음: https://www.vivino.com/en/joseph-phelps-vineyards-insignia/w/16587?year=2019&price_id=34025130
[2026-03-16 13:45:19]  [1488/2545] [!] 데이터 없음: https://www.vivino.com/en/hannes-sabathi-steirische-klassik-weissburgunder/w/90049?year=2019&price_id=37843905
[2026-03-16 13:45:19]  [1492/2545] [!] 데이터 없음: https://www.vivino.com/en/domaine-des-beaumont-morey-saint-denis-1er-cru-les-ruchots/w/5239033?year=2018&price_id=34263316
[2026-03-16 13:45:19]  [1493/2545] [!] 데이터 없음: https://www.vivino.com/en/domaine-bonnardot-bourgogne-hautes-cotes-de-nuits-clos-des-oiseaux/w/2410115?year=2023&price_id=38258820
[2026-03-16 13:45:19]  [1483/2545] [!] 데이터 없음: https://www.vivino.com/en/domaine-de-chevalier-l-esprit-de-chevalier-pessac-leognan/w/1382685?year=2002&price_id=7953652
[2026-03-16 13:45:20]  [1485/2545] [!] 데이터 없음: https://www.vivino.com/en/wolf-blass-gold-label-riesling/w/1974?year=2005&price_id=2754207
[2026-03-16 13:45:20]  [1486/2545] [!] 데이터 없음: https://www.vivino.com/en/chateau-vartely-pinot-noir-sec/w/1984094?year=2009&price_id=2804607
[2026-03-16 13:45:20]  [1489/2545] [!] 데이터 없음: https://www.vivino.com/en/stonyridge-vineyard-waiheke-island-pilgrim-syrah-mourvedre-grenache-viognier/w/2650340?year=2022&price_id=37601780
[2026-03-16 13:45:20]  [1490/2545] [!] 데이터 없음: https://www.vivino.com/en/domaine-marquis-d-angerville-volnay-champans-1er-cru/w/76333?year=2021&price_id=38459378
[2026-03-16 13:45:20]  [1491/2545] [!] 데이터 없음: https://www.vivino.com/en/man-o-war-kulta-tytti/w/7679838?year=2018&price_id=25618256
[2026-03-16 13:45:20]  [1494/2545] [!] 데이터 없음: https://www.vivino.com/en/cervoles-colors-tinto/w/1127025?year=2015&price_id=15574737
[2026-03-16 13:45:20]  [1495/2545] [!] 데이터 없음: https://www.vivino.com/en/sartarelli-tralivio/w/85567?year=2020&price_id=36485656
[2026-03-16 13:45:20]  [1496/2545] [!] 데이터 없음: https://www.vivino.com/en/schafer-frohlich-weisser-burgunder-trocken/w/93070?year=2022&price_id=37843723
[2026-03-16 13:45:20]  [1497/2545] [!] 데이터 없음: https://www.vivino.com/en/chateau-canon-saint-emilion-grand-cru-premier-grand-cru-classe/w/1145360?year=2011&price_id=37844036
[2026-03-16 13:45:20]  [1498/2545] [!] 데이터 없음: https://www.vivino.com/en/bodegas-muga-prado-enea-gran-reserva/w/1126125?year=1998&price_id=2894972
[2026-03-16 13:45:20]  [1499/2545] [!] 데이터 없음: https://www.vivino.com/en/mucyn-crozes-hermitage/w/1202369?year=2023&price_id=37222448
[2026-03-16 13:45:20]  [1500/2545] [!] 데이터 없음: https://www.vivino.com/en/laurent-perrier-alexandra-champagne-rose-grande-cuvee/w/8307?year=2004&price_id=27008251
[2026-03-16 13:45:21] --- 중간 저장: 누적 1458건 ---
[2026-03-16 13:45:27]  [1503/2545] [!] 데이터 없음: https://www.vivino.com/en/chateau-des-laurets-puisseguin-saint-emilion/w/1137096?year=2012&price_id=10496196
[2026-03-16 13:45:27]  [1512/2545] [!] 데이터 없음: https://www.vivino.com/en/casa-silva-altura/w/18323?year=2008&price_id=3680215
[2026-03-16 13:45:27]  [1501/2545] [!] 데이터 없음: https://www.vivino.com/en/arnozan-bordeaux-reserve-des-chartrons-blanc/w/5874438?year=2005&price_id=14550181
[2026-03-16 13:45:27]  [1502/2545] [!] 데이터 없음: https://www.vivino.com/en/tabali-reserva-merlot/w/1708301?year=2014&price_id=16730274
[2026-03-16 13:45:27]  [1504/2545] [!] 데이터 없음: https://www.vivino.com/en/domaine-marquis-d-angerville-volnay-clos-des-angles-1er-cru/w/2120255?year=2020&price_id=37843731
[2026-03-16 13:45:27]  [1505/2545] [!] 데이터 없음: https://www.vivino.com/en/hetszolo-tokaji-aszu-6-puttonyos/w/67324?year=2004&price_id=13611993
[2026-03-16 13:45:27]  [1506/2545] [!] 데이터 없음: https://www.vivino.com/en/estancia-mendoza-malbec-roble/w/1151212?year=2015&price_id=15612906
[2026-03-16 13:45:27]  [1507/2545] [!] 데이터 없음: https://www.vivino.com/en/argiolas-iselis-bianco/w/1180742?year=2021&price_id=38461525
[2026-03-16 13:45:27]  [1509/2545] [!] 데이터 없음: https://www.vivino.com/en/reunis-marterey-pinot-noir/w/2358343?year=2020&price_id=34649245
[2026-03-16 13:45:27]  [1508/2545] [!] 데이터 없음: https://www.vivino.com/en/nederburg-estate-manor-house-cabernet-sauvignon/w/61424?year=2004&price_id=2804585
[2026-03-16 13:45:27]  [1510/2545] [!] 데이터 없음: https://www.vivino.com/en/domaine-a-f-gros-gevrey-chambertin/w/8464709?year=2023&price_id=40825893
[2026-03-16 13:45:27]  [1511/2545] [!] 데이터 없음: https://www.vivino.com/en/chateau-clinet-ronan-by-clinet-bordeaux-blanc/w/2215166?year=2024&price_id=39473378
[2026-03-16 13:45:27]  [1513/2545] [!] 데이터 없음: https://www.vivino.com/en/barranco-oscuro-thirteen-sixtyeight-cerro-las-monjas/w/1215868?year=2014&price_id=38505541
[2026-03-16 13:45:28]  [1519/2545] [!] 데이터 없음: https://www.vivino.com/en/surveyor-thomson-surveyor-thomson-single-vineyard-pinot-noir/w/1435812?year=2021&price_id=37836608
[2026-03-16 13:45:28]  [1514/2545] [!] 데이터 없음: https://www.vivino.com/en/von-winning-paradiesgarten-riesling/w/1692730?year=2021&price_id=37843767
[2026-03-16 13:45:28]  [1515/2545] [!] 데이터 없음: https://www.vivino.com/en/kopke-quinta-sao-luiz-vintage-port/w/1177420?year=2021&price_id=38187892
[2026-03-16 13:45:28]  [1516/2545] [!] 데이터 없음: https://www.vivino.com/en/alain-graillot-crozes-hermitage-blanc/w/1148131?year=2024&price_id=40475586
[2026-03-16 13:45:28]  [1517/2545] [!] 데이터 없음: https://www.vivino.com/en/wente-family-vineyards-louis-mel-sauvignon-blanc/w/1901171?year=2003&price_id=2895137
[2026-03-16 13:45:28]  [1518/2545] [!] 데이터 없음: https://www.vivino.com/en/chateau-les-combes-chateau-les-combes-lussac-saint-emilion/w/1225006?year=2012&price_id=2873803
[2026-03-16 13:45:28]  [1520/2545] [!] 데이터 없음: https://www.vivino.com/en/chateau-margaux-chateau-margaux-premier-grand-cru-classe/w/1127795?year=2015&price_id=37843940
[2026-03-16 13:45:28]  [1522/2545] [!] 데이터 없음: https://www.vivino.com/en/chateau-batailley-pauillac-grand-cru-classe/w/96193?year=2016&price_id=37843651
[2026-03-16 13:45:28]  [1521/2545] [!] 데이터 없음: https://www.vivino.com/en/peregrine-wines-central-otago-limited-chardonnay/w/1751061?year=2024&price_id=40673705
[2026-03-16 13:45:28]  [1523/2545] [!] 데이터 없음: https://www.vivino.com/en/justino-s-madeira-malvasia-10-years-old-madeira/w/5292669?price_id=13946851
[2026-03-16 13:45:28]  [1524/2545] [!] 데이터 없음: https://www.vivino.com/en/parker-coonawarra-estate-first-growth/w/1100676?year=2001&price_id=2895289
[2026-03-16 13:45:28]  [1525/2545] [!] 데이터 없음: https://www.vivino.com/en/domaine-poisot-pere-and-fils-romanee-saint-vivant-grand-cru/w/1691258?year=2021&price_id=34615738
[2026-03-16 13:45:28]  [1526/2545] [!] 데이터 없음: https://www.vivino.com/en/ferrari-riserva-lunelli/w/89737?year=2015&price_id=36485630
[2026-03-16 13:45:28]  [1527/2545] [!] 데이터 없음: https://www.vivino.com/en/bernhard-ott-fass-4/w/92157?year=2024&price_id=38504433
[2026-03-16 13:45:29]  [1528/2545] [!] 데이터 없음: https://www.vivino.com/en/zenato-valpolicella-classico-superiore/w/12385?year=2012&price_id=36485654
[2026-03-16 13:45:29]  [1529/2545] [!] 데이터 없음: https://www.vivino.com/en/von-winning-paradiesgarten-riesling/w/1692730?year=2023&price_id=38087665
[2026-03-16 13:45:29]  [1530/2545] [!] 데이터 없음: https://www.vivino.com/en/marina-cvetic-montepulciano-d-abruzzo-riserva/w/93055?year=2013&price_id=7953597
[2026-03-16 13:45:29] --- 중간 저장: 누적 1458건 ---
[2026-03-16 13:45:39]  [1531/2545] [!] 데이터 없음: https://www.vivino.com/en/peregrine-wines-central-otago-limited-pinot-noir-rose/w/3879963?year=2025&price_id=40673701
[2026-03-16 13:45:39]  [1533/2545] [!] 데이터 없음: https://www.vivino.com/en/mas-de-daumas-gassac-haut-vallee-du-gassac-rouge/w/11079?year=2003&price_id=7944001
[2026-03-16 13:45:39]  [1532/2545] [!] 데이터 없음: https://www.vivino.com/en/rockburn-the-art-pinot-noir/w/1872117?year=2022&price_id=37530261
[2026-03-16 13:45:39]  [1534/2545] [!] 데이터 없음: https://www.vivino.com/en/biancospino-vento-di-langa/w/2117130?year=2011&price_id=14550313
[2026-03-16 13:45:39]  [1535/2545] [!] 데이터 없음: https://www.vivino.com/en/louis-roederer-cristal-brut-champagne-millesime/w/74304?year=2015&price_id=37843944
[2026-03-16 13:45:39]  [1536/2545] [!] 데이터 없음: https://www.vivino.com/en/trinity-hill-gimblett-gravels-tempranillo/w/1196082?year=2022&price_id=39025588
[2026-03-16 13:45:39]  [1537/2545] [!] 데이터 없음: https://www.vivino.com/en/moric-reserve-blaufrankisch/w/1196379?year=2020&price_id=37843934
[2026-03-16 13:45:39]  [1538/2545] [!] 데이터 없음: https://www.vivino.com/en/deinhard-seventeen-ninetyfour-riesling-moscato/w/2274791?year=2017&price_id=18914903
[2026-03-16 13:45:39]  [1539/2545] [!] 데이터 없음: https://www.vivino.com/en/di-majo-norante-apianae/w/9324?year=2016&price_id=36485601
[2026-03-16 13:45:39]  [1540/2545] [!] 데이터 없음: https://www.vivino.com/en/konyari-kekfrankos/w/5855446?year=2011&price_id=9156583
[2026-03-16 13:45:39]  [1541/2545] [!] 데이터 없음: https://www.vivino.com/en/pegasus-bay-winery-prima-donna-pinot-noir/w/1173985?year=2015&price_id=18653929
[2026-03-16 13:45:39]  [1542/2545] [!] 데이터 없음: https://www.vivino.com/en/chateau-de-beaucastel-hommage-a-jacques-perrin-chateauneuf-du-pape/w/2080162?year=2017&price_id=30581501
[2026-03-16 13:45:39]  [1544/2545] [!] 데이터 없음: https://www.vivino.com/en/tenuta-castelgiocondo-campo-ai-sassi-rosso-di-montalcino-rosso-di-montalcino/w/20993?year=2004&price_id=14540645
[2026-03-16 13:45:39]  [1545/2545] [!] 데이터 없음: https://www.vivino.com/en/it-le-coste-litrozzo-rosato/w/7454641?year=2024&price_id=40262327
[2026-03-16 13:45:39]  [1550/2545] [!] 데이터 없음: https://www.vivino.com/en/bree-riesling/w/2573781?year=2014&price_id=2894993
[2026-03-16 13:45:40]  [1543/2545] [!] 데이터 없음: https://www.vivino.com/en/mantlerhof-roter-veltliner-reisenthal/w/1133628?year=2023&price_id=39420219
[2026-03-16 13:45:40]  [1547/2545] [!] 데이터 없음: https://www.vivino.com/en/grand-esprit-l-etre-magique-bourgogne-rouge/w/5985874?year=2016&price_id=16973382
[2026-03-16 13:45:40]  [1546/2545] [!] 데이터 없음: https://www.vivino.com/en/neleman-thirty-wishes-dear/w/3255295?year=2013&price_id=10362741
[2026-03-16 13:45:40]  [1555/2545] [!] 데이터 없음: https://www.vivino.com/en/cloudy-bay-pinot-noir/w/18980?year=2014&price_id=11901322
[2026-03-16 13:45:40]  [1548/2545] [!] 데이터 없음: https://www.vivino.com/en/aromo-winemaker-s-selection-pinot-noir/w/2218345?year=2010&price_id=2804910
[2026-03-16 13:45:40]  [1549/2545] [!] 데이터 없음: https://www.vivino.com/en/balthasar-ress-hattenheim-schutzenhaus-riesling-kabinett/w/2004112?year=2013&price_id=14539931
[2026-03-16 13:45:40]  [1551/2545] [!] 데이터 없음: https://www.vivino.com/en/attila-homonna-tokaji-furmint-hatari/w/1551421?year=2020&price_id=37844078
[2026-03-16 13:45:40]  [1552/2545] [!] 데이터 없음: https://www.vivino.com/en/didier-morion-lleandre-saint-joseph/w/2716561?year=2023&price_id=37788542
[2026-03-16 13:45:40]  [1553/2545] [!] 데이터 없음: https://www.vivino.com/en/immich-batterieberg-escheburg/w/1668526?year=2018&price_id=23020583
[2026-03-16 13:45:40]  [1554/2545] [!] 데이터 없음: https://www.vivino.com/en/franz-hirtzberger-rotes-tor-gruner-veltliner-smaragd/w/1191134?year=2024&price_id=39191436
[2026-03-16 13:45:40]  [1556/2545] [!] 데이터 없음: https://www.vivino.com/en/tramier-l-and-fils-coteaux-bourguignons/w/2734286?year=2015&price_id=15786338
[2026-03-16 13:45:40]  [1557/2545] [!] 데이터 없음: https://www.vivino.com/en/ruffino-chianti-1877/w/2186?year=2004&price_id=14541898
[2026-03-16 13:45:40]  [1558/2545] [!] 데이터 없음: https://www.vivino.com/en/jermann-where-dreams-have-no-end-w-dreams/w/79520?year=2020&price_id=36485522
[2026-03-16 13:45:41]  [1559/2545] [!] 데이터 없음: https://www.vivino.com/en/rutini-trumpeter-cabernet-sauvignon/w/16510?year=2015&price_id=20571643
[2026-03-16 13:45:41]  [1560/2545] [!] 데이터 없음: https://www.vivino.com/en/chapel-hill-shiraz/w/40564?year=2016&price_id=19160035
[2026-03-16 13:45:41] --- 중간 저장: 누적 1458건 ---
[2026-03-16 13:45:51]  [1561/2545] [!] 데이터 없음: https://www.vivino.com/en/felton-road-cornish-point-pinot-noir/w/2054916?year=2024&price_id=39388046
[2026-03-16 13:45:52]  [1562/2545] [!] 데이터 없음: https://www.vivino.com/en/quinta-da-pedra-longos-vales-alvarinho/w/2392324?year=2012&price_id=17609970
[2026-03-16 13:45:52]  [1563/2545] [!] 데이터 없음: https://www.vivino.com/en/felton-road-block-5-pinot-noir/w/88322?year=2015&price_id=37601781
[2026-03-16 13:45:52]  [1564/2545] [!] 데이터 없음: https://www.vivino.com/en/tarapaca-leon-de-tarapaca-carmenere/w/1200231?year=2018&price_id=24839157
[2026-03-16 13:45:52]  [1565/2545] [!] 데이터 없음: https://www.vivino.com/en/duette-premium-pinot-noir/w/1157382?year=2008&price_id=2895043
[2026-03-16 13:45:52]  [1566/2545] [!] 데이터 없음: https://www.vivino.com/en/wente-family-vineyards-crane-ridge-reserve-merlot/w/1378582?year=2004&price_id=2873737
[2026-03-16 13:45:52]  [1567/2545] [!] 데이터 없음: https://www.vivino.com/en/bouvet-ladubay-saphir-saumur-brut-vintage/w/1161291?year=2023&price_id=40688684
[2026-03-16 13:45:52]  [1568/2545] [!] 데이터 없음: https://www.vivino.com/en/nenin-pomerol/w/82454?year=1978&price_id=38344205
[2026-03-16 13:45:52]  [1569/2545] [!] 데이터 없음: https://www.vivino.com/en/von-buhl-von-buhl-riesling/w/1430726?year=2010&price_id=14650459
[2026-03-16 13:45:52]  [1570/2545] [!] 데이터 없음: https://www.vivino.com/en/pago-de-los-capellanes-crianza-tinto/w/16226?year=2009&price_id=2754355
[2026-03-16 13:45:52]  [1571/2545] [!] 데이터 없음: https://www.vivino.com/en/degenfeld-tokaji-furmint-sweet/w/3681910?year=2013&price_id=13579472
[2026-03-16 13:45:52]  [1572/2545] [!] 데이터 없음: https://www.vivino.com/en/porto-cruz-tawny-port/w/1589104?price_id=38979672
[2026-03-16 13:45:52]  [1574/2545] [!] 데이터 없음: https://www.vivino.com/en/feudi-di-san-gregorio-falanghina-serrocielo/w/1631655?year=2014&price_id=7943983
[2026-03-16 13:45:52]  [1580/2545] [!] 데이터 없음: https://www.vivino.com/en/ciacci-piccolomini-d-aragona-brunello-di-montalcino-pianrosso/w/16992?year=2012&price_id=36485487
[2026-03-16 13:45:52]  [1585/2545] [!] 데이터 없음: https://www.vivino.com/en/caliterra-reserva-carmenere/w/98580?year=2011&price_id=2804875
[2026-03-16 13:45:52]  [1575/2545] [!] 데이터 없음: https://www.vivino.com/en/prophet-s-rock-olearia-pinot-noir/w/10694983?year=2023&price_id=39388048
[2026-03-16 13:45:52]  [1576/2545] [!] 데이터 없음: https://www.vivino.com/en/antinori-tuscany-peppoli-chianti-classico/w/1655?year=2019&price_id=36736905
[2026-03-16 13:45:52]  [1578/2545] [!] 데이터 없음: https://www.vivino.com/en/partida-creus-sp-subirat-parent-penedes/w/2320808?year=2021&price_id=40636398
[2026-03-16 13:45:53]  [1581/2545] [!] 데이터 없음: https://www.vivino.com/en/finca-la-estacada-six-meses-en-barrica/w/3152199?year=2011&price_id=16314859
[2026-03-16 13:45:53]  [1582/2545] [!] 데이터 없음: https://www.vivino.com/en/prinz-salm-two-princes-riesling/w/2705003?year=2017&price_id=18945583
[2026-03-16 13:45:53]  [1573/2545] [!] 데이터 없음: https://www.vivino.com/en/dom-perignon-p2-plenitude-brut-champagne/w/3102815?year=2004&price_id=38459377
[2026-03-16 13:45:53]  [1584/2545] [!] 데이터 없음: https://www.vivino.com/en/cervoles-tinto/w/1126963?year=2014&price_id=15574740
[2026-03-16 13:45:53]  [1583/2545] [!] 데이터 없음: https://www.vivino.com/en/dona-paula-altitude-series-1100-red/w/2270204?year=2015&price_id=26506395
[2026-03-16 13:45:53]  [1586/2545] [!] 데이터 없음: https://www.vivino.com/en/emilio-moro-emilio-moro/w/1386686?year=2011&price_id=5109478
[2026-03-16 13:45:53]  [1588/2545] [!] 데이터 없음: https://www.vivino.com/en/roger-pouillon-fils-solera-brut-champagne-premier-cru/w/2077341?price_id=10861626
[2026-03-16 13:45:53]  [1589/2545] [!] 데이터 없음: https://www.vivino.com/en/breuil-savennieres-blanc/w/1542447?year=2023&price_id=41140139
[2026-03-16 13:45:53]  [1577/2545] [!] 데이터 없음: https://www.vivino.com/en/bodegas-marques-de-caceres-reserva-vendimia-seleccionada/w/10249?year=2014&price_id=19160024
[2026-03-16 13:45:53]  [1579/2545] [!] 데이터 없음: https://www.vivino.com/en/firesteed-cellars-pinot-gris/w/15704?year=2007&price_id=14650508
[2026-03-16 13:45:54]  [1590/2545] [!] 데이터 없음: https://www.vivino.com/en/cooper-mountain-vin-glace-pinot-gris/w/1133326?year=2009&price_id=13579479
[2026-03-16 13:45:54]  [1587/2545] [!] 데이터 없음: https://www.vivino.com/en/maison-roche-de-bellene-savigny-les-beaune-vieilles-vignes/w/1968386?year=2022&price_id=36501064
[2026-03-16 13:45:55] --- 중간 저장: 누적 1458건 ---
[2026-03-16 13:46:05]  [1591/2545] [!] 데이터 없음: https://www.vivino.com/en/les-graves-de-barrau-bordeaux/w/1144702?year=2015&price_id=14650451
[2026-03-16 13:46:05]  [1592/2545] [!] 데이터 없음: https://www.vivino.com/en/sena-aconcagua-valley/w/25474?year=2003&price_id=2895098
[2026-03-16 13:46:05]  [1593/2545] [!] 데이터 없음: https://www.vivino.com/en/kalleske-florentine-chenin-blanc/w/16363?year=2016&price_id=21687583
[2026-03-16 13:46:05]  [1594/2545] [!] 데이터 없음: https://www.vivino.com/en/bastianich-sauvignon-b/w/82566?year=2022&price_id=36485642
[2026-03-16 13:46:05]  [1595/2545] [!] 데이터 없음: https://www.vivino.com/en/powers-winery-cabernet-sauvignon/w/86405?year=2010&price_id=2754396
[2026-03-16 13:46:05]  [1596/2545] [!] 데이터 없음: https://www.vivino.com/en/principal-reserva-bairrada/w/1389046?year=2013&price_id=15001787
[2026-03-16 13:46:05]  [1597/2545] [!] 데이터 없음: https://www.vivino.com/en/bodega-lanzaga-lz-rioja/w/62474?year=2022&price_id=39677352
[2026-03-16 13:46:05]  [1598/2545] [!] 데이터 없음: https://www.vivino.com/en/poggio-lando-brunello-di-montalcino/w/5354380?year=2019&price_id=37835156
[2026-03-16 13:46:05]  [1599/2545] [!] 데이터 없음: https://www.vivino.com/en/fr-raoul-clerget-clerget-terroirs-pont-du-rhone-cotes-du-rhone/w/1198619?year=2013&price_id=7953557
[2026-03-16 13:46:05]  [1600/2545] [!] 데이터 없음: https://www.vivino.com/en/ruffino-riserva-ducale-chianti-classico/w/1137925?year=2002&price_id=2895201
[2026-03-16 13:46:05]  [1601/2545] [!] 데이터 없음: https://www.vivino.com/en/salentein-portillo-malbec/w/1147628?year=2004&price_id=2895059
[2026-03-16 13:46:05]  [1602/2545] [!] 데이터 없음: https://www.vivino.com/en/reunis-couveys-pinot-noir/w/4507827?year=2015&price_id=13253917
[2026-03-16 13:46:05]  [1603/2545] [!] 데이터 없음: https://www.vivino.com/en/man-o-war-pinque-rose/w/3131890?year=2025&price_id=39677269
[2026-03-16 13:46:05]  [1604/2545] [!] 데이터 없음: https://www.vivino.com/en/barone-pizzini-curtefranca-rosso/w/1150700?year=2019&price_id=36485486
[2026-03-16 13:46:06]  [1605/2545] [!] 데이터 없음: https://www.vivino.com/en/soleca-reserva-cabernet-sauvignon/w/4029398?year=2017&price_id=23660416
[2026-03-16 13:46:06]  [1607/2545] [!] 데이터 없음: https://www.vivino.com/en/robert-mondavi-winery-merlot/w/2424?year=2003&price_id=14541674
[2026-03-16 13:46:06]  [1606/2545] [!] 데이터 없음: https://www.vivino.com/en/firesteed-cellars-pinot-noir-oregon/w/15699?year=2007&price_id=14650473
[2026-03-16 13:46:06]  [1608/2545] [!] 데이터 없음: https://www.vivino.com/en/amisfield-breakneck-reserve-pinot-noir/w/6902623?year=2022&price_id=36998464
[2026-03-16 13:46:06]  [1609/2545] [!] 데이터 없음: https://www.vivino.com/en/weinbau-christoph-polz-ried-hochgrassnitzberg-welschriesling/w/11655578?year=2021&price_id=37843643
[2026-03-16 13:46:06]  [1610/2545] [!] 데이터 없음: https://www.vivino.com/en/la-ferme-du-mont-vendange-chateauneuf-du-pape-rouge/w/1309487?year=2010&price_id=7944176
[2026-03-16 13:46:06]  [1611/2545] [!] 데이터 없음: https://www.vivino.com/en/balbas-gran-reserva/w/1177957?year=1996&price_id=2895140
[2026-03-16 13:46:06]  [1612/2545] [!] 데이터 없음: https://www.vivino.com/en/fr-rapet-bourgogne-chardonnay/w/6913953?year=2022&price_id=37249131
[2026-03-16 13:46:06]  [1613/2545] [!] 데이터 없음: https://www.vivino.com/en/eos-estate-winery-chardonnay/w/1671035?year=2005&price_id=2873793
[2026-03-16 13:46:06]  [1614/2545] [!] 데이터 없음: https://www.vivino.com/en/antoine-et-laurent-robin-chablis-grand-cru-blanchot/w/9411387?year=2022&price_id=35528659
[2026-03-16 13:46:06]  [1615/2545] [!] 데이터 없음: https://www.vivino.com/en/tenuta-san-guido-guidalberto/w/5080?year=2022&price_id=37843636
[2026-03-16 13:46:06]  [1616/2545] [!] 데이터 없음: https://www.vivino.com/en/domaines-schlumberger-les-princes-abbes-pinot-blanc-alsace/w/12323?year=2012&price_id=14650435
[2026-03-16 13:46:06]  [1617/2545] [!] 데이터 없음: https://www.vivino.com/en/callia-grand-blend/w/73364?year=2004&price_id=2895277
[2026-03-16 13:46:06]  [1618/2545] [!] 데이터 없음: https://www.vivino.com/en/nederburg-estate-private-bin-r121-shiraz/w/1707986?year=2002&price_id=2895296
[2026-03-16 13:46:06]  [1619/2545] [!] 데이터 없음: https://www.vivino.com/en/aromo-reserva-privada-syrah/w/7354162?year=2009&price_id=2895328
[2026-03-16 13:46:06]  [1620/2545] [!] 데이터 없음: https://www.vivino.com/en/fallbrook-winery-chardonnay/w/1989475?year=2008&price_id=2873792
[2026-03-16 13:46:07] --- 중간 저장: 누적 1458건 ---
[2026-03-16 13:46:18]  [1621/2545] [!] 데이터 없음: https://www.vivino.com/en/fr-huguenot-marsannay-blanc/w/1441542?year=2022&price_id=36972690
[2026-03-16 13:46:18]  [1622/2545] [!] 데이터 없음: https://www.vivino.com/en/carobbio-leone-sangiovese/w/1634420?year=1995&price_id=2873783
[2026-03-16 13:46:18]  [1623/2545] [!] 데이터 없음: https://www.vivino.com/en/terrazas-de-los-andes-reserva-cabernet-sauvignon/w/3481?year=2005&price_id=2895088
[2026-03-16 13:46:18]  [1624/2545] [!] 데이터 없음: https://www.vivino.com/en/becker-landgraf-muschelkalk-spatburgunder/w/1232367?year=2019&price_id=39108200
[2026-03-16 13:46:18]  [1625/2545] [!] 데이터 없음: https://www.vivino.com/en/bodega-ruca-malen-malbec-mendoza-red-wine-v-d3ctl/w/5441055?year=2005&price_id=28696231
[2026-03-16 13:46:18]  [1626/2545] [!] 데이터 없음: https://www.vivino.com/en/dulong-bordeaux-blanc-sec/w/1444618?year=2003&price_id=14550184
[2026-03-16 13:46:18]  [1627/2545] [!] 데이터 없음: https://www.vivino.com/en/stiphane-vedeau-j-boutin-bonnevaux-cote-rotie/w/1415647?year=2021&price_id=34223763
[2026-03-16 13:46:18]  [1628/2545] [!] 데이터 없음: https://www.vivino.com/en/o-fournier-spiga-ribera-del-duero/w/11393?year=2004&price_id=2804616
[2026-03-16 13:46:18]  [1629/2545] [!] 데이터 없음: https://www.vivino.com/en/domaine-marquis-d-angerville-fremiet-volnay-1er-cru/w/76334?year=2022&price_id=40825903
[2026-03-16 13:46:18]  [1630/2545] [!] 데이터 없음: https://www.vivino.com/en/chateau-sainte-marie-reserve-entre-deux-mers/w/735838?year=2004&price_id=15108244
[2026-03-16 13:46:18]  [1631/2545] [!] 데이터 없음: https://www.vivino.com/en/black-stallion-cabernet-sauvignon/w/1166077?year=2016&price_id=21653539
[2026-03-16 13:46:18]  [1632/2545] [!] 데이터 없음: https://www.vivino.com/en/pares-balta-indigena-garnatxa-tinto/w/1124671?year=2010&price_id=16245125
[2026-03-16 13:46:18]  [1635/2545] [!] 데이터 없음: https://www.vivino.com/en/gibbston-valley-gv-collecion-pinot-gris/w/1145555?year=2024&price_id=39388064
[2026-03-16 13:46:18]  [1637/2545] [!] 데이터 없음: https://www.vivino.com/en/poliziano-asinone-vino-nobile-di-montepulciano/w/18795?year=2018&price_id=36736890
[2026-03-16 13:46:18]  [1644/2545] [!] 데이터 없음: https://www.vivino.com/en/chateau-montrose-saint-estephe-grand-cru-classe/w/80472?year=2017&price_id=21483485
[2026-03-16 13:46:18]  [1633/2545] [!] 데이터 없음: https://www.vivino.com/en/clearview-estate-reserve-chardonnay/w/1123269?year=2023&price_id=38032864
[2026-03-16 13:46:18]  [1634/2545] [!] 데이터 없음: https://www.vivino.com/en/malandes-chablis/w/1164827?year=2023&price_id=39624697
[2026-03-16 13:46:19]  [1636/2545] [!] 데이터 없음: https://www.vivino.com/en/taittinger-comtes-de-champagne-blanc-de-blancs/w/1136950?year=2011&price_id=27434634
[2026-03-16 13:46:19]  [1638/2545] [!] 데이터 없음: https://www.vivino.com/en/oldenburg-vineyards-cabernet-sauvignon/w/1468357?year=2015&price_id=21678406
[2026-03-16 13:46:19]  [1640/2545] [!] 데이터 없음: https://www.vivino.com/en/mas-de-daumas-gassac-haut-vallee-du-gassac-rouge/w/11079?year=2020&price_id=37843781
[2026-03-16 13:46:19]  [1639/2545] [!] 데이터 없음: https://www.vivino.com/en/pilandro-lugana-terecrea/w/1177372?year=2023&price_id=37647622
[2026-03-16 13:46:19]  [1646/2545] [!] 데이터 없음: https://www.vivino.com/en/bruno-paillard-premiere-cuvee-rose-extra-brut-champagne-champagne/w/1381001?price_id=4748360
[2026-03-16 13:46:19]  [1641/2545] [!] 데이터 없음: https://www.vivino.com/en/taittinger-comtes-de-champagne-blanc-de-blancs/w/1136950?year=2013&price_id=37845102
[2026-03-16 13:46:19]  [1642/2545] [!] 데이터 없음: https://www.vivino.com/en/pecchenino-san-luigi-dogliani/w/1109281?year=2022&price_id=38300584
[2026-03-16 13:46:19]  [1643/2545] [!] 데이터 없음: https://www.vivino.com/en/chateau-sociando-mallet-la-demoiselle-de-sociando-mallet-haut-medoc/w/1183720?year=1998&price_id=37696770
[2026-03-16 13:46:19]  [1645/2545] [!] 데이터 없음: https://www.vivino.com/en/casa-silva-chardonnay-semillon/w/1296652?year=2017&price_id=34060981
[2026-03-16 13:46:19]  [1649/2545] [!] 데이터 없음: https://www.vivino.com/en/j-lohr-vineyards-wines-hilltop-cabernet-sauvignon/w/4327?year=2009&price_id=2873831
[2026-03-16 13:46:19]  [1647/2545] [!] 데이터 없음: https://www.vivino.com/en/errazuriz-max-reserva-carmenere/w/1150101?year=2015&price_id=15763723
[2026-03-16 13:46:19]  [1648/2545] [!] 데이터 없음: https://www.vivino.com/en/oremus-tokaji-aszu-5-puttonyos-tokaj/w/1913596?year=2005&price_id=28072544
[2026-03-16 13:46:19]  [1650/2545] [!] 데이터 없음: https://www.vivino.com/en/eos-estate-winery-zinfandel-port/w/1360526?year=2003&price_id=2894906
[2026-03-16 13:46:20] --- 중간 저장: 누적 1458건 ---
[2026-03-16 13:46:27]  [1653/2545] [!] 데이터 없음: https://www.vivino.com/en/prunotto-dolcetto-d-alba-classici/w/61164?year=2023&price_id=38320587
[2026-03-16 13:46:27]  [1651/2545] [!] 데이터 없음: https://www.vivino.com/en/domaine-du-pelican-loire-valley-arbois-savagnin-ouille/w/2172731?year=2022&price_id=38126626
[2026-03-16 13:46:27]  [1652/2545] [!] 데이터 없음: https://www.vivino.com/en/la-pirouette-medoc/w/1158568?year=2011&price_id=7953970
[2026-03-16 13:46:27]  [1654/2545] [!] 데이터 없음: https://www.vivino.com/en/domaine-boris-champy-altitude-bourgogne-hautes-cotes-de-beaune/w/8902857?year=2021&price_id=37843693
[2026-03-16 13:46:27]  [1655/2545] [!] 데이터 없음: https://www.vivino.com/en/chateau-sociando-mallet-haut-medoc/w/1161268?year=2014&price_id=37843564
[2026-03-16 13:46:27]  [1656/2545] [!] 데이터 없음: https://www.vivino.com/en/mantellassi-querciolaia-maremma-toscana-alicante/w/1819282?year=2002&price_id=2895291
[2026-03-16 13:46:27]  [1657/2545] [!] 데이터 없음: https://www.vivino.com/en/michele-chiarlo-barbaresco-asili/w/86560?year=1996&price_id=2895331
[2026-03-16 13:46:27]  [1658/2545] [!] 데이터 없음: https://www.vivino.com/en/gibbston-valley-pinot-noir/w/1142375?year=2005&price_id=2804599
[2026-03-16 13:46:27]  [1659/2545] [!] 데이터 없음: https://www.vivino.com/en/jean-buscher-rheinhessen-spatburgunder-rose/w/1610516?year=2011&price_id=15821832
[2026-03-16 13:46:27]  [1660/2545] [!] 데이터 없음: https://www.vivino.com/en/casa-de-uco-el-salvaje-malbec/w/4898199?year=2019&price_id=35703204
[2026-03-16 13:46:27]  [1661/2545] [!] 데이터 없음: https://www.vivino.com/en/bethany-gr-reserve-shiraz/w/32884?year=2006&price_id=2895158
[2026-03-16 13:46:27]  [1662/2545] [!] 데이터 없음: https://www.vivino.com/en/el-descanso-estate-cabernet-sauvignon/w/1517986?year=2005&price_id=2895105
[2026-03-16 13:46:27]  [1663/2545] [!] 데이터 없음: https://www.vivino.com/en/xanadu-wines-dragon-shiraz/w/2230935?year=2010&price_id=2895221
[2026-03-16 13:46:27]  [1666/2545] [!] 데이터 없음: https://www.vivino.com/en/tommasi-crearo-della-conca-d-oro/w/7109?year=2003&price_id=2895047
[2026-03-16 13:46:28]  [1668/2545] [!] 데이터 없음: https://www.vivino.com/en/tua-rita-keir-tuscany/w/6273800?year=2017&price_id=26106991
[2026-03-16 13:46:28]  [1664/2545] [!] 데이터 없음: https://www.vivino.com/en/valli-gibbston-vineyard-pinot-noir/w/1652144?year=2023&price_id=39663844
[2026-03-16 13:46:28]  [1665/2545] [!] 데이터 없음: https://www.vivino.com/en/kakhetian-traditional-winemaking-royal-mukuzani-special-collection/w/4986113?year=2009&price_id=14549801
[2026-03-16 13:46:28]  [1667/2545] [!] 데이터 없음: https://www.vivino.com/en/arpepe-rosso-di-valtellina/w/1103223?year=2021&price_id=33920012
[2026-03-16 13:46:28]  [1669/2545] [!] 데이터 없음: https://www.vivino.com/en/montes-classic-series-reserva-chardonnay-central-valley-white-wine/w/1151903?year=2008&price_id=14550249
[2026-03-16 13:46:28]  [1670/2545] [!] 데이터 없음: https://www.vivino.com/en/casa-vinicola-bennati-cersum-amarone-della-valpolicella-riserva/w/3113323?year=2011&price_id=37396940
[2026-03-16 13:46:28]  [1671/2545] [!] 데이터 없음: https://www.vivino.com/en/avignonesi-vino-nobile-di-montepulciano/w/1154301?year=2019&price_id=36485599
[2026-03-16 13:46:28]  [1672/2545] [!] 데이터 없음: https://www.vivino.com/en/catabbo-petriera-rosso/w/6444917?year=2019&price_id=26666047
[2026-03-16 13:46:28]  [1673/2545] [!] 데이터 없음: https://www.vivino.com/en/casa-silva-cabernet-sauvignon-carmenere/w/1228056?year=2015&price_id=16698781
[2026-03-16 13:46:28]  [1674/2545] [!] 데이터 없음: https://www.vivino.com/en/two-paddocks-riesling/w/3703852?year=2023&price_id=36378974
[2026-03-16 13:46:28]  [1675/2545] [!] 데이터 없음: https://www.vivino.com/en/la-colombette-plume-chardonnay/w/3549888?year=2024&price_id=39084930
[2026-03-16 13:46:28]  [1676/2545] [!] 데이터 없음: https://www.vivino.com/en/domaine-bonnardot-bourgogne-hautes-cotes-de-nuits-blanc/w/7137672?year=2023&price_id=36256746
[2026-03-16 13:46:28]  [1680/2545] [!] 데이터 없음: https://www.vivino.com/en/craggy-range-aroha-te-muna-road-vineyard-pinot-noir/w/1799825?year=2019&price_id=28411495
[2026-03-16 13:46:28]  [1677/2545] [!] 데이터 없음: https://www.vivino.com/en/maximin-grunhaus-maximin-grunhauser-abtsberg-riesling-auslese/w/736427?year=2005&price_id=14650474
[2026-03-16 13:46:28]  [1678/2545] [!] 데이터 없음: https://www.vivino.com/en/casa-mayor-old-vines-cabernet-sauvignon/w/1997483?year=2015&price_id=16699095
[2026-03-16 13:46:28]  [1679/2545] [!] 데이터 없음: https://www.vivino.com/en/domaine-marc-morey-fils-saint-aubin-1er-cru-le-charmois/w/1148057?year=2023&price_id=39191429
[2026-03-16 13:46:29] --- 중간 저장: 누적 1458건 ---
[2026-03-16 13:46:38]  [1681/2545] [!] 데이터 없음: https://www.vivino.com/en/saxenburg-select-shiraz/w/1521195?year=2001&price_id=2754206
[2026-03-16 13:46:38]  [1682/2545] [!] 데이터 없음: https://www.vivino.com/en/esk-valley-the-terraces-red-blend/w/1217970?year=2016&price_id=31851184
[2026-03-16 13:46:38]  [1683/2545] [!] 데이터 없음: https://www.vivino.com/en/a-et-p-de-villaine-bouzeron/w/80279?year=2023&price_id=38344192
[2026-03-16 13:46:38]  [1684/2545] [!] 데이터 없음: https://www.vivino.com/en/donnhoff-felsenberg-gg/w/1658423?year=2022&price_id=37843852
[2026-03-16 13:46:38]  [1685/2545] [!] 데이터 없음: https://www.vivino.com/en/rippon-tinker-s-field-mature-vine-pinot-noir/w/1117018?year=2021&price_id=38617048
[2026-03-16 13:46:38]  [1686/2545] [!] 데이터 없음: https://www.vivino.com/en/perez-cruz-liguai/w/96488?year=2005&price_id=2895220
[2026-03-16 13:46:38]  [1687/2545] [!] 데이터 없음: https://www.vivino.com/en/domaine-de-pieblanc-la-tuiliere-rouge/w/1136690?year=2023&price_id=39273197
[2026-03-16 13:46:38]  [1688/2545] [!] 데이터 없음: https://www.vivino.com/en/fr-domaine-les-aurelles-solen/w/1470329?year=2016&price_id=35429544
[2026-03-16 13:46:38]  [1689/2545] [!] 데이터 없음: https://www.vivino.com/en/alexandre-bain-spring-pouilly-fume/w/1131213?year=2022&price_id=38941106
[2026-03-16 13:46:38]  [1690/2545] [!] 데이터 없음: https://www.vivino.com/en/schloss-gobelsburg-domaene-gobelsburg-riesling/w/20132?year=2018&price_id=24742558
[2026-03-16 13:46:38]  [1691/2545] [!] 데이터 없음: https://www.vivino.com/en/champagne-paul-bara-champagne-grand-cru-millesime-brut/w/1233467?year=2014&price_id=38459336
[2026-03-16 13:46:38]  [1692/2545] [!] 데이터 없음: https://www.vivino.com/en/kollwentz-gloria/w/96779?year=2023&price_id=39428345
[2026-03-16 13:46:38]  [1693/2545] [!] 데이터 없음: https://www.vivino.com/en/the-big-top-white-zinfandel/w/1173261?price_id=25740254
[2026-03-16 13:46:39]  [1694/2545] [!] 데이터 없음: https://www.vivino.com/en/egon-muller-scharzhof-scharzhofberger-riesling-spatlese/w/86686?year=2023&price_id=37843766
[2026-03-16 13:46:39]  [1699/2545] [!] 데이터 없음: https://www.vivino.com/en/michelas-saint-jemms-syrah-de-saint-jemms-rouge/w/5282082?year=2022&price_id=33637874
[2026-03-16 13:46:39]  [1702/2545] [!] 데이터 없음: https://www.vivino.com/en/banfi-cum-laude/w/1631892?year=2009&price_id=2754450
[2026-03-16 13:46:39]  [1695/2545] [!] 데이터 없음: https://www.vivino.com/en/schloss-johannisberg-silberlack-riesling-trocken-gg/w/1880377?year=2022&price_id=39553099
[2026-03-16 13:46:39]  [1696/2545] [!] 데이터 없음: https://www.vivino.com/en/tement-kalk-kreide-sauvignon-blanc-sudsteiermark/w/5279407?year=2024&price_id=38650466
[2026-03-16 13:46:39]  [1698/2545] [!] 데이터 없음: https://www.vivino.com/en/schafer-frohlich-felseneck-riesling-gg/w/1204826?year=2022&price_id=37844086
[2026-03-16 13:46:39]  [1697/2545] [!] 데이터 없음: https://www.vivino.com/en/tenuta-ulisse-pecorino-unico/w/1208156?year=2025&price_id=41010755
[2026-03-16 13:46:39]  [1700/2545] [!] 데이터 없음: https://www.vivino.com/en/beau-rivage-bordeaux-rouge/w/1165023?year=2005&price_id=7944024
[2026-03-16 13:46:39]  [1701/2545] [!] 데이터 없음: https://www.vivino.com/en/egon-muller-scharzhof-scharzhofberger-riesling-spatlese/w/86686?year=2020&price_id=37843724
[2026-03-16 13:46:39]  [1704/2545] [!] 데이터 없음: https://www.vivino.com/en/avignonesi-rosso-di-montepulciano/w/1235243?year=2019&price_id=36485650
[2026-03-16 13:46:39]  [1703/2545] [!] 데이터 없음: https://www.vivino.com/en/castello-di-ama-chianti-classico-vigneto-gran-selezione-san-lorenzo/w/2411943?year=2020&price_id=38662723
[2026-03-16 13:46:39]  [1705/2545] [!] 데이터 없음: https://www.vivino.com/en/scea-chateau-la-marzelle-chateau-prieure-la-marzelle-saint-emilion-grand-cru/w/3907329?year=2015&price_id=22871460
[2026-03-16 13:46:39]  [1706/2545] [!] 데이터 없음: https://www.vivino.com/en/terramater-paso-del-sol-carmenere/w/1640786?year=2004&price_id=14650516
[2026-03-16 13:46:39]  [1707/2545] [!] 데이터 없음: https://www.vivino.com/en/stone-cellars-cabernet-sauvignon/w/73779?year=2005&price_id=14650357
[2026-03-16 13:46:39]  [1708/2545] [!] 데이터 없음: https://www.vivino.com/en/moulin-de-gassac-elise/w/1935908?year=2004&price_id=14540798
[2026-03-16 13:46:40]  [1709/2545] [!] 데이터 없음: https://www.vivino.com/en/barkan-classic-cabernet-sauvignon-merlot/w/80208?year=2012&price_id=14650465
[2026-03-16 13:46:40]  [1710/2545] [!] 데이터 없음: https://www.vivino.com/en/penfolds-bin-51-riesling/w/24057?year=2012&price_id=30195054
[2026-03-16 13:46:40] --- 중간 저장: 누적 1458건 ---
[2026-03-16 13:46:46]  [1711/2545] [!] 데이터 없음: https://www.vivino.com/en/weinbau-uwe-schiefer-cuvee-selection-schwander/w/1218951?year=2018&price_id=40534154
[2026-03-16 13:46:46]  [1712/2545] [!] 데이터 없음: https://www.vivino.com/en/porta-sauvignon-blanc/w/1139517?year=2006&price_id=2895193
[2026-03-16 13:46:46]  [1713/2545] [!] 데이터 없음: https://www.vivino.com/en/warres-king-s-tawny-port/w/1153717?price_id=8524766
[2026-03-16 13:46:46]  [1715/2545] [!] 데이터 없음: https://www.vivino.com/en/beringer-california-white-zinfandel/w/1141109?year=2006&price_id=2754682
[2026-03-16 13:46:46]  [1714/2545] [!] 데이터 없음: https://www.vivino.com/en/banfi-belnero-proprietor-s-reserve/w/22902?year=2017&price_id=36485507
[2026-03-16 13:46:46]  [1716/2545] [!] 데이터 없음: https://www.vivino.com/en/i-gadi-valpolicella-classico/w/19503?year=2020&price_id=36485623
[2026-03-16 13:46:46]  [1717/2545] [!] 데이터 없음: https://www.vivino.com/en/planeta-burdese/w/4998?year=2016&price_id=36485543
[2026-03-16 13:46:46]  [1718/2545] [!] 데이터 없음: https://www.vivino.com/en/domaine-tempier-bandol-cuvee-la-tourtine/w/1150758?year=2022&price_id=40462521
[2026-03-16 13:46:46]  [1719/2545] [!] 데이터 없음: https://www.vivino.com/en/santa-rita-medalla-real-gran-reserva-carmenere/w/1258729?year=2009&price_id=2754269
[2026-03-16 13:46:46]  [1720/2545] [!] 데이터 없음: https://www.vivino.com/en/stellenzicht-merlot-golden-triangle/w/2158975?year=2005&price_id=2804789
[2026-03-16 13:46:46]  [1721/2545] [!] 데이터 없음: https://www.vivino.com/en/chalk-hill-chalk-hill-cabernet-sauvignon/w/2046970?year=2010&price_id=13222230
[2026-03-16 13:46:46]  [1722/2545] [!] 데이터 없음: https://www.vivino.com/en/jean-foillard-morgon/w/1214580?year=2023&price_id=38775521
[2026-03-16 13:46:47]  [1726/2545] [!] 데이터 없음: https://www.vivino.com/en/paulus-la-rioja-reserva-seleccion-especial-rioja/w/2248665?year=2003&price_id=2895037
[2026-03-16 13:46:47]  [1723/2545] [!] 데이터 없음: https://www.vivino.com/en/chryseia-post-scriptum-de-chryseia-douro/w/1290538?year=2009&price_id=14650458
[2026-03-16 13:46:47]  [1724/2545] [!] 데이터 없음: https://www.vivino.com/en/ferrari-perle-nero-riserva/w/4977?year=2015&price_id=36485517
[2026-03-16 13:46:47]  [1725/2545] [!] 데이터 없음: https://www.vivino.com/en/mitchelton-cabernet-sauvignon/w/1196664?year=2004&price_id=2894880
[2026-03-16 13:46:47]  [1728/2545] [!] 데이터 없음: https://www.vivino.com/en/kopke-colheita-port/w/76372?year=1978&price_id=29932109
[2026-03-16 13:46:47]  [1729/2545] [!] 데이터 없음: https://www.vivino.com/en/prunotto-occhetti-nebbiolo-d-alba/w/61094?year=2021&price_id=36485556
[2026-03-16 13:46:47]  [1727/2545] [!] 데이터 없음: https://www.vivino.com/en/bests-bin-no-0-shiraz/w/1238744?year=2003&price_id=2895326
[2026-03-16 13:46:47]  [1730/2545] [!] 데이터 없음: https://www.vivino.com/en/bernhard-ott-ried-spiegel-donauland/w/92160?year=2023&price_id=39820585
[2026-03-16 13:46:47]  [1731/2545] [!] 데이터 없음: https://www.vivino.com/en/st-michael-eppan-muller-thurgau/w/10087?year=2012&price_id=36485666
[2026-03-16 13:46:47]  [1732/2545] [!] 데이터 없음: https://www.vivino.com/en/chateau-vartely-merlot-sec/w/2093920?year=2009&price_id=2804745
[2026-03-16 13:46:47]  [1733/2545] [!] 데이터 없음: https://www.vivino.com/en/bodegas-marques-de-caceres-reserva-vendimia-seleccionada/w/10249?year=2004&price_id=19160029
[2026-03-16 13:46:47]  [1734/2545] [!] 데이터 없음: https://www.vivino.com/en/glaetzer-wallace-shiraz-grenache/w/79378?year=2006&price_id=14539543
[2026-03-16 13:46:47]  [1736/2545] [!] 데이터 없음: https://www.vivino.com/en/bisquertt-la-joya-reserve-carmenere/w/1202418?year=2002&price_id=14650481
[2026-03-16 13:46:47]  [1737/2545] [!] 데이터 없음: https://www.vivino.com/en/j-bouchon-mingre-assemblage-premium/w/5107652?year=2004&price_id=14550142
[2026-03-16 13:46:47]  [1735/2545] [!] 데이터 없음: https://www.vivino.com/en/nautilus-estate-the-paper-nautilus-sauvignon-blanc/w/4967287?year=2023&price_id=40826798
[2026-03-16 13:46:47]  [1738/2545] [!] 데이터 없음: https://www.vivino.com/en/domaine-weinbach-clos-des-capucins-gewurztraminer-alsace-altenbourg-cuvee-laurence/w/13585?year=2020&price_id=37843653
[2026-03-16 13:46:48]  [1739/2545] [!] 데이터 없음: https://www.vivino.com/en/carrick-wines-chardonnay-bannockburn/w/95033?year=2022&price_id=36362999
[2026-03-16 13:46:48]  [1740/2545] [!] 데이터 없음: https://www.vivino.com/en/le-petit-chat-rose/w/44964?year=2011&price_id=7944081
[2026-03-16 13:46:48] --- 중간 저장: 누적 1458건 ---
[2026-03-16 13:46:58]  [1741/2545] [!] 데이터 없음: https://www.vivino.com/en/domaine-comte-georges-de-vogue-bonnes-mares-grand-cru/w/83444?year=2018&price_id=37845853
[2026-03-16 13:46:58]  [1742/2545] [!] 데이터 없음: https://www.vivino.com/en/cloudy-bay-sauvignon-blanc/w/18978?year=2014&price_id=2754212
[2026-03-16 13:46:58]  [1743/2545] [!] 데이터 없음: https://www.vivino.com/en/bethany-steinbruch-riesling/w/1679768?year=2013&price_id=2894966
[2026-03-16 13:46:58]  [1744/2545] [!] 데이터 없음: https://www.vivino.com/en/markowitsch-alte-reben-gruner-veltliner/w/96882?year=2023&price_id=39147894
[2026-03-16 13:46:58]  [1746/2545] [!] 데이터 없음: https://www.vivino.com/en/za-protea-chenin-blanc-coastal-region/w/2714672?year=2018&price_id=19011281
[2026-03-16 13:46:58]  [1745/2545] [!] 데이터 없음: https://www.vivino.com/en/rupert-and-rothschild-vignerons-baroness-nadine/w/12437?year=2018&price_id=23138369
[2026-03-16 13:46:58]  [1747/2545] [!] 데이터 없음: https://www.vivino.com/en/kopke-fine-white-port/w/1199637?price_id=26433269
[2026-03-16 13:46:58]  [1748/2545] [!] 데이터 없음: https://www.vivino.com/en/domaine-weinbach-clos-des-capucins-pinot-blanc-alsace-reserve/w/1701263?year=2019&price_id=38459379
[2026-03-16 13:46:58]  [1749/2545] [!] 데이터 없음: https://www.vivino.com/en/kressmann-grande-reserve-saint-emilion/w/1141605?year=2008&price_id=7944201
[2026-03-16 13:46:58]  [1750/2545] [!] 데이터 없음: https://www.vivino.com/en/domeniile-alexandrion-rhein-1892-prahova-valley-reserve-pinot-noir/w/1368617?year=2013&price_id=14650471
[2026-03-16 13:46:58]  [1751/2545] [!] 데이터 없음: https://www.vivino.com/en/remy-nodin-les-eygas-cornas/w/4880756?year=2021&price_id=35717290
[2026-03-16 13:46:58]  [1752/2545] [!] 데이터 없음: https://www.vivino.com/en/kollwentz-zweigelt-leithakalk/w/8028758?year=2022&price_id=38728047
[2026-03-16 13:46:58]  [1759/2545] [!] 데이터 없음: https://www.vivino.com/en/bodega-tandem-inmacula/w/1918373?year=2013&price_id=14540737
[2026-03-16 13:46:58]  [1760/2545] [!] 데이터 없음: https://www.vivino.com/en/errazuriz-max-reserva-chardonnay/w/1994?year=2004&price_id=2895175
[2026-03-16 13:46:58]  [1753/2545] [!] 데이터 없음: https://www.vivino.com/en/paritua-twentyone-12/w/1200067?year=2021&price_id=40124770
[2026-03-16 13:46:58]  [1754/2545] [!] 데이터 없음: https://www.vivino.com/en/carrick-wines-josephine-riesling/w/95041?year=2024&price_id=39677270
[2026-03-16 13:46:58]  [1755/2545] [!] 데이터 없음: https://www.vivino.com/en/dujardin-monthelie-1er-cru-les-vignes-rondes/w/5456802?year=2022&price_id=38879601
[2026-03-16 13:46:59]  [1756/2545] [!] 데이터 없음: https://www.vivino.com/en/joseph-pascal-volnay/w/2354503?year=2023&price_id=40532761
[2026-03-16 13:46:59]  [1757/2545] [!] 데이터 없음: https://www.vivino.com/en/vina-aquitania-lazuli-cabernet-sauvignon/w/1399213?year=2005&price_id=2895162
[2026-03-16 13:46:59]  [1758/2545] [!] 데이터 없음: https://www.vivino.com/en/tenuta-san-guido-sassicaia/w/5078?year=2021&price_id=37843624
[2026-03-16 13:46:59]  [1761/2545] [!] 데이터 없음: https://www.vivino.com/en/egon-muller-scharzhof-riesling-scharzhof/w/86690?year=2023&price_id=37843875
[2026-03-16 13:46:59]  [1762/2545] [!] 데이터 없음: https://www.vivino.com/en/errazuriz-max-reserva-sauvignon-blanc/w/1240932?year=2017&price_id=17957523
[2026-03-16 13:46:59]  [1763/2545] [!] 데이터 없음: https://www.vivino.com/en/st-michael-eppan-sanct-valentin-pinot-grigio/w/10108?year=2014&price_id=36485591
[2026-03-16 13:46:59]  [1764/2545] [!] 데이터 없음: https://www.vivino.com/en/weingut-knoll-loibner-riesling-federspiel/w/1102995?year=2024&price_id=38867221
[2026-03-16 13:46:59]  [1765/2545] [!] 데이터 없음: https://www.vivino.com/en/st-michael-eppan-lagrein/w/1205870?year=2023&price_id=37946304
[2026-03-16 13:46:59]  [1766/2545] [!] 데이터 없음: https://www.vivino.com/en/michele-chiarlo-faset-barbaresco/w/5420715?year=2014&price_id=28361046
[2026-03-16 13:46:59]  [1767/2545] [!] 데이터 없음: https://www.vivino.com/en/hans-herzog-hans-family-estate-sauvignon-blanc-grande-duchesse/w/5412289?year=2020&price_id=39677272
[2026-03-16 13:46:59]  [1768/2545] [!] 데이터 없음: https://www.vivino.com/en/beelgara-winery-coonawarra-cabernet-sauvignon/w/1526639?year=2003&price_id=2873649
[2026-03-16 13:46:59]  [1769/2545] [!] 데이터 없음: https://www.vivino.com/en/badger-mountain-merlot-n-s-a-organic/w/2236535?year=2012&price_id=2804620
[2026-03-16 13:46:59]  [1770/2545] [!] 데이터 없음: https://www.vivino.com/en/viu-manent-secreto-pinot-noir/w/1126936?year=2013&price_id=14540668
[2026-03-16 13:47:00] --- 중간 저장: 누적 1458건 ---
[2026-03-16 13:47:08]  [1771/2545] [!] 데이터 없음: https://www.vivino.com/en/grand-esprit-la-mysteriale-chateauneuf-du-pape/w/6202556?year=2016&price_id=22366943
[2026-03-16 13:47:08]  [1772/2545] [!] 데이터 없음: https://www.vivino.com/en/pignier-trousseau-cotes-du-jura/w/1209690?year=2023&price_id=38189714
[2026-03-16 13:47:08]  [1773/2545] [!] 데이터 없음: https://www.vivino.com/en/thymiopoulos-naoussa-alta/w/6311994?year=2022&price_id=38774118
[2026-03-16 13:47:08]  [1774/2545] [!] 데이터 없음: https://www.vivino.com/en/nz-huia-vineyards-blanc-de-blancs/w/1117201?year=2019&price_id=39388056
[2026-03-16 13:47:08]  [1775/2545] [!] 데이터 없음: https://www.vivino.com/en/chateau-guiraud-le-g-de-guiraud-bordeaux-blanc-sec/w/1173607?year=2023&price_id=39224383
[2026-03-16 13:47:08]  [1776/2545] [!] 데이터 없음: https://www.vivino.com/en/el-emperador-cabernet-sauvignon-premium/w/2386766?year=2006&price_id=2873801
[2026-03-16 13:47:08]  [1777/2545] [!] 데이터 없음: https://www.vivino.com/en/gancia-pinot-grigio-delle-venezie/w/8953002?year=2005&price_id=37018566
[2026-03-16 13:47:08]  [1778/2545] [!] 데이터 없음: https://www.vivino.com/en/gato-negro-merlot/w/5951?year=2004&price_id=15275961
[2026-03-16 13:47:08]  [1779/2545] [!] 데이터 없음: https://www.vivino.com/en/it-monte-rossa-p-r-brut/w/1377468?price_id=3973211
[2026-03-16 13:47:08]  [1780/2545] [!] 데이터 없음: https://www.vivino.com/en/domaine-a-f-gros-vosne-romanee-maizieres/w/1100242?year=2023&price_id=40825914
[2026-03-16 13:47:08]  [1781/2545] [!] 데이터 없음: https://www.vivino.com/en/joseph-pascal-puligny-montrachet-blanc/w/3979819?year=2023&price_id=39375456
[2026-03-16 13:47:08]  [1782/2545] [!] 데이터 없음: https://www.vivino.com/en/royal-oporto-vintage-port/w/81161?year=2005&price_id=22322649
[2026-03-16 13:47:09]  [1784/2545] [!] 데이터 없음: https://www.vivino.com/en/weingut-knoll-ried-kreutles-loibner-gruner-veltliner-smaragd/w/1102931?year=2022&price_id=40814050
[2026-03-16 13:47:09]  [1783/2545] [!] 데이터 없음: https://www.vivino.com/en/maculan-torcolato/w/81726?year=2018&price_id=36736909
[2026-03-16 13:47:09]  [1785/2545] [!] 데이터 없음: https://www.vivino.com/en/porto-cruz-ruby-port/w/1779582?price_id=38979663
[2026-03-16 13:47:09]  [1786/2545] [!] 데이터 없음: https://www.vivino.com/en/toasted-head-chardonnay/w/1138765?year=2002&price_id=2895035
[2026-03-16 13:47:09]  [1788/2545] [!] 데이터 없음: https://www.vivino.com/en/sa-prum-graacher-himmelreich-riesling-spatlese/w/88365?year=2022&price_id=37843889
[2026-03-16 13:47:09]  [1787/2545] [!] 데이터 없음: https://www.vivino.com/en/chateau-clarke-listrac-medoc/w/1148646?year=1990&price_id=38183104
[2026-03-16 13:47:09]  [1789/2545] [!] 데이터 없음: https://www.vivino.com/en/di-majo-norante-don-luigi-riserva/w/1194843?year=2019&price_id=38554975
[2026-03-16 13:47:09]  [1790/2545] [!] 데이터 없음: https://www.vivino.com/en/felton-road-macmuir-pinot-noir/w/10746241?year=2024&price_id=39388054
[2026-03-16 13:47:09]  [1791/2545] [!] 데이터 없음: https://www.vivino.com/en/little-beauty-sauvignon-blanc/w/1758778?year=2013&price_id=15466425
[2026-03-16 13:47:09]  [1792/2545] [!] 데이터 없음: https://www.vivino.com/en/valli-bannockburn-vineyard-pinot-noir/w/86089?year=2023&price_id=39388043
[2026-03-16 13:47:09]  [1793/2545] [!] 데이터 없음: https://www.vivino.com/en/peter-mertes-platinum-riesling/w/1148807?year=2016&price_id=14650490
[2026-03-16 13:47:09]  [1794/2545] [!] 데이터 없음: https://www.vivino.com/en/oller-del-mas-bernat-oller/w/1143677?year=2008&price_id=14650478
[2026-03-16 13:47:09]  [1795/2545] [!] 데이터 없음: https://www.vivino.com/en/jacob-s-creek-chardonnay/w/2706?year=2017&price_id=16375730
[2026-03-16 13:47:09]  [1798/2545] [!] 데이터 없음: https://www.vivino.com/en/erbaluna-vigna-rocche-barolo/w/1177136?year=2003&price_id=2894967
[2026-03-16 13:47:09]  [1799/2545] [!] 데이터 없음: https://www.vivino.com/en/graci-arcuria-etna-bianco/w/2486745?year=2016&price_id=19070158
[2026-03-16 13:47:10]  [1796/2545] [!] 데이터 없음: https://www.vivino.com/en/von-winning-sauvignon-blanc-500/w/2041250?year=2022&price_id=40908358
[2026-03-16 13:47:10]  [1797/2545] [!] 데이터 없음: https://www.vivino.com/en/alain-graillot-crozes-hermitage-rouge/w/1708022?year=2023&price_id=40532725
[2026-03-16 13:47:10]  [1800/2545] [!] 데이터 없음: https://www.vivino.com/en/bonneau-du-martray-corton-charlemagne-grand-cru/w/82779?year=2010&price_id=40828597
[2026-03-16 13:47:10] --- 중간 저장: 누적 1458건 ---
[2026-03-16 13:47:19]  [1801/2545] [!] 데이터 없음: https://www.vivino.com/en/barranco-oscuro-el-pino-rojo/w/1660603?year=2022&price_id=38505554
[2026-03-16 13:47:19]  [1802/2545] [!] 데이터 없음: https://www.vivino.com/en/domaine-francois-villard-saint-joseph-poivre-et-sol/w/1178083?year=2022&price_id=39190043
[2026-03-16 13:47:19]  [1803/2545] [!] 데이터 없음: https://www.vivino.com/en/domaine-roger-belland-criots-batard-montrachet-grand-cru/w/98163?year=2018&price_id=33035207
[2026-03-16 13:47:19]  [1804/2545] [!] 데이터 없음: https://www.vivino.com/en/chateau-musar-rouge-gaston-hochar/w/75190?year=2018&price_id=38662721
[2026-03-16 13:47:19]  [1805/2545] [!] 데이터 없음: https://www.vivino.com/en/olivier-pithon-mon-p-tit-pithon-blanc/w/2249336?year=2023&price_id=38520530
[2026-03-16 13:47:19]  [1806/2545] [!] 데이터 없음: https://www.vivino.com/en/paul-jaboulet-aine-parallele-45-cotes-du-rhone-rouge-bio/w/1838039?year=1945&price_id=7944209
[2026-03-16 13:47:19]  [1807/2545] [!] 데이터 없음: https://www.vivino.com/en/michele-chiarlo-barolo-cannubi/w/86573?year=2001&price_id=2895075
[2026-03-16 13:47:19]  [1808/2545] [!] 데이터 없음: https://www.vivino.com/en/joh-jos-prum-wehlener-sonnenuhr-riesling-kabinett/w/1208450?year=2023&price_id=37843606
[2026-03-16 13:47:19]  [1809/2545] [!] 데이터 없음: https://www.vivino.com/en/bisquertt-la-joya-reserve-merlot/w/1196721?year=2004&price_id=14650431
[2026-03-16 13:47:19]  [1810/2545] [!] 데이터 없음: https://www.vivino.com/en/warres-heritage-ruby-port/w/1718142?price_id=2873635
[2026-03-16 13:47:19]  [1811/2545] [!] 데이터 없음: https://www.vivino.com/en/terra-sancta-single-block-slapjack-block-pinot-noir/w/1902965?year=2021&price_id=33629527
[2026-03-16 13:47:19]  [1812/2545] [!] 데이터 없음: https://www.vivino.com/en/penfolds-koonunga-hill-shiraz/w/1992?year=2017&price_id=19327056
[2026-03-16 13:47:19]  [1815/2545] [!] 데이터 없음: https://www.vivino.com/en/domdechant-wernersches-weingut-hochheim-riesling-classic/w/1163767?year=2010&price_id=14650394
[2026-03-16 13:47:19]  [1816/2545] [!] 데이터 없음: https://www.vivino.com/en/saint-clair-family-estate-origin-sauvignon-blanc-marlborough/w/1884747?year=2013&price_id=2873865
[2026-03-16 13:47:19]  [1817/2545] [!] 데이터 없음: https://www.vivino.com/en/fr-domaine-les-aurelles-solen/w/1470329?year=2012&price_id=40390098
[2026-03-16 13:47:19]  [1821/2545] [!] 데이터 없음: https://www.vivino.com/en/beau-rivage-bordeaux-rouge/w/1165023?year=2004&price_id=7944100
[2026-03-16 13:47:19]  [1813/2545] [!] 데이터 없음: https://www.vivino.com/en/bernhard-ott-der-ott/w/92158?year=2023&price_id=37843984
[2026-03-16 13:47:19]  [1814/2545] [!] 데이터 없음: https://www.vivino.com/en/robert-mondavi-winery-twin-oaks-zinfandel/w/1145414?year=2004&price_id=14541111
[2026-03-16 13:47:20]  [1819/2545] [!] 데이터 없음: https://www.vivino.com/en/alpha-domus-the-batten-chardonnay/w/8578270?year=2022&price_id=32444669
[2026-03-16 13:47:20]  [1818/2545] [!] 데이터 없음: https://www.vivino.com/en/jean-charles-kieffer-pinot-blanc/w/2528098?year=2024&price_id=40601459
[2026-03-16 13:47:20]  [1820/2545] [!] 데이터 없음: https://www.vivino.com/en/fr-les-heritiers-du-comte-lafon-pouilly-fuisse/w/5798955?year=2023&price_id=38406530
[2026-03-16 13:47:20]  [1822/2545] [!] 데이터 없음: https://www.vivino.com/en/penfolds-bin-8-cabernet-shiraz/w/1251?year=2003&price_id=14540977
[2026-03-16 13:47:20]  [1823/2545] [!] 데이터 없음: https://www.vivino.com/en/elena-walch-sauvignon-selezione/w/1294074?year=2022&price_id=36485576
[2026-03-16 13:47:20]  [1824/2545] [!] 데이터 없음: https://www.vivino.com/en/san-marzano-naca-bio/w/4261473?year=2024&price_id=40368774
[2026-03-16 13:47:20]  [1825/2545] [!] 데이터 없음: https://www.vivino.com/en/chateau-montus-madiran/w/86847?year=2011&price_id=15786330
[2026-03-16 13:47:20]  [1826/2545] [!] 데이터 없음: https://www.vivino.com/en/roque-pic-saint-loup/w/1176616?year=2024&price_id=40577445
[2026-03-16 13:47:20]  [1827/2545] [!] 데이터 없음: https://www.vivino.com/en/ogier-chateauneuf-du-pape-cuvee-de-la-reine-jeanne/w/1188970?year=2005&price_id=14549957
[2026-03-16 13:47:20]  [1828/2545] [!] 데이터 없음: https://www.vivino.com/en/fr-domaine-les-aurelles-solen/w/1470329?year=2017&price_id=35429543
[2026-03-16 13:47:20]  [1829/2545] [!] 데이터 없음: https://www.vivino.com/en/casale-del-giglio-mater-matuta-lazio-rosso/w/1640916?year=2015&price_id=21280994
[2026-03-16 13:47:20]  [1830/2545] [!] 데이터 없음: https://www.vivino.com/en/wente-family-vineyards-beyer-ranch-zinfandel/w/1142062?year=2002&price_id=2895113
[2026-03-16 13:47:21] --- 중간 저장: 누적 1458건 ---
[2026-03-16 13:47:29]  [1831/2545] [!] 데이터 없음: https://www.vivino.com/en/montalbera-il-fondatore-ruche-di-castagnole-monferrato-riserva/w/12612557?year=2023&price_id=40761961
[2026-03-16 13:47:29]  [1832/2545] [!] 데이터 없음: https://www.vivino.com/en/shaw-smith-shiraz/w/31574?year=2005&price_id=2754401
[2026-03-16 13:47:29]  [1833/2545] [!] 데이터 없음: https://www.vivino.com/en/planeta-cometa/w/4985?year=2022&price_id=38541997
[2026-03-16 13:47:29]  [1834/2545] [!] 데이터 없음: https://www.vivino.com/en/mt-rosa-pinot-blanc/w/1914961?year=2024&price_id=38793440
[2026-03-16 13:47:29]  [1835/2545] [!] 데이터 없음: https://www.vivino.com/en/bellene-hommage-a-francoise-potel-vieilles-vignes-beaune-premier-cru/w/9060379?year=2020&price_id=33035116
[2026-03-16 13:47:29]  [1837/2545] [!] 데이터 없음: https://www.vivino.com/en/mount-edward-morrison-vineyard-pinot-noir/w/5014272?year=2021&price_id=37245607
[2026-03-16 13:47:29]  [1836/2545] [!] 데이터 없음: https://www.vivino.com/en/joh-jos-prum-graacher-himmelreich-riesling-auslese/w/68354?year=2023&price_id=37843609
[2026-03-16 13:47:29]  [1838/2545] [!] 데이터 없음: https://www.vivino.com/en/arnozan-reserve-des-chartrons-lussacsaint-emilion/w/2109499?year=2003&price_id=14540993
[2026-03-16 13:47:30]  [1839/2545] [!] 데이터 없음: https://www.vivino.com/en/weingut-knoll-loibner-gelber-muskateller-federspiel/w/1293504?year=2024&price_id=38867220
[2026-03-16 13:47:30]  [1840/2545] [!] 데이터 없음: https://www.vivino.com/en/azienda-agricola-conterno-fantino-barolo-sori-ginestra/w/16637?year=2018&price_id=37845846
[2026-03-16 13:47:30]  [1841/2545] [!] 데이터 없음: https://www.vivino.com/en/jaufrette-cotes-du-rhone/w/1487755?year=2021&price_id=37852836
[2026-03-16 13:47:30]  [1842/2545] [!] 데이터 없음: https://www.vivino.com/en/ernest-julio-gallo-coastal-vineyard-cabernet-sauvignon/w/2466723?year=1999&price_id=2873731
[2026-03-16 13:47:30]  [1843/2545] [!] 데이터 없음: https://www.vivino.com/en/les-grandes-serres-le-jas-des-belles-cotes-du-rhone-villages/w/1622785?year=2015&price_id=15927866
[2026-03-16 13:47:30]  [1844/2545] [!] 데이터 없음: https://www.vivino.com/en/jacob-s-creek-reserve-shiraz/w/2712?year=2005&price_id=2895027
[2026-03-16 13:47:30]  [1845/2545] [!] 데이터 없음: https://www.vivino.com/en/domaine-comte-georges-de-vogue-bonnes-mares-grand-cru/w/83444?year=2014&price_id=37845845
[2026-03-16 13:47:30]  [1846/2545] [!] 데이터 없음: https://www.vivino.com/en/terra-sancta-mysterious-diggings-pinot-gris/w/1435815?year=2025&price_id=40564081
[2026-03-16 13:47:30]  [1847/2545] [!] 데이터 없음: https://www.vivino.com/en/umathum-pinot-gris/w/86928?year=2022&price_id=37843962
[2026-03-16 13:47:30]  [1848/2545] [!] 데이터 없음: https://www.vivino.com/en/carsons-cabernet-sauvignon-shiraz/w/1158048?year=2015&price_id=14550311
[2026-03-16 13:47:30]  [1849/2545] [!] 데이터 없음: https://www.vivino.com/en/saint-clair-family-estate-godfrey-s-creek-reserve-gewurztraminer/w/1434397?year=2021&price_id=32695407
[2026-03-16 13:47:30]  [1850/2545] [!] 데이터 없음: https://www.vivino.com/en/egon-muller-scharzhof-scharzhofberger-riesling-kabinett/w/86685?year=2024&price_id=39781024
[2026-03-16 13:47:30]  [1851/2545] [!] 데이터 없음: https://www.vivino.com/en/felton-road-block-3-pinot-noir/w/88321?year=2020&price_id=33535537
[2026-03-16 13:47:30]  [1852/2545] [!] 데이터 없음: https://www.vivino.com/en/schloss-johannisberg-gelblack-riesling-trocken/w/2130558?year=2006&price_id=2804923
[2026-03-16 13:47:30]  [1853/2545] [!] 데이터 없음: https://www.vivino.com/en/felton-road-macmuir-pinot-noir/w/10746241?year=2023&price_id=36237482
[2026-03-16 13:47:30]  [1854/2545] [!] 데이터 없음: https://www.vivino.com/en/pegasus-bay-winery-sauvignon-blanc-waipara/w/12457725?year=2024&price_id=39823647
[2026-03-16 13:47:31]  [1859/2545] [!] 데이터 없음: https://www.vivino.com/en/darling-chocoholic-pinotage/w/1607165?year=2023&price_id=39875632
[2026-03-16 13:47:31]  [1855/2545] [!] 데이터 없음: https://www.vivino.com/en/argiolas-iselis-rosso/w/1173788?year=2018&price_id=36485614
[2026-03-16 13:47:31]  [1857/2545] [!] 데이터 없음: https://www.vivino.com/en/duckhorn-estate-grown-merlot/w/1128390?year=2001&price_id=2895306
[2026-03-16 13:47:31]  [1856/2545] [!] 데이터 없음: https://www.vivino.com/en/les-vins-de-vienne-remeage-blanc/w/1105959?year=2015&price_id=15786241
[2026-03-16 13:47:31]  [1858/2545] [!] 데이터 없음: https://www.vivino.com/en/bethany-old-vine-grenache/w/1252550?year=2010&price_id=2754510
[2026-03-16 13:47:31]  [1860/2545] [!] 데이터 없음: https://www.vivino.com/en/rotari-brut/w/2222658?price_id=1881284
[2026-03-16 13:47:32] --- 중간 저장: 누적 1458건 ---
[2026-03-16 13:47:41]  [1861/2545] [!] 데이터 없음: https://www.vivino.com/en/weinbau-uwe-schiefer-reihburg-blaufrankisch-r/w/1624493?year=2017&price_id=17890783
[2026-03-16 13:47:42]  [1862/2545] [!] 데이터 없음: https://www.vivino.com/en/jermann-chardonnay/w/2342369?year=2023&price_id=38728054
[2026-03-16 13:47:42]  [1863/2545] [!] 데이터 없음: https://www.vivino.com/en/chateau-clinet-ronan-by-clinet-bordeaux/w/1170219?year=2019&price_id=37931537
[2026-03-16 13:47:42]  [1864/2545] [!] 데이터 없음: https://www.vivino.com/en/paraduxx-x2-napa-valley-red-wine/w/4233855?year=2020&price_id=34188163
[2026-03-16 13:47:42]  [1865/2545] [!] 데이터 없음: https://www.vivino.com/en/chateau-de-saint-cosme-little-james-basket-press-rouge/w/1152831?price_id=32716159
[2026-03-16 13:47:42]  [1866/2545] [!] 데이터 없음: https://www.vivino.com/en/domaine-arnaud-et-sophie-vosne-romanee-les-barreaux/w/9365558?year=2020&price_id=37844097
[2026-03-16 13:47:42]  [1867/2545] [!] 데이터 없음: https://www.vivino.com/en/merryvale-vineyards-pinot-noir/w/3087?year=2001&price_id=2873650
[2026-03-16 13:47:42]  [1868/2545] [!] 데이터 없음: https://www.vivino.com/en/cloudy-bay-pinot-noir/w/18980?year=2006&price_id=2894927
[2026-03-16 13:47:42]  [1869/2545] [!] 데이터 없음: https://www.vivino.com/en/tabali-talinay-pinot-noir/w/1646332?year=2014&price_id=16741787
[2026-03-16 13:47:42]  [1870/2545] [!] 데이터 없음: https://www.vivino.com/en/chateau-de-ferrand-le-different-de-chateau-de-ferrand-saint-emilion-grand-cru/w/3158427?year=2012&price_id=10066218
[2026-03-16 13:47:42]  [1871/2545] [!] 데이터 없음: https://www.vivino.com/en/domaine-du-pelican-loire-valley-arbois-chardonnay/w/2751315?year=2022&price_id=38126619
[2026-03-16 13:47:42]  [1872/2545] [!] 데이터 없음: https://www.vivino.com/en/joh-jos-prum-wehlener-sonnenuhr-riesling-spatlese-kabinett/w/2763744?year=2021&price_id=37843993
[2026-03-16 13:47:42]  [1873/2545] [!] 데이터 없음: https://www.vivino.com/en/nederburg-estate-foundation-shiraz/w/1136995?year=2005&price_id=2895187
[2026-03-16 13:47:42]  [1877/2545] [!] 데이터 없음: https://www.vivino.com/en/rancho-zabaco-zinfandel-sonoma-heritage-vines/w/1822718?year=2001&price_id=2804781
[2026-03-16 13:47:42]  [1883/2545] [!] 데이터 없음: https://www.vivino.com/en/chateau-leoville-las-cases-saint-julien-grand-cru-classe/w/81848?year=2010&price_id=37843931
[2026-03-16 13:47:42]  [1874/2545] [!] 데이터 없음: https://www.vivino.com/en/stephane-montez-fortis-cote-rotie-cote-rotie/w/1915928?year=2022&price_id=37430511
[2026-03-16 13:47:43]  [1875/2545] [!] 데이터 없음: https://www.vivino.com/en/argyle-minus-five-riesling/w/6417?year=2007&price_id=14650427
[2026-03-16 13:47:43]  [1876/2545] [!] 데이터 없음: https://www.vivino.com/en/alto-wine-estate-shiraz/w/23063?year=2013&price_id=8024977
[2026-03-16 13:47:43]  [1879/2545] [!] 데이터 없음: https://www.vivino.com/en/lan-crianza-rioja/w/88830?year=2012&price_id=13611988
[2026-03-16 13:47:43]  [1878/2545] [!] 데이터 없음: https://www.vivino.com/en/a-et-p-de-villaine-la-fortune-bourgogne-cote-chalonnaise/w/80282?year=2023&price_id=38344191
[2026-03-16 13:47:43]  [1880/2545] [!] 데이터 없음: https://www.vivino.com/en/st-michael-eppan-sanct-valentin-sauvignon/w/1644452?year=2016&price_id=36485637
[2026-03-16 13:47:43]  [1882/2545] [!] 데이터 없음: https://www.vivino.com/en/gibbston-valley-rose/w/2118176?year=2023&price_id=37021352
[2026-03-16 13:47:43]  [1881/2545] [!] 데이터 없음: https://www.vivino.com/en/bernhard-ott-qvevre/w/1363586?year=2023&price_id=39820584
[2026-03-16 13:47:43]  [1884/2545] [!] 데이터 없음: https://www.vivino.com/en/rockburn-pinot-noir/w/1674467?year=2023&price_id=36463758
[2026-03-16 13:47:43]  [1887/2545] [!] 데이터 없음: https://www.vivino.com/en/smith-sheth-cru-heretaunga-chardonnay/w/6306317?year=2023&price_id=39025590
[2026-03-16 13:47:43]  [1885/2545] [!] 데이터 없음: https://www.vivino.com/en/skyside-claret/w/8475?year=2005&price_id=2804642
[2026-03-16 13:47:43]  [1886/2545] [!] 데이터 없음: https://www.vivino.com/en/mascarello-giuseppe-e-figlio-barolo-monprivato/w/1274818?year=2009&price_id=14539419
[2026-03-16 13:47:43]  [1888/2545] [!] 데이터 없음: https://www.vivino.com/en/clos-culombu-storia-di-ecce-fructus/w/8021972?year=2022&price_id=38520532
[2026-03-16 13:47:43]  [1889/2545] [!] 데이터 없음: https://www.vivino.com/en/domaine-de-la-vougeraie-gevrey-chambertin/w/1224393?year=2022&price_id=38600275
[2026-03-16 13:47:43]  [1890/2545] [!] 데이터 없음: https://www.vivino.com/en/warres-otima-20-year-old-tawny-port/w/1180439?price_id=22111845
[2026-03-16 13:47:44] --- 중간 저장: 누적 1458건 ---
[2026-03-16 13:47:50]  [1891/2545] [!] 데이터 없음: https://www.vivino.com/en/it-monte-rossa-sanseve-saten-brut/w/1401176?price_id=1914044
[2026-03-16 13:47:50]  [1892/2545] [!] 데이터 없음: https://www.vivino.com/en/two-paddocks-picnic-riesling/w/1574803?year=2024&price_id=39025591
[2026-03-16 13:47:50]  [1893/2545] [!] 데이터 없음: https://www.vivino.com/en/donnhoff-felsenberg-gg/w/1658423?year=2021&price_id=37843742
[2026-03-16 13:47:50]  [1894/2545] [!] 데이터 없음: https://www.vivino.com/en/quartz-reef-pinot-gris/w/1259465?year=2023&price_id=35848277
[2026-03-16 13:47:50]  [1895/2545] [!] 데이터 없음: https://www.vivino.com/en/alpha-domus-the-barnstormer-syrah/w/2388473?year=2022&price_id=37940077
[2026-03-16 13:47:50]  [1896/2545] [!] 데이터 없음: https://www.vivino.com/en/chateau-poujeaux-moulis-en-medoc/w/86373?year=1998&price_id=37844031
[2026-03-16 13:47:50]  [1897/2545] [!] 데이터 없음: https://www.vivino.com/en/terra-sancta-single-block-slapjack-block-pinot-noir/w/1902965?year=2022&price_id=38617069
[2026-03-16 13:47:50]  [1898/2545] [!] 데이터 없음: https://www.vivino.com/en/ruffino-riserva-ducale-chianti-classico/w/1137925?year=2004&price_id=2804731
[2026-03-16 13:47:50]  [1899/2545] [!] 데이터 없음: https://www.vivino.com/en/livio-felluga-refosco-dal-peduncolo-rosso/w/15089?year=2019&price_id=36485531
[2026-03-16 13:47:50]  [1900/2545] [!] 데이터 없음: https://www.vivino.com/en/powers-winery-syrah/w/1992179?year=2010&price_id=2894888
[2026-03-16 13:47:50]  [1901/2545] [!] 데이터 없음: https://www.vivino.com/en/rippon-gewurztraminer/w/2263454?year=2023&price_id=38793441
[2026-03-16 13:47:50]  [1902/2545] [!] 데이터 없음: https://www.vivino.com/en/penfolds-bin-311-chardonnay/w/1249?year=2015&price_id=30195053
[2026-03-16 13:47:51]  [1903/2545] [!] 데이터 없음: https://www.vivino.com/en/rivera-castel-del-monte-rose/w/2481154?year=2015&price_id=24742569
[2026-03-16 13:47:51]  [1904/2545] [!] 데이터 없음: https://www.vivino.com/en/man-o-war-gravestone/w/1125557?year=2019&price_id=32705940
[2026-03-16 13:47:51]  [1905/2545] [!] 데이터 없음: https://www.vivino.com/en/chateau-purcari-eighteen-twentyseven-pinot-noir-de-purcari/w/54504?year=2012&price_id=10352034
[2026-03-16 13:47:51]  [1906/2545] [!] 데이터 없음: https://www.vivino.com/en/hans-herzog-hans-family-estate-viognier/w/1846408?year=2021&price_id=38617042
[2026-03-16 13:47:51]  [1907/2545] [!] 데이터 없음: https://www.vivino.com/en/san-pedro-central-valley-castillo-de-molina-gran-reserva-cabernet-sauvignon-cachapoal/w/1216721?year=2005&price_id=15291833
[2026-03-16 13:47:51]  [1908/2545] [!] 데이터 없음: https://www.vivino.com/en/von-winning-sauvignon-blanc-ii/w/2412168?year=2015&price_id=14541866
[2026-03-16 13:47:51]  [1909/2545] [!] 데이터 없음: https://www.vivino.com/en/paraduxx-candlestick-napa-valley-red-wine/w/5047640?year=2021&price_id=37388181
[2026-03-16 13:47:51]  [1911/2545] [!] 데이터 없음: https://www.vivino.com/en/jidvei-traditional-feteasca-regala-demisec/w/54414?year=2012&price_id=14650507
[2026-03-16 13:47:51]  [1910/2545] [!] 데이터 없음: https://www.vivino.com/en/citation-pinot-noir/w/1626287?year=2000&price_id=14650391
[2026-03-16 13:47:51]  [1912/2545] [!] 데이터 없음: https://www.vivino.com/en/weingut-knoll-ried-schutt-durnsteiner-riesling-smaragd/w/1102933?year=2024&price_id=39978500
[2026-03-16 13:47:51]  [1913/2545] [!] 데이터 없음: https://www.vivino.com/en/montes-purple-angel/w/71274?year=2006&price_id=3202460
[2026-03-16 13:47:51]  [1914/2545] [!] 데이터 없음: https://www.vivino.com/en/starmont-merlot/w/1949854?year=2002&price_id=2895127
[2026-03-16 13:47:51]  [1919/2545] [!] 데이터 없음: https://www.vivino.com/en/weninger-horitschoner-blaufrankisch/w/1583942?year=2019&price_id=35011845
[2026-03-16 13:47:51]  [1920/2545] [!] 데이터 없음: https://www.vivino.com/en/erwin-sabathi-sauvignon-blanc-steirische-klassik/w/90050?year=2024&price_id=39619306
[2026-03-16 13:47:51]  [1915/2545] [!] 데이터 없음: https://www.vivino.com/en/ippolito-mabilia-ciro-rose/w/1609408?year=2017&price_id=19042801
[2026-03-16 13:47:52]  [1916/2545] [!] 데이터 없음: https://www.vivino.com/en/coal-pit-proprietor-s-reserve-sauvignon-blanc/w/7201364?year=2023&price_id=36363007
[2026-03-16 13:47:52]  [1917/2545] [!] 데이터 없음: https://www.vivino.com/en/domaine-martin-clerc-condrieu-cote-bellay/w/6861176?year=2020&price_id=40127138
[2026-03-16 13:47:52]  [1918/2545] [!] 데이터 없음: https://www.vivino.com/en/greystone-organic-chardonnay-waipara/w/2105666?year=2023&price_id=38793444
[2026-03-16 13:47:52] --- 중간 저장: 누적 1458건 ---
[2026-03-16 13:48:02]  [1922/2545] [!] 데이터 없음: https://www.vivino.com/en/domeniile-alexandrion-rhein-1892-special-reserve-feteasca-regala/w/20898?year=2012&price_id=14650385
[2026-03-16 13:48:02]  [1923/2545] [!] 데이터 없음: https://www.vivino.com/en/torcalvano-gracciano-chianti/w/1301231?year=2015&price_id=18069291
[2026-03-16 13:48:02]  [1931/2545] [!] 데이터 없음: https://www.vivino.com/en/au-brokenwood-graveyard-vineyard-shiraz/w/1867807?year=2004&price_id=2754328
[2026-03-16 13:48:03]  [1921/2545] [!] 데이터 없음: https://www.vivino.com/en/markowitsch-rubin-carnuntum/w/96893?year=2024&price_id=40929069
[2026-03-16 13:48:03]  [1927/2545] [!] 데이터 없음: https://www.vivino.com/en/vina-maipo-vitral-reserva-sauvignon-blanc/w/68074?year=2015&price_id=8239067
[2026-03-16 13:48:03]  [1928/2545] [!] 데이터 없음: https://www.vivino.com/en/nederburg-estate-pinotage-coastal-region-red-wine/w/9520778?year=2003&price_id=34199511
[2026-03-16 13:48:03]  [1924/2545] [!] 데이터 없음: https://www.vivino.com/en/badia-a-coltibuono-chianti-classico/w/6279?year=2006&price_id=14541483
[2026-03-16 13:48:03]  [1926/2545] [!] 데이터 없음: https://www.vivino.com/en/argiano-solengo/w/2887?year=2018&price_id=37843744
[2026-03-16 13:48:03]  [1929/2545] [!] 데이터 없음: https://www.vivino.com/en/gibbston-valley-reserve-pinot-noir/w/1656652?year=2005&price_id=2895072
[2026-03-16 13:48:03]  [1932/2545] [!] 데이터 없음: https://www.vivino.com/en/badger-mountain-cabernet-sauvignon-n-s-a-organic/w/1128149?year=2011&price_id=2894952
[2026-03-16 13:48:03]  [1925/2545] [!] 데이터 없음: https://www.vivino.com/en/weingut-richard-ostreicher-augustbaum-silvaner/w/5998503?year=2023&price_id=40838507
[2026-03-16 13:48:04]  [1934/2545] [!] 데이터 없음: https://www.vivino.com/en/saint-clair-family-estate-pioneer-block-12-lone-gum-gewurztraminer/w/1100189?year=2024&price_id=39388062
[2026-03-16 13:48:04]  [1930/2545] [!] 데이터 없음: https://www.vivino.com/en/kalleske-old-vine-grenache/w/16368?year=2007&price_id=2754423
[2026-03-16 13:48:04]  [1933/2545] [!] 데이터 없음: https://www.vivino.com/en/chateau-d-yquem-y/w/1507801?year=1985&price_id=38161870
[2026-03-16 13:48:04]  [1935/2545] [!] 데이터 없음: https://www.vivino.com/en/pignier-vin-jaune-cotes-du-jura/w/2562364?year=2016&price_id=38189702
[2026-03-16 13:48:04]  [1937/2545] [!] 데이터 없음: https://www.vivino.com/en/bodegas-ximenez-spinola-original-exceptional-harvest/w/1186766?year=2023&price_id=38047598
[2026-03-16 13:48:04]  [1945/2545] [!] 데이터 없음: https://www.vivino.com/en/egon-muller-scharzhof-scharzhofberger-riesling-spatlese/w/86686?year=2022&price_id=37844011
[2026-03-16 13:48:04]  [1938/2545] [!] 데이터 없음: https://www.vivino.com/en/michel-redde-et-fils-barre-a-mine-blanc-fume-de-pouilly/w/4561282?year=2022&price_id=38558279
[2026-03-16 13:48:04]  [1939/2545] [!] 데이터 없음: https://www.vivino.com/en/fonterutoli-chianti-classico/w/1130130?year=2013&price_id=14541204
[2026-03-16 13:48:04]  [1942/2545] [!] 데이터 없음: https://www.vivino.com/en/hans-herzog-hans-family-estate-pinot-noir/w/1185899?year=2021&price_id=39663839
[2026-03-16 13:48:04]  [1943/2545] [!] 데이터 없음: https://www.vivino.com/en/abtei-himmerod-feinherb-riesling/w/1270826?year=2014&price_id=10084564
[2026-03-16 13:48:04]  [1940/2545] [!] 데이터 없음: https://www.vivino.com/en/doctors-flat-pinot-noir/w/1234367?year=2021&price_id=39096608
[2026-03-16 13:48:04]  [1941/2545] [!] 데이터 없음: https://www.vivino.com/en/markowitsch-chardonnay/w/96879?year=2025&price_id=40929064
[2026-03-16 13:48:04]  [1936/2545] [!] 데이터 없음: https://www.vivino.com/en/salentein-primus-pinot-noir-primum/w/10000?year=2004&price_id=2895054
[2026-03-16 13:48:04]  [1946/2545] [!] 데이터 없음: https://www.vivino.com/en/sterling-vineyards-napa-valley-cabernet-sauvignon-napa-valley/w/1125332?year=2014&price_id=14539447
[2026-03-16 13:48:05]  [1947/2545] [!] 데이터 없음: https://www.vivino.com/en/chateau-vartely-feteasca-regala-sec-md-moldova/w/4630427?year=2011&price_id=2804943
[2026-03-16 13:48:05]  [1944/2545] [!] 데이터 없음: https://www.vivino.com/en/skyside-chardonnay/w/1689731?year=2005&price_id=14541851
[2026-03-16 13:48:05]  [1948/2545] [!] 데이터 없음: https://www.vivino.com/en/umathum-sauvignon-blanc/w/86943?year=2024&price_id=39879498
[2026-03-16 13:48:05]  [1949/2545] [!] 데이터 없음: https://www.vivino.com/en/mt-rosa-pinot-gris/w/2372305?year=2024&price_id=39388055
[2026-03-16 13:48:05]  [1950/2545] [!] 데이터 없음: https://www.vivino.com/en/es-gonzalez-byass-elegante-sweet-cream/w/5463411?price_id=14550123
[2026-03-16 13:48:06] --- 중간 저장: 누적 1458건 ---
[2026-03-16 13:48:16]  [1951/2545] [!] 데이터 없음: https://www.vivino.com/en/prunotto-barolo-bussia/w/61064?year=2020&price_id=37819523
[2026-03-16 13:48:16]  [1953/2545] [!] 데이터 없음: https://www.vivino.com/en/out-of-africa-pinotage-western-cape/w/1146768?year=2009&price_id=2804561
[2026-03-16 13:48:16]  [1952/2545] [!] 데이터 없음: https://www.vivino.com/en/aldo-conterno-barbera-d-alba-conca-tre-pile/w/75324?year=2008&price_id=10084550
[2026-03-16 13:48:16]  [1954/2545] [!] 데이터 없음: https://www.vivino.com/en/frus-bianco/w/6560191?year=2016&price_id=23020585
[2026-03-16 13:48:16]  [1955/2545] [!] 데이터 없음: https://www.vivino.com/en/wolf-blass-gold-label-coonawarra-cabernet-sauvignon/w/1130912?year=2015&price_id=15541977
[2026-03-16 13:48:16]  [1957/2545] [!] 데이터 없음: https://www.vivino.com/en/f-x-pichler-ried-steinertal-gruner-veltliner-smaragd/w/7179208?year=2022&price_id=37843844
[2026-03-16 13:48:16]  [1956/2545] [!] 데이터 없음: https://www.vivino.com/en/domeniile-alexandrion-rhein-1892-hyperion-cabernet-sauvignon/w/1307724?year=2010&price_id=14650365
[2026-03-16 13:48:16]  [1958/2545] [!] 데이터 없음: https://www.vivino.com/en/monkey-puzzle-cabernet-sauvignon/w/1163792?year=2006&price_id=14650368
[2026-03-16 13:48:16]  [1959/2545] [!] 데이터 없음: https://www.vivino.com/en/cliff-lede-vineyards-stags-leap-district-cabernet-sauvignon/w/1644035?year=2000&price_id=14550346
[2026-03-16 13:48:16]  [1960/2545] [!] 데이터 없음: https://www.vivino.com/en/alpha-domus-the-navigator/w/1112183?year=2020&price_id=39914004
[2026-03-16 13:48:16]  [1961/2545] [!] 데이터 없음: https://www.vivino.com/en/mon-cheval-lechar-pinot-noir/w/5461547?year=2017&price_id=36908481
[2026-03-16 13:48:16]  [1962/2545] [!] 데이터 없음: https://www.vivino.com/en/egon-muller-scharzhof-riesling-scharzhof/w/86690?year=2022&price_id=37843798
[2026-03-16 13:48:16]  [1963/2545] [!] 데이터 없음: https://www.vivino.com/en/rosemount-bright-fresh-semillon-sauvignon-blanc/w/67814?year=2005&price_id=14541902
[2026-03-16 13:48:16]  [1966/2545] [!] 데이터 없음: https://www.vivino.com/en/domaine-a-f-gros-richebourg-grand-cru/w/1100248?year=2020&price_id=37843717
[2026-03-16 13:48:16]  [1972/2545] [!] 데이터 없음: https://www.vivino.com/en/taylors-wakefield-st-andrews-chardonnay/w/1379553?year=2013&price_id=12760383
[2026-03-16 13:48:16]  [1964/2545] [!] 데이터 없음: https://www.vivino.com/en/bodegas-muga-seleccion-especial-reserva/w/7493?year=2020&price_id=37895668
[2026-03-16 13:48:17]  [1965/2545] [!] 데이터 없음: https://www.vivino.com/en/baron-de-ley-rosado-de-lagrima/w/8729994?year=2024&price_id=39544481
[2026-03-16 13:48:17]  [1967/2545] [!] 데이터 없음: https://www.vivino.com/en/schafer-frohlich-fruhlingsplatzchen-riesling-gg/w/4494574?year=2021&price_id=37843912
[2026-03-16 13:48:17]  [1968/2545] [!] 데이터 없음: https://www.vivino.com/en/breganon-la-reserve-cotes-de-provence-rouge/w/1129112?year=2024&price_id=39314887
[2026-03-16 13:48:17]  [1969/2545] [!] 데이터 없음: https://www.vivino.com/en/gallo-family-vineyards-sonoma-county-cabernet-sauvignon/w/38054?year=2003&price_id=14549876
[2026-03-16 13:48:17]  [1970/2545] [!] 데이터 없음: https://www.vivino.com/en/cave-de-turckheim-riesling-alsace/w/1207214?year=2003&price_id=14541460
[2026-03-16 13:48:17]  [1971/2545] [!] 데이터 없음: https://www.vivino.com/en/bodega-cauzon-iradei/w/2222029?year=2023&price_id=38505548
[2026-03-16 13:48:17]  [1977/2545] [!] 데이터 없음: https://www.vivino.com/en/weingut-josef-pockl-pinot-noir-classique/w/1495559?year=2022&price_id=41070403
[2026-03-16 13:48:17]  [1973/2545] [!] 데이터 없음: https://www.vivino.com/en/giachino-monfarina/w/1439738?year=2024&price_id=38520520
[2026-03-16 13:48:17]  [1974/2545] [!] 데이터 없음: https://www.vivino.com/en/es-vinyes-d-en-gabriel-l-heravi/w/2275233?year=2010&price_id=15270284
[2026-03-16 13:48:17]  [1975/2545] [!] 데이터 없음: https://www.vivino.com/en/terranoble-ca2-costa-carmenere/w/1274994?year=2011&price_id=2873730
[2026-03-16 13:48:17]  [1976/2545] [!] 데이터 없음: https://www.vivino.com/en/escudo-rojo-carmenere-reserva/w/2913781?year=2017&price_id=21003503
[2026-03-16 13:48:17]  [1978/2545] [!] 데이터 없음: https://www.vivino.com/en/heron-s-flight-sangiovese-reserve/w/2650491?year=2022&price_id=39677273
[2026-03-16 13:48:17]  [1979/2545] [!] 데이터 없음: https://www.vivino.com/en/champagne-billecart-salmon-brut-reserve-champagne/w/15615?price_id=3075127
[2026-03-16 13:48:17]  [1980/2545] [!] 데이터 없음: https://www.vivino.com/en/moritz-kissinger-chardonnay/w/9989015?year=2023&price_id=40838513
[2026-03-16 13:48:18] --- 중간 저장: 누적 1458건 ---
[2026-03-16 13:48:28]  [1981/2545] [!] 데이터 없음: https://www.vivino.com/en/casa-mayor-old-vines-chardonnay/w/2231146?year=2017&price_id=16730241
[2026-03-16 13:48:28]  [1982/2545] [!] 데이터 없음: https://www.vivino.com/en/vico-le-bois-du-cerf-red/w/8658022?year=2022&price_id=38520536
[2026-03-16 13:48:28]  [1983/2545] [!] 데이터 없음: https://www.vivino.com/en/peregrine-wines-central-otago-limited-pinot-gris/w/1766453?year=2025&price_id=40561252
[2026-03-16 13:48:28]  [1984/2545] [!] 데이터 없음: https://www.vivino.com/en/bodega-y-cavas-de-weinert-carrascal/w/2467?year=2000&price_id=2804820
[2026-03-16 13:48:28]  [1986/2545] [!] 데이터 없음: https://www.vivino.com/en/passage-rock-reserve-chardonnay/w/4110839?year=2019&price_id=31315733
[2026-03-16 13:48:28]  [1985/2545] [!] 데이터 없음: https://www.vivino.com/en/georges-duboeuf-prestige-moulin-a-vent/w/2055892?year=2015&price_id=27135912
[2026-03-16 13:48:28]  [1987/2545] [!] 데이터 없음: https://www.vivino.com/en/leeuwin-estate-art-series-sauvignon-blanc/w/2053013?year=2012&price_id=2894963
[2026-03-16 13:48:28]  [1988/2545] [!] 데이터 없음: https://www.vivino.com/en/callia-magna-terroir-selection-shiraz/w/1261148?year=2006&price_id=2804698
[2026-03-16 13:48:28]  [1989/2545] [!] 데이터 없음: https://www.vivino.com/en/jean-foillard-morgon-cote-du-py/w/1105335?year=2023&price_id=40577452
[2026-03-16 13:48:28]  [1990/2545] [!] 데이터 없음: https://www.vivino.com/en/aromo-barrel-selection-cabernet-sauvignon-carmenere-petit-verdot-maule-valley-red-wine/w/42194?year=2009&price_id=2873769
[2026-03-16 13:48:28]  [1991/2545] [!] 데이터 없음: https://www.vivino.com/en/bellingham-homestead-series-pinotage/w/5087615?year=2014&price_id=9901657
[2026-03-16 13:48:28]  [1992/2545] [!] 데이터 없음: https://www.vivino.com/en/cantina-tollo-cagiolo-montepulciano-d-abruzzo-riserva/w/1506003?year=2015&price_id=26506328
[2026-03-16 13:48:28]  [1996/2545] [!] 데이터 없음: https://www.vivino.com/en/velich-welschriesling/w/3102458?year=2024&price_id=40393520
[2026-03-16 13:48:29]  [1993/2545] [!] 데이터 없음: https://www.vivino.com/en/la-chablisienne-grande-cuvee-chablis-1er-cru/w/1711342?year=2003&price_id=7953588
[2026-03-16 13:48:29]  [1994/2545] [!] 데이터 없음: https://www.vivino.com/en/tenuta-regaleali-lamuri-nero-d-avola-sicilia/w/1516856?year=2014&price_id=20945507
[2026-03-16 13:48:29]  [1995/2545] [!] 데이터 없음: https://www.vivino.com/en/cest-la-vie-beaujolais-nouveau/w/1988045?year=2013&price_id=7953608
[2026-03-16 13:48:29]  [1997/2545] [!] 데이터 없음: https://www.vivino.com/en/terra-andina-carmenere-carignan-altos/w/1135903?year=2007&price_id=2754445
[2026-03-16 13:48:29]  [1998/2545] [!] 데이터 없음: https://www.vivino.com/en/valli-waitaki-vineyard-pinot-noir/w/2474333?year=2022&price_id=34771426
[2026-03-16 13:48:29]  [2000/2545] [!] 데이터 없음: https://www.vivino.com/en/luigi-bosca-malbec-mendoza-red-wine/w/2141966?year=2013&price_id=14650410
[2026-03-16 13:48:29]  [1999/2545] [!] 데이터 없음: https://www.vivino.com/en/chateau-clement-pichon-haut-medoc/w/1555890?year=1998&price_id=39993488
[2026-03-16 13:48:29]  [2001/2545] [!] 데이터 없음: https://www.vivino.com/en/mas-de-daumas-gassac-blanc/w/1772933?year=2024&price_id=38620780
[2026-03-16 13:48:29]  [2002/2545] [!] 데이터 없음: https://www.vivino.com/en/paraduxx-proprietary-red-napa-valley-red-wine-v-qdy2y/w/3960216?year=2022&price_id=40412272
[2026-03-16 13:48:29]  [2003/2545] [!] 데이터 없음: https://www.vivino.com/en/feudi-bizantini-il-rabdomante-montepulciano-d-abruzzo/w/4500470?year=2022&price_id=40301843
[2026-03-16 13:48:29]  [2004/2545] [!] 데이터 없음: https://www.vivino.com/en/henry-pelle-menetou-salon-morogues-blanc/w/1195860?year=2014&price_id=39273199
[2026-03-16 13:48:29]  [2005/2545] [!] 데이터 없음: https://www.vivino.com/en/prunotto-barbera-d-alba/w/2364791?year=2022&price_id=36485651
[2026-03-16 13:48:29]  [2006/2545] [!] 데이터 없음: https://www.vivino.com/en/gibbston-valley-diamond-pinot-noir/w/8890590?year=2024&price_id=39913998
[2026-03-16 13:48:29]  [2007/2545] [!] 데이터 없음: https://www.vivino.com/en/georges-duboeuf-beaujolais-nouveau-rose/w/1910220?year=2013&price_id=7953645
[2026-03-16 13:48:30]  [2008/2545] [!] 데이터 없음: https://www.vivino.com/en/perez-cruz-carmenere-limited-edition/w/1258079?year=2005&price_id=2804901
[2026-03-16 13:48:30]  [2009/2545] [!] 데이터 없음: https://www.vivino.com/en/chateau-clarke-le-merle-blanc-de-chateau-clarke-bordeaux-blanc/w/2140736?year=2013&price_id=2754609
[2026-03-16 13:48:30]  [2010/2545] [!] 데이터 없음: https://www.vivino.com/en/bodega-y-cavas-de-weinert-malbec/w/2472?year=1997&price_id=2895210
[2026-03-16 13:48:30] --- 중간 저장: 누적 1458건 ---
[2026-03-16 13:48:37]  [2011/2545] [!] 데이터 없음: https://www.vivino.com/en/eos-estate-winery-petite-sirah/w/1632435?year=2004&price_id=2894930
[2026-03-16 13:48:37]  [2012/2545] [!] 데이터 없음: https://www.vivino.com/en/san-marzano-il-pumo-negroamaro/w/1973766?year=2023&price_id=38546954
[2026-03-16 13:48:37]  [2014/2545] [!] 데이터 없음: https://www.vivino.com/en/crabitey-graves-rouge/w/1286327?year=2012&price_id=24742563
[2026-03-16 13:48:37]  [2013/2545] [!] 데이터 없음: https://www.vivino.com/en/winegut-karthauserhof-eitelsbacher-karthauserhofberg-riesling/w/1170888?year=2014&price_id=40825909
[2026-03-16 13:48:37]  [2015/2545] [!] 데이터 없음: https://www.vivino.com/en/hawk-crest-by-slwc-chardonnay/w/1100550?year=2007&price_id=14540944
[2026-03-16 13:48:37]  [2016/2545] [!] 데이터 없음: https://www.vivino.com/en/bernard-gripa-saint-joseph-rouge/w/1141532?year=2023&price_id=40577450
[2026-03-16 13:48:37]  [2017/2545] [!] 데이터 없음: https://www.vivino.com/en/a-et-p-de-villaine-les-saint-jacques-rully/w/80280?year=2024&price_id=41141497
[2026-03-16 13:48:37]  [2018/2545] [!] 데이터 없음: https://www.vivino.com/en/p-ferraud-and-fils-macon-villages-nouveau/w/1987947?year=2003&price_id=14539951
[2026-03-16 13:48:37]  [2019/2545] [!] 데이터 없음: https://www.vivino.com/en/bellavista-franciacorta-franciacorta-pas-opere/w/2279028?year=2012&price_id=37435927
[2026-03-16 13:48:37]  [2020/2545] [!] 데이터 없음: https://www.vivino.com/en/louis-roederer-blanc-de-blancs-brut-champagne-vintage/w/74300?year=2017&price_id=39897694
[2026-03-16 13:48:37]  [2021/2545] [!] 데이터 없음: https://www.vivino.com/en/domaine-a-f-gros-gevrey-chambertin/w/8464709?year=2021&price_id=37843695
[2026-03-16 13:48:37]  [2022/2545] [!] 데이터 없음: https://www.vivino.com/en/greywacke-kevin-judd-pinot-gris/w/1130872?year=2024&price_id=39913979
[2026-03-16 13:48:38]  [2024/2545] [!] 데이터 없음: https://www.vivino.com/en/la-buxynoise-reserve-bourgogne-pinot-noir/w/1217960?year=2004&price_id=14549992
[2026-03-16 13:48:38]  [2023/2545] [!] 데이터 없음: https://www.vivino.com/en/domaine-heritiers-louis-jadot-corton-pougets-grand-cru-rouge-corton-les-pougets/w/5958361?year=1991&price_id=38161860
[2026-03-16 13:48:38]  [2025/2545] [!] 데이터 없음: https://www.vivino.com/en/chateau-mouton-rothschild-pauillac-premier-grand-cru-classe/w/1684223?year=2002&price_id=37844035
[2026-03-16 13:48:38]  [2026/2545] [!] 데이터 없음: https://www.vivino.com/en/von-buhl-riesling-kabinett-armand/w/1403793?year=2004&price_id=2895103
[2026-03-16 13:48:38]  [2027/2545] [!] 데이터 없음: https://www.vivino.com/en/il-carmel-carmel-ridge-white-bshrtsqk-rng-q-ynq-zvryt/w/1474776?year=2012&price_id=14650464
[2026-03-16 13:48:38]  [2028/2545] [!] 데이터 없음: https://www.vivino.com/en/chateau-marojallia-chateau-marojallia-margaux/w/1900635?year=2000&price_id=4206392
[2026-03-16 13:48:38]  [2029/2545] [!] 데이터 없음: https://www.vivino.com/en/jean-bererd-domaine-de-la-madone-beaujolais-villages-nouveau-beaujolais-villages/w/1411480?year=2013&price_id=7943965
[2026-03-16 13:48:38]  [2030/2545] [!] 데이터 없음: https://www.vivino.com/en/scea-chateau-la-marzelle-saint-emilion-grand-cru-grand-cru-classe/w/1172667?year=2015&price_id=22871468
[2026-03-16 13:48:38]  [2031/2545] [!] 데이터 없음: https://www.vivino.com/en/deinhard-riesling-beerenauslese-rheinhessen/w/2298118?year=2004&price_id=13579431
[2026-03-16 13:48:38]  [2032/2545] [!] 데이터 없음: https://www.vivino.com/en/jean-buscher-rheinhessen-spatburgunder-rose/w/1610516?year=2010&price_id=14650356
[2026-03-16 13:48:38]  [2033/2545] [!] 데이터 없음: https://www.vivino.com/en/francoise-chauvenet-chablis-ha589/w/2048652?year=2019&price_id=26506377
[2026-03-16 13:48:38]  [2034/2545] [!] 데이터 없음: https://www.vivino.com/en/famille-perrin-vinsobres-vinsobres-red-wine/w/6013048?year=2022&price_id=38834139
[2026-03-16 13:48:38]  [2035/2545] [!] 데이터 없음: https://www.vivino.com/en/lunae-liguria-vermentino-etichetta-grigia-grey-label/w/1145850?year=2022&price_id=36485616
[2026-03-16 13:48:38]  [2037/2545] [!] 데이터 없음: https://www.vivino.com/en/hugel-classic-riesling-alsace/w/4417837?year=2013&price_id=15175910
[2026-03-16 13:48:38]  [2038/2545] [!] 데이터 없음: https://www.vivino.com/en/a-et-p-de-villaine-rully-1er-cru-blanc/w/12454706?year=2023&price_id=41141495
[2026-03-16 13:48:39]  [2036/2545] [!] 데이터 없음: https://www.vivino.com/en/errazuriz-max-reserva-cabernet-sauvignon/w/1990?year=2018&price_id=28411466
[2026-03-16 13:48:39]  [2039/2545] [!] 데이터 없음: https://www.vivino.com/en/markowitsch-schuttenberg-chardonnay/w/96884?year=2023&price_id=40929060
[2026-03-16 13:48:39]  [2040/2545] [!] 데이터 없음: https://www.vivino.com/en/destiny-bay-vineyards-mystae/w/1395058?year=2009&price_id=9507158
[2026-03-16 13:48:39] --- 중간 저장: 누적 1458건 ---
[2026-03-16 13:48:50]  [2041/2545] [!] 데이터 없음: https://www.vivino.com/en/domaine-chante-cigale-vieilles-vignes-chateauneuf-du-pape/w/1496099?year=2005&price_id=12836635
[2026-03-16 13:48:50]  [2042/2545] [!] 데이터 없음: https://www.vivino.com/en/louis-roederer-collection-246-champagne/w/13132837?price_id=40566212
[2026-03-16 13:48:50]  [2043/2545] [!] 데이터 없음: https://www.vivino.com/en/nautilus-estate-pinot-gris/w/1724359?year=2025&price_id=39913990
[2026-03-16 13:48:50]  [2044/2545] [!] 데이터 없음: https://www.vivino.com/en/domaine-des-beaumont-charmes-chambertin-grand-cru/w/1836162?year=2022&price_id=37852858
[2026-03-16 13:48:50]  [2045/2545] [!] 데이터 없음: https://www.vivino.com/en/ubertas-project-d-shiraz/w/7328829?year=2017&price_id=31798783
[2026-03-16 13:48:50]  [2046/2545] [!] 데이터 없음: https://www.vivino.com/en/wilhelm-bergmann-eiswein/w/1624243?year=2004&price_id=14549787
[2026-03-16 13:48:50]  [2047/2545] [!] 데이터 없음: https://www.vivino.com/en/domaine-de-chevalier-pessac-leognan-grand-cru-classe-de-graves/w/1154913?year=2008&price_id=37844092
[2026-03-16 13:48:50]  [2048/2545] [!] 데이터 없음: https://www.vivino.com/en/bernhard-ott-am-berg/w/92156?year=2024&price_id=38504435
[2026-03-16 13:48:50]  [2049/2545] [!] 데이터 없음: https://www.vivino.com/en/f-x-pichler-gruner-veltliner-ried-loibenberg-smaragd/w/7951202?year=2024&price_id=40262173
[2026-03-16 13:48:50]  [2050/2545] [!] 데이터 없음: https://www.vivino.com/en/clos-bellane-urgonien-1-14-chateauneuf-du-pape/w/5566462?year=2014&price_id=37464724
[2026-03-16 13:48:50]  [2051/2545] [!] 데이터 없음: https://www.vivino.com/en/cella-lambrusco-dell-emilia-rosso/w/1236744?price_id=2873683
[2026-03-16 13:48:50]  [2052/2545] [!] 데이터 없음: https://www.vivino.com/en/luca-laborde-double-select-syrah/w/1126551?year=2017&price_id=23660423
[2026-03-16 13:48:50]  [2053/2545] [!] 데이터 없음: https://www.vivino.com/en/venica-venica-ronco-delle-cime-friulano/w/1210531?year=2018&price_id=36485530
[2026-03-16 13:48:50]  [2054/2545] [!] 데이터 없음: https://www.vivino.com/en/casas-patronales-syrah-reserva/w/1117450?year=2013&price_id=10462349
[2026-03-16 13:48:50]  [2055/2545] [!] 데이터 없음: https://www.vivino.com/en/mills-reef-elspeth-syrah/w/1257519?year=2018&price_id=31564718
[2026-03-16 13:48:50]  [2056/2545] [!] 데이터 없음: https://www.vivino.com/en/kaiken-ultra-malbec/w/71474?year=2005&price_id=2895363
[2026-03-16 13:48:50]  [2057/2545] [!] 데이터 없음: https://www.vivino.com/en/bernhard-ott-cuvee-spectrum/w/8342991?year=2023&price_id=37843808
[2026-03-16 13:48:50]  [2058/2545] [!] 데이터 없음: https://www.vivino.com/en/hugo-casanova-carmenere-reserva/w/1178080?year=2011&price_id=2895203
[2026-03-16 13:48:50]  [2059/2545] [!] 데이터 없음: https://www.vivino.com/en/f-x-pichler-ried-kellerberg-gruner-veltliner-smaragd/w/8061131?year=2024&price_id=40262164
[2026-03-16 13:48:51]  [2060/2545] [!] 데이터 없음: https://www.vivino.com/en/domain-road-symposium/w/6991119?year=2023&price_id=36463751
[2026-03-16 13:48:51]  [2061/2545] [!] 데이터 없음: https://www.vivino.com/en/luigi-bosca-malbec-mendoza-red-wine/w/2141966?year=2014&price_id=17899600
[2026-03-16 13:48:51]  [2063/2545] [!] 데이터 없음: https://www.vivino.com/en/cooper-mountain-reserve-pinot-noir/w/1133312?year=2009&price_id=2754525
[2026-03-16 13:48:51]  [2062/2545] [!] 데이터 없음: https://www.vivino.com/en/bernard-gripa-les-pins-saint-peray/w/1242706?year=2024&price_id=40577446
[2026-03-16 13:48:51]  [2064/2545] [!] 데이터 없음: https://www.vivino.com/en/argiolas-s-elegas-nuragus-di-cagliari/w/1180743?year=2023&price_id=38461528
[2026-03-16 13:48:51]  [2066/2545] [!] 데이터 없음: https://www.vivino.com/en/paraduxx-winemakers-series/w/2145419?year=2022&price_id=38284405
[2026-03-16 13:48:51]  [2065/2545] [!] 데이터 없음: https://www.vivino.com/en/seghesio-winery-old-vine-zinfandel/w/1123564?year=2002&price_id=2895189
[2026-03-16 13:48:51]  [2067/2545] [!] 데이터 없음: https://www.vivino.com/en/torre-cenaia-cenaja-vermentino-costa-toscana/w/1755203?year=2007&price_id=2873684
[2026-03-16 13:48:51]  [2070/2545] [!] 데이터 없음: https://www.vivino.com/en/peregrine-hill-pinot-noir/w/1421857?year=2019&price_id=36237480
[2026-03-16 13:48:51]  [2068/2545] [!] 데이터 없음: https://www.vivino.com/en/egon-muller-scharzhof-riesling-le-gallais-wiltinger-braune-kupp-kabinett/w/86691?year=2022&price_id=37844022
[2026-03-16 13:48:51]  [2069/2545] [!] 데이터 없음: https://www.vivino.com/en/schloss-gobelsburg-domaene-gobelsburg-gruner-veltliner/w/20131?year=2022&price_id=35900883
[2026-03-16 13:48:52] --- 중간 저장: 누적 1458건 ---
[2026-03-16 13:49:01]  [2071/2545] [!] 데이터 없음: https://www.vivino.com/en/ruggeri-argeo-prosecco-brut/w/1641856?price_id=32785217
[2026-03-16 13:49:01]  [2072/2545] [!] 데이터 없음: https://www.vivino.com/en/san-marzano-eleven-filari-primitivo-di-manduria-dolce-naturale/w/4261210?year=2021&price_id=38554980
[2026-03-16 13:49:01]  [2073/2545] [!] 데이터 없음: https://www.vivino.com/en/armas-de-guerra-mencia/w/2054577?year=2016&price_id=17633320
[2026-03-16 13:49:01]  [2074/2545] [!] 데이터 없음: https://www.vivino.com/en/rosemount-show-reserve-chardonnay/w/1640750?year=2006&price_id=2873788
[2026-03-16 13:49:01]  [2075/2545] [!] 데이터 없음: https://www.vivino.com/en/lamberti-chardonnay/w/9213615?year=2016&price_id=23532677
[2026-03-16 13:49:01]  [2076/2545] [!] 데이터 없음: https://www.vivino.com/en/franz-hirtzberger-singerriedel-riesling-smaragd/w/12574?year=2023&price_id=37843595
[2026-03-16 13:49:01]  [2077/2545] [!] 데이터 없음: https://www.vivino.com/en/tantalus-waiheke-island-voile-reserve/w/5011633?year=2019&price_id=36363011
[2026-03-16 13:49:01]  [2078/2545] [!] 데이터 없음: https://www.vivino.com/en/pio-cesare-nebbiolo/w/22549?year=2015&price_id=20721846
[2026-03-16 13:49:01]  [2079/2545] [!] 데이터 없음: https://www.vivino.com/en/chateau-tronquoy-tronquoy-de-sainte-anne-saint-estephe/w/1204230?year=2001&price_id=7944020
[2026-03-16 13:49:01]  [2080/2545] [!] 데이터 없음: https://www.vivino.com/en/quartz-reef-pinot-noir/w/1387134?year=2022&price_id=35848276
[2026-03-16 13:49:01]  [2081/2545] [!] 데이터 없음: https://www.vivino.com/en/poliziano-lohsa-morellino-di-scansano/w/1426317?year=2019&price_id=38359927
[2026-03-16 13:49:01]  [2082/2545] [!] 데이터 없음: https://www.vivino.com/en/jean-louis-trocard-chateau-la-croix-le-coeur-du-bellevue-lalande-de-pomerol/w/2094817?year=2009&price_id=7944091
[2026-03-16 13:49:02]  [2089/2545] [!] 데이터 없음: https://www.vivino.com/en/moet-chandon-grand-vintage-brut-champagne/w/19923?year=2016&price_id=41182238
[2026-03-16 13:49:02]  [2091/2545] [!] 데이터 없음: https://www.vivino.com/en/krug-grande-cuvee/w/7122486?price_id=19505518
[2026-03-16 13:49:02]  [2083/2545] [!] 데이터 없음: https://www.vivino.com/en/markowitsch-chardonnay/w/96879?year=2022&price_id=37843780
[2026-03-16 13:49:02]  [2084/2545] [!] 데이터 없음: https://www.vivino.com/en/bellene-vieilles-vignes-saint-romain-blanc/w/1525111?year=2019&price_id=34663029
[2026-03-16 13:49:02]  [2085/2545] [!] 데이터 없음: https://www.vivino.com/en/marcel-deiss-alsace-rouge/w/1618895?year=2022&price_id=38774115
[2026-03-16 13:49:02]  [2086/2545] [!] 데이터 없음: https://www.vivino.com/en/tenuta-di-trinoro-toscana-rosso/w/1169881?year=2013&price_id=38244532
[2026-03-16 13:49:02]  [2087/2545] [!] 데이터 없음: https://www.vivino.com/en/robert-mondavi-winery-pinot-noir-los-carneros/w/2423?year=2013&price_id=14541600
[2026-03-16 13:49:02]  [2088/2545] [!] 데이터 없음: https://www.vivino.com/en/mitchelton-mitchelton-blackwood-park-estate-cabernet-sauvignon-red-wine-v-cx25g/w/1380963?year=2003&price_id=2895034
[2026-03-16 13:49:02]  [2090/2545] [!] 데이터 없음: https://www.vivino.com/en/bodega-tandem-ars-in-vitro/w/1158660?year=2011&price_id=5056588
[2026-03-16 13:49:02]  [2092/2545] [!] 데이터 없음: https://www.vivino.com/en/vasse-felix-cabernet-sauvignon/w/13828?year=2010&price_id=17623586
[2026-03-16 13:49:02]  [2093/2545] [!] 데이터 없음: https://www.vivino.com/en/oriol-rossell-xino-xano-blanco/w/1504050?year=2013&price_id=14650475
[2026-03-16 13:49:02]  [2094/2545] [!] 데이터 없음: https://www.vivino.com/en/felton-road-bannockburn-pinot-noir/w/88318?year=2018&price_id=19083773
[2026-03-16 13:49:02]  [2097/2545] [!] 데이터 없음: https://www.vivino.com/en/beaulieu-vineyard-bv-napa-valley-cabernet-sauvignon/w/1133793?year=2004&price_id=14541917
[2026-03-16 13:49:02]  [2095/2545] [!] 데이터 없음: https://www.vivino.com/en/clos-bellane-urgonien-1-14-chateauneuf-du-pape/w/5566462?year=2020&price_id=34208656
[2026-03-16 13:49:02]  [2096/2545] [!] 데이터 없음: https://www.vivino.com/en/veyder-malberg-elsarner-ried-brandstatt-riesling/w/4335665?year=2022&price_id=37843879
[2026-03-16 13:49:03]  [2098/2545] [!] 데이터 없음: https://www.vivino.com/en/domeniile-alexandrion-rhein-1892-floare-de-luna-private-reserve-feteasca-neagra/w/2375488?year=2013&price_id=14650513
[2026-03-16 13:49:03]  [2099/2545] [!] 데이터 없음: https://www.vivino.com/en/saint-clair-family-estate-pioneer-block-1-foundation-sauvignon-blanc/w/3261371?year=2023&price_id=39913994
[2026-03-16 13:49:03]  [2100/2545] [!] 데이터 없음: https://www.vivino.com/en/rosemount-blue-mountain-mudgee-shiraz-cabernet-sauvignon/w/1649686?year=2000&price_id=15275963
[2026-03-16 13:49:03] --- 중간 저장: 누적 1458건 ---
[2026-03-16 13:49:13]  [2101/2545] [!] 데이터 없음: https://www.vivino.com/en/giachino-altesse/w/1710222?year=2023&price_id=38520524
[2026-03-16 13:49:13]  [2102/2545] [!] 데이터 없음: https://www.vivino.com/en/akarua-chardonnay/w/96646?year=2024&price_id=39677274
[2026-03-16 13:49:13]  [2103/2545] [!] 데이터 없음: https://www.vivino.com/en/maori-point-pinot-gris/w/4098520?year=2024&price_id=36998450
[2026-03-16 13:49:13]  [2104/2545] [!] 데이터 없음: https://www.vivino.com/en/robert-mondavi-winery-chardonnay/w/2422?year=2001&price_id=14541993
[2026-03-16 13:49:13]  [2105/2545] [!] 데이터 없음: https://www.vivino.com/en/prunotto-bric-turot-barbaresco/w/61084?year=2020&price_id=36736877
[2026-03-16 13:49:13]  [2106/2545] [!] 데이터 없음: https://www.vivino.com/en/fr-rapet-beaune-les-cents-vignes-premier-cru/w/2883014?year=2022&price_id=39076574
[2026-03-16 13:49:13]  [2107/2545] [!] 데이터 없음: https://www.vivino.com/en/villa-maria-auckland-private-bin-sauvignon-blanc/w/39034?year=2022&price_id=35900889
[2026-03-16 13:49:13]  [2108/2545] [!] 데이터 없음: https://www.vivino.com/en/domaine-du-coulet-matthieu-barret-et-la-banniere-crozes-hermitage/w/1255231?year=2024&price_id=40462518
[2026-03-16 13:49:13]  [2109/2545] [!] 데이터 없음: https://www.vivino.com/en/joh-jos-prum-wehlener-sonnenuhr-riesling-kabinett/w/1208450?year=2022&price_id=37843647
[2026-03-16 13:49:13]  [2110/2545] [!] 데이터 없음: https://www.vivino.com/en/trenel-fils-beaujolais-nouveau/w/1213855?year=2013&price_id=7944095
[2026-03-16 13:49:13]  [2111/2545] [!] 데이터 없음: https://www.vivino.com/en/cloudy-bay-sauvignon-blanc/w/18978?year=2007&price_id=2754569
[2026-03-16 13:49:13]  [2112/2545] [!] 데이터 없음: https://www.vivino.com/en/a-et-p-de-villaine-rully-1er-cru-rabource/w/9544858?year=2022&price_id=38344196
[2026-03-16 13:49:13]  [2115/2545] [!] 데이터 없음: https://www.vivino.com/en/felton-road-calvert-pinot-noir/w/88319?year=2021&price_id=30876532
[2026-03-16 13:49:13]  [2116/2545] [!] 데이터 없음: https://www.vivino.com/en/schafer-frohlich-weisser-burgunder-trocken/w/93070?year=2023&price_id=37843605
[2026-03-16 13:49:13]  [2113/2545] [!] 데이터 없음: https://www.vivino.com/en/it-florio-fine-marsala-sweet-ambra-dolce/w/1153409?price_id=40029796
[2026-03-16 13:49:13]  [2114/2545] [!] 데이터 없음: https://www.vivino.com/en/domaine-lafage-miraflors-rose/w/1614560?year=2024&price_id=39316677
[2026-03-16 13:49:14]  [2117/2545] [!] 데이터 없음: https://www.vivino.com/en/la-grange-aux-belles-la-roche-de-murs/w/7195619?year=2022&price_id=39169151
[2026-03-16 13:49:14]  [2118/2545] [!] 데이터 없음: https://www.vivino.com/en/chateau-langoa-barton-saint-julien-grand-cru-classe/w/1166785?year=2010&price_id=37843787
[2026-03-16 13:49:14]  [2119/2545] [!] 데이터 없음: https://www.vivino.com/en/tatachilla-foundation-shiraz/w/74465?year=2004&price_id=2804682
[2026-03-16 13:49:14]  [2120/2545] [!] 데이터 없음: https://www.vivino.com/en/royal-tokaji-essencia/w/1140747?year=2000&price_id=14539409
[2026-03-16 13:49:14]  [2121/2545] [!] 데이터 없음: https://www.vivino.com/en/de-faveri-valdobbiadene-superiore-di-cartizze-dry/w/2720829?year=2019&price_id=36736880
[2026-03-16 13:49:14]  [2122/2545] [!] 데이터 없음: https://www.vivino.com/en/domaine-a-f-gros-echezeaux-grand-cru/w/1300947?year=2020&price_id=37843765
[2026-03-16 13:49:14]  [2123/2545] [!] 데이터 없음: https://www.vivino.com/en/tussock-jumper-carmenere-central-valley/w/2306116?year=2015&price_id=15821870
[2026-03-16 13:49:14]  [2124/2545] [!] 데이터 없음: https://www.vivino.com/en/chateau-branaire-ducru-saint-julien-grand-cru-classe/w/1172272?year=1977&price_id=38344201
[2026-03-16 13:49:14]  [2125/2545] [!] 데이터 없음: https://www.vivino.com/en/l-octavin-sly-vin/w/9092469?year=2021&price_id=40838783
[2026-03-16 13:49:14]  [2126/2545] [!] 데이터 없음: https://www.vivino.com/en/pyramid-valley-vineyards-lion-s-tooth-chardonnay/w/2018706?year=2022&price_id=37229830
[2026-03-16 13:49:14]  [2127/2545] [!] 데이터 없음: https://www.vivino.com/en/oriol-rossell-xino-xano-negre/w/2292261?year=2013&price_id=14650378
[2026-03-16 13:49:14]  [2128/2545] [!] 데이터 없음: https://www.vivino.com/en/bodega-piedra-negra-malbec-mendoza/w/1712738?year=2002&price_id=17987009
[2026-03-16 13:49:14]  [2129/2545] [!] 데이터 없음: https://www.vivino.com/en/p-ferraud-and-fils-coteaux-bourgogne/w/4206963?year=2001&price_id=14550305
[2026-03-16 13:49:14]  [2130/2545] [!] 데이터 없음: https://www.vivino.com/en/domaine-de-la-vougeraie-vougeot-1er-cru-le-clos-blanc-de-vougeot-monopole/w/1244033?year=2022&price_id=39190046
[2026-03-16 13:49:15] --- 중간 저장: 누적 1458건 ---
[2026-03-16 13:49:25]  [2131/2545] [!] 데이터 없음: https://www.vivino.com/en/f-x-pichler-ried-steinertal-gruner-veltliner-smaragd/w/7179208?year=2023&price_id=37843872
[2026-03-16 13:49:25]  [2132/2545] [!] 데이터 없음: https://www.vivino.com/en/domaine-lagarde-montagny-1er-cru-les-coeres/w/9728459?year=2024&price_id=40907893
[2026-03-16 13:49:25]  [2134/2545] [!] 데이터 없음: https://www.vivino.com/en/mirafiore-barbaresco/w/1134047?year=2002&price_id=2895019
[2026-03-16 13:49:25]  [2135/2545] [!] 데이터 없음: https://www.vivino.com/en/roc-d-anglade-rouge/w/1256129?year=2021&price_id=38742734
[2026-03-16 13:49:25]  [2137/2545] [!] 데이터 없음: https://www.vivino.com/en/wolf-blass-bilyara-shiraz/w/1130064?year=2015&price_id=14650404
[2026-03-16 13:49:25]  [2133/2545] [!] 데이터 없음: https://www.vivino.com/en/destiny-bay-vineyards-magna-praemia/w/1601698?year=2021&price_id=38617064
[2026-03-16 13:49:25]  [2139/2545] [!] 데이터 없음: https://www.vivino.com/en/jean-louis-trocard-chateau-la-croix-des-moines-lalande-de-pomerol/w/1170887?year=2016&price_id=23261031
[2026-03-16 13:49:25]  [2141/2545] [!] 데이터 없음: https://www.vivino.com/en/yealands-single-vineyard-sauvignon-blanc-marlborough-white-wine/w/5962585?year=2020&price_id=26455998
[2026-03-16 13:49:26]  [2142/2545] [!] 데이터 없음: https://www.vivino.com/en/joh-jos-prum-graacher-himmelreich-riesling-auslese/w/68354?year=2022&price_id=37843955
[2026-03-16 13:49:26]  [2136/2545] [!] 데이터 없음: https://www.vivino.com/en/domaine-du-coulet-matthieu-barret-petit-ours/w/1545005?year=2024&price_id=40475582
[2026-03-16 13:49:26]  [2138/2545] [!] 데이터 없음: https://www.vivino.com/en/badger-mountain-chardonnay-n-s-a-organic/w/1865705?year=2011&price_id=2895159
[2026-03-16 13:49:26]  [2145/2545] [!] 데이터 없음: https://www.vivino.com/en/kollwentz-eichkogel/w/2039507?year=2021&price_id=37843880
[2026-03-16 13:49:26]  [2140/2545] [!] 데이터 없음: https://www.vivino.com/en/stone-cellars-chardonnay-california/w/73786?year=2006&price_id=2895124
[2026-03-16 13:49:26]  [2143/2545] [!] 데이터 없음: https://www.vivino.com/en/terra-andina-cabernet-sauvignon/w/1136559?year=2018&price_id=25687202
[2026-03-16 13:49:26]  [2152/2545] [!] 데이터 없음: https://www.vivino.com/en/balbas-crianza-ribera-del-duero/w/6919221?year=2016&price_id=19467524
[2026-03-16 13:49:26]  [2147/2545] [!] 데이터 없음: https://www.vivino.com/en/graffigna-limited-release-red-d2307/w/1311542?year=2005&price_id=14549989
[2026-03-16 13:49:26]  [2150/2545] [!] 데이터 없음: https://www.vivino.com/en/domaine-de-chevalier-pessac-leognan-grand-cru-classe-de-graves/w/1154913?year=2011&price_id=2323838
[2026-03-16 13:49:26]  [2149/2545] [!] 데이터 없음: https://www.vivino.com/en/lindemans-bin-50-shiraz/w/2156?year=2016&price_id=15542082
[2026-03-16 13:49:26]  [2148/2545] [!] 데이터 없음: https://www.vivino.com/en/sebestyen-szekszard-bikaver/w/2467822?year=2011&price_id=9233859
[2026-03-16 13:49:26]  [2144/2545] [!] 데이터 없음: https://www.vivino.com/en/domaine-lagarde-montagny-1er-cru-les-coeres/w/9728459?year=2023&price_id=40860402
[2026-03-16 13:49:26]  [2151/2545] [!] 데이터 없음: https://www.vivino.com/en/domaine-vacheron-sancerre-blanc/w/4150118?year=2020&price_id=37843690
[2026-03-16 13:49:27]  [2156/2545] [!] 데이터 없음: https://www.vivino.com/en/tenuta-san-guido-sassicaia/w/5078?year=2022&price_id=39147880
[2026-03-16 13:49:27]  [2146/2545] [!] 데이터 없음: https://www.vivino.com/en/argiano-nc-non-confunditur/w/2889?year=2013&price_id=14650405
[2026-03-16 13:49:27]  [2154/2545] [!] 데이터 없음: https://www.vivino.com/en/banfi-fumaio-sauvignon-blanc-chardonnay/w/1133680?year=2005&price_id=2873670
[2026-03-16 13:49:27]  [2153/2545] [!] 데이터 없음: https://www.vivino.com/en/santa-rita-onehundredtwenty-reserva-especial-merlot-central-valley/w/2533?year=2017&price_id=18803724
[2026-03-16 13:49:27]  [2158/2545] [!] 데이터 없음: https://www.vivino.com/en/man-o-war-kulta-tytti/w/7679838?year=2019&price_id=37845088
[2026-03-16 13:49:27]  [2160/2545] [!] 데이터 없음: https://www.vivino.com/en/la-buxynoise-bourgogne-chardonnay/w/2045988?year=2001&price_id=7953610
[2026-03-16 13:49:27]  [2155/2545] [!] 데이터 없음: https://www.vivino.com/en/croix-saint-martin-bordeaux-rouge/w/1136234?year=2010&price_id=10098508
[2026-03-16 13:49:27]  [2159/2545] [!] 데이터 없음: https://www.vivino.com/en/tio-pepe-palomino-fino-sherry-muy-seco/w/1212990?price_id=24880945
[2026-03-16 13:49:27]  [2157/2545] [!] 데이터 없음: https://www.vivino.com/en/f-x-pichler-ried-klostersatz-gruner-veltliner-federspiel/w/5764483?year=2022&price_id=37844073
[2026-03-16 13:49:28] --- 중간 저장: 누적 1458건 ---
[2026-03-16 13:49:36]  [2161/2545] [!] 데이터 없음: https://www.vivino.com/en/pj-valckenberg-gmbh-pinot-blanc/w/2143166?year=2003&price_id=2804919
[2026-03-16 13:49:36]  [2162/2545] [!] 데이터 없음: https://www.vivino.com/en/chalk-hill-luna-cabernet-sauvignon/w/2484257?year=2014&price_id=15135169
[2026-03-16 13:49:36]  [2163/2545] [!] 데이터 없음: https://www.vivino.com/en/sanfeletto-conegliano-valdobbiadene-prosecco-superiore-extra-dry/w/1184417?price_id=40462526
[2026-03-16 13:49:36]  [2164/2545] [!] 데이터 없음: https://www.vivino.com/en/villa-maria-auckland-reserve-cabernet-sauvignon-merlot/w/1823924?year=2020&price_id=30069538
[2026-03-16 13:49:36]  [2165/2545] [!] 데이터 없음: https://www.vivino.com/en/st-michael-eppan-moscato-giallo-sudtirol-alto-adige-goldmuskateller/w/1766999?year=2017&price_id=36485610
[2026-03-16 13:49:36]  [2166/2545] [!] 데이터 없음: https://www.vivino.com/en/mitchelton-airstrip-white-blend/w/1451011?year=2005&price_id=2895258
[2026-03-16 13:49:36]  [2168/2545] [!] 데이터 없음: https://www.vivino.com/en/two-paddocks-the-last-chance-earnscleugh-vineyard-pinot-noir/w/1501826?year=2021&price_id=37845094
[2026-03-16 13:49:36]  [2167/2545] [!] 데이터 없음: https://www.vivino.com/en/mastroberardino-taurasi-radici/w/9261?year=2000&price_id=2804610
[2026-03-16 13:49:36]  [2169/2545] [!] 데이터 없음: https://www.vivino.com/en/domaine-du-tariquet-cotes-de-gascogne-dernieres-grives/w/2173899?year=2011&price_id=7944183
[2026-03-16 13:49:36]  [2170/2545] [!] 데이터 없음: https://www.vivino.com/en/chateau-la-louviere-pessac-leognan/w/1557446?year=1978&price_id=38174397
[2026-03-16 13:49:36]  [2171/2545] [!] 데이터 없음: https://www.vivino.com/en/te-motu-tipua/w/3555449?year=2019&price_id=34771433
[2026-03-16 13:49:36]  [2172/2545] [!] 데이터 없음: https://www.vivino.com/en/domaine-du-pelican-loire-valley-arbois-poulsard/w/5496921?year=2018&price_id=37843664
[2026-03-16 13:49:37]  [2175/2545] [!] 데이터 없음: https://www.vivino.com/en/wolf-blass-yellow-label-shiraz/w/1128678?year=2005&price_id=2754466
[2026-03-16 13:49:37]  [2176/2545] [!] 데이터 없음: https://www.vivino.com/en/mishas-the-cadenza-late-harvest-gewurztraminer/w/4960803?year=2024&price_id=38617061
[2026-03-16 13:49:37]  [2179/2545] [!] 데이터 없음: https://www.vivino.com/en/destiny-bay-vineyards-mystae/w/1395058?year=2012&price_id=9507155
[2026-03-16 13:49:37]  [2173/2545] [!] 데이터 없음: https://www.vivino.com/en/pfaffenheim-gewurztraminer/w/1297043?year=2023&price_id=37805342
[2026-03-16 13:49:37]  [2174/2545] [!] 데이터 없음: https://www.vivino.com/en/fond-cypres-cypres-de-toi-blanc/w/7249481?year=2024&price_id=39155917
[2026-03-16 13:49:37]  [2177/2545] [!] 데이터 없음: https://www.vivino.com/en/domaine-tortochot-cuvee-fine-selection-bourgogne-pinot-noir/w/1451301?year=2022&price_id=37062884
[2026-03-16 13:49:37]  [2178/2545] [!] 데이터 없음: https://www.vivino.com/en/castello-di-ama-chianti-classico/w/89884?year=2023&price_id=41059496
[2026-03-16 13:49:37]  [2180/2545] [!] 데이터 없음: https://www.vivino.com/en/breuil-cremant-de-loire/w/1881393?year=2021&price_id=35675292
[2026-03-16 13:49:37]  [2181/2545] [!] 데이터 없음: https://www.vivino.com/en/o-fournier-b-crux-blend/w/11377?year=2011&price_id=2894885
[2026-03-16 13:49:37]  [2182/2545] [!] 데이터 없음: https://www.vivino.com/en/remy-nodin-le-mazel-crozes-hermitage/w/2489270?year=2022&price_id=35775467
[2026-03-16 13:49:37]  [2183/2545] [!] 데이터 없음: https://www.vivino.com/en/seghesio-winery-marian-s-reserve/w/1123568?year=2012&price_id=7975696
[2026-03-16 13:49:37]  [2184/2545] [!] 데이터 없음: https://www.vivino.com/en/argiolas-turriga-isola-dei-nuraghi/w/82193?year=2020&price_id=38461533
[2026-03-16 13:49:37]  [2185/2545] [!] 데이터 없음: https://www.vivino.com/en/egon-muller-scharzhof-scharzhofberger-riesling-kabinett/w/86685?year=2020&price_id=38459319
[2026-03-16 13:49:37]  [2186/2545] [!] 데이터 없음: https://www.vivino.com/en/marina-cvetic-riserva-trebbiano/w/2526510?year=2010&price_id=7944099
[2026-03-16 13:49:37]  [2187/2545] [!] 데이터 없음: https://www.vivino.com/en/hans-herzog-hans-family-estate-zweigelt/w/2454829?year=2019&price_id=40582557
[2026-03-16 13:49:37]  [2190/2545] [!] 데이터 없음: https://www.vivino.com/en/domaine-leflaive-leflaive-associes-bourgogne-blanc-bourgogne/w/11077415?year=2022&price_id=38459349
[2026-03-16 13:49:38]  [2188/2545] [!] 데이터 없음: https://www.vivino.com/en/cooper-mountain-mountain-terroir-pinot-noir/w/1133338?year=2009&price_id=2754197
[2026-03-16 13:49:38]  [2189/2545] [!] 데이터 없음: https://www.vivino.com/en/domaine-comte-georges-de-vogue-bonnes-mares-grand-cru/w/83444?year=2022&price_id=37888569
[2026-03-16 13:49:38] --- 중간 저장: 누적 1458건 ---
[2026-03-16 13:49:45]  [2193/2545] [!] 데이터 없음: https://www.vivino.com/en/solar-de-urbezo-garnacha/w/1242221?year=2016&price_id=34812195
[2026-03-16 13:49:45]  [2196/2545] [!] 데이터 없음: https://www.vivino.com/en/bodega-cauzon-duende/w/2396088?year=2022&price_id=38505532
[2026-03-16 13:49:46]  [2191/2545] [!] 데이터 없음: https://www.vivino.com/en/nanny-goat-chardonnay/w/3909407?year=2024&price_id=38639125
[2026-03-16 13:49:46]  [2192/2545] [!] 데이터 없음: https://www.vivino.com/en/les-arbillons-saint-veran/w/12192976?year=2023&price_id=40860397
[2026-03-16 13:49:46]  [2194/2545] [!] 데이터 없음: https://www.vivino.com/en/cloudy-bay-sauvignon-blanc/w/18978?year=2019&price_id=20230408
[2026-03-16 13:49:46]  [2195/2545] [!] 데이터 없음: https://www.vivino.com/en/cycles-gladiator-cabernet-sauvignon/w/9878?year=2005&price_id=2894919
[2026-03-16 13:49:46]  [2197/2545] [!] 데이터 없음: https://www.vivino.com/en/mudbrick-reserve-pinot-gris/w/4006916?year=2025&price_id=39913996
[2026-03-16 13:49:46]  [2198/2545] [!] 데이터 없음: https://www.vivino.com/en/aromo-casa-lo-matta-cabernet-sauvignon/w/42464?year=2010&price_id=2873747
[2026-03-16 13:49:46]  [2199/2545] [!] 데이터 없음: https://www.vivino.com/en/domaine-filliatreau-chateau-fouquet-saumur/w/88161?year=2023&price_id=39553100
[2026-03-16 13:49:46]  [2200/2545] [!] 데이터 없음: https://www.vivino.com/en/craggy-range-marlborough-sauvignon-blanc/w/5388702?year=2025&price_id=41182237
[2026-03-16 13:49:46]  [2202/2545] [!] 데이터 없음: https://www.vivino.com/en/veyder-malberg-weitenberg-gruner-veltliner/w/2895026?year=2022&price_id=37843818
[2026-03-16 13:49:46]  [2201/2545] [!] 데이터 없음: https://www.vivino.com/en/rings-spatburgunder/w/1837195?year=2022&price_id=38646412
[2026-03-16 13:49:46]  [2203/2545] [!] 데이터 없음: https://www.vivino.com/en/pares-balta-cabernet-franc-merlot-mas-irene/w/1989615?year=2010&price_id=14650375
[2026-03-16 13:49:46]  [2204/2545] [!] 데이터 없음: https://www.vivino.com/en/domaine-tempier-pour-lulu-bandol/w/7759201?year=2021&price_id=40462522
[2026-03-16 13:49:46]  [2209/2545] [!] 데이터 없음: https://www.vivino.com/en/za-protea-pinot-grigio/w/4919232?year=2017&price_id=16865469
[2026-03-16 13:49:46]  [2205/2545] [!] 데이터 없음: https://www.vivino.com/en/bernard-bonin-meursault-premier-cru-les-charmes-dessus/w/1524107?year=2020&price_id=33035089
[2026-03-16 13:49:46]  [2206/2545] [!] 데이터 없음: https://www.vivino.com/en/chateau-maison-noble-saint-martin-bordeaux-superieur/w/1336219?year=2009&price_id=14541871
[2026-03-16 13:49:47]  [2207/2545] [!] 데이터 없음: https://www.vivino.com/en/oremus-tokaji-late-harvest/w/1205909?year=2017&price_id=28072554
[2026-03-16 13:49:47]  [2208/2545] [!] 데이터 없음: https://www.vivino.com/en/domaine-weinbach-clos-des-capucins-cuvee-sainte-catherine-riesling-alsace-grand-cru-schlossberg/w/2125123?year=2020&price_id=37843666
[2026-03-16 13:49:47]  [2210/2545] [!] 데이터 없음: https://www.vivino.com/en/frus-bianco/w/6560191?year=2018&price_id=28572008
[2026-03-16 13:49:47]  [2211/2545] [!] 데이터 없음: https://www.vivino.com/en/tabali-reserva-viognier/w/1676503?year=2014&price_id=7944071
[2026-03-16 13:49:47]  [2212/2545] [!] 데이터 없음: https://www.vivino.com/en/ferrari-trento-brut/w/1367887?price_id=21996687
[2026-03-16 13:49:47]  [2213/2545] [!] 데이터 없음: https://www.vivino.com/en/cantina-zaccagnini-il-vino-dal-tralcetto-montepulciano-d-abruzzo/w/1633194?year=2008&price_id=2895320
[2026-03-16 13:49:47]  [2214/2545] [!] 데이터 없음: https://www.vivino.com/en/escudo-rojo-origine/w/8183449?year=2018&price_id=25610483
[2026-03-16 13:49:47]  [2215/2545] [!] 데이터 없음: https://www.vivino.com/en/domaine-roger-belland-criots-batard-montrachet-grand-cru/w/98163?year=2021&price_id=34663028
[2026-03-16 13:49:47]  [2216/2545] [!] 데이터 없음: https://www.vivino.com/en/gibbston-valley-le-maitre-pinot-noir/w/1145544?year=2023&price_id=40673704
[2026-03-16 13:49:47]  [2217/2545] [!] 데이터 없음: https://www.vivino.com/en/balbas-ancestral-ribera-del-duero/w/8890662?year=2015&price_id=34370288
[2026-03-16 13:49:47]  [2218/2545] [!] 데이터 없음: https://www.vivino.com/en/jermann-pinot-grigio/w/1989135?year=2024&price_id=41216003
[2026-03-16 13:49:47]  [2219/2545] [!] 데이터 없음: https://www.vivino.com/en/crios-torrontes/w/1161922?year=2017&price_id=16829991
[2026-03-16 13:49:47]  [2220/2545] [!] 데이터 없음: https://www.vivino.com/en/brookfields-sun-dried-malbec/w/1555978?year=2024&price_id=40582571
[2026-03-16 13:49:48] --- 중간 저장: 누적 1458건 ---
[2026-03-16 13:49:54]  [2222/2545] [!] 데이터 없음: https://www.vivino.com/en/f-x-pichler-ried-loibenberg-riesling-smaragd/w/6659537?year=2022&price_id=37843971
[2026-03-16 13:49:54]  [2228/2545] [!] 데이터 없음: https://www.vivino.com/en/von-winning-sauvignon-blanc-ii/w/2412168?year=2022&price_id=38459368
[2026-03-16 13:49:54]  [2232/2545] [!] 데이터 없음: https://www.vivino.com/en/louis-roederer-collection-243-champagne/w/10283576?price_id=38708521
[2026-03-16 13:49:54]  [2221/2545] [!] 데이터 없음: https://www.vivino.com/en/ruffino-aziano-chianti-classico/w/2184?year=2014&price_id=8524769
[2026-03-16 13:49:54]  [2223/2545] [!] 데이터 없음: https://www.vivino.com/en/marina-cvetic-chardonnay/w/93051?year=2011&price_id=14541509
[2026-03-16 13:49:54]  [2224/2545] [!] 데이터 없음: https://www.vivino.com/en/fernando-pighin-pinot-grigio-friuli-grave/w/22558?year=2005&price_id=2873851
[2026-03-16 13:49:55]  [2225/2545] [!] 데이터 없음: https://www.vivino.com/en/francis-ford-coppola-winery-diamond-collection-claret/w/1307035?year=2004&price_id=2873840
[2026-03-16 13:49:55]  [2226/2545] [!] 데이터 없음: https://www.vivino.com/en/santa-carolina-barrica-selection-gran-reserva-cabernet-sauvignon/w/8238?year=2004&price_id=14650483
[2026-03-16 13:49:55]  [2227/2545] [!] 데이터 없음: https://www.vivino.com/en/saxenburg-private-collection-cabernet-sauvignon/w/15588?year=2003&price_id=2754271
[2026-03-16 13:49:55]  [2229/2545] [!] 데이터 없음: https://www.vivino.com/en/quintodecimo-giallo-d-arles-greco-di-tufo/w/1211299?year=2017&price_id=24839149
[2026-03-16 13:49:55]  [2230/2545] [!] 데이터 없음: https://www.vivino.com/en/puriri-hills-estate/w/1369553?year=2021&price_id=39677271
[2026-03-16 13:49:55]  [2231/2545] [!] 데이터 없음: https://www.vivino.com/en/wolf-blass-gold-label-president-s-selection-chardonnay/w/2516344?year=2005&price_id=2754482
[2026-03-16 13:49:55]  [2233/2545] [!] 데이터 없음: https://www.vivino.com/en/antinori-tuscany-castello-della-sala-bramito-chardonnay/w/1692?year=2017&price_id=36485513
[2026-03-16 13:49:55]  [2238/2545] [!] 데이터 없음: https://www.vivino.com/en/prophet-s-rock-pinot-gris/w/2426675?year=2024&price_id=40582562
[2026-03-16 13:49:55]  [2234/2545] [!] 데이터 없음: https://www.vivino.com/en/vega-sicilia-valbuena-5o-reserva/w/1175427?year=2017&price_id=40641058
[2026-03-16 13:49:55]  [2235/2545] [!] 데이터 없음: https://www.vivino.com/en/domaine-a-f-gros-vosne-romanee-les-chalandins/w/7130066?year=2021&price_id=37843578
[2026-03-16 13:49:55]  [2236/2545] [!] 데이터 없음: https://www.vivino.com/en/mitchelton-print-shiraz/w/26514?year=2001&price_id=2754568
[2026-03-16 13:49:55]  [2237/2545] [!] 데이터 없음: https://www.vivino.com/en/markowitsch-carnuntum-cuvee/w/96889?year=2024&price_id=40237222
[2026-03-16 13:49:55]  [2239/2545] [!] 데이터 없음: https://www.vivino.com/en/amisfield-rkv-reserve-pinot-noir/w/2001541?year=2018&price_id=34079249
[2026-03-16 13:49:55]  [2240/2545] [!] 데이터 없음: https://www.vivino.com/en/von-winning-ruppertsberger-reiterpfad-riesling/w/1577058?year=2015&price_id=14539674
[2026-03-16 13:49:55]  [2241/2545] [!] 데이터 없음: https://www.vivino.com/en/di-giulia-rebecca-marche-rosato/w/2737929?year=2018&price_id=23244040
[2026-03-16 13:49:55]  [2242/2545] [!] 데이터 없음: https://www.vivino.com/en/kalleske-moppa-shiraz/w/16366?year=2015&price_id=21687581
[2026-03-16 13:49:55]  [2243/2545] [!] 데이터 없음: https://www.vivino.com/en/veuve-clicquot-la-grande-dame-brut-champagne/w/79836?year=2015&price_id=34900887
[2026-03-16 13:49:55]  [2244/2545] [!] 데이터 없음: https://www.vivino.com/en/coffinet-duvernay-chassagne-montrachet/w/5054476?year=2022&price_id=37464720
[2026-03-16 13:49:55]  [2249/2545] [!] 데이터 없음: https://www.vivino.com/en/stonyridge-vineyard-larose-red-blend/w/1631901?year=2009&price_id=20358447
[2026-03-16 13:49:56]  [2245/2545] [!] 데이터 없음: https://www.vivino.com/en/laurent-perrier-la-cuvee-brut-champagne/w/5552281?price_id=26581209
[2026-03-16 13:49:56]  [2250/2545] [!] 데이터 없음: https://www.vivino.com/en/coopers-creek-sauvignon-blanc/w/36814?year=2008&price_id=14539894
[2026-03-16 13:49:56]  [2246/2545] [!] 데이터 없음: https://www.vivino.com/en/pomal-reserva/w/1126214?year=2012&price_id=19327052
[2026-03-16 13:49:56]  [2247/2545] [!] 데이터 없음: https://www.vivino.com/en/wolf-blass-bilyara-shiraz/w/1130064?year=2017&price_id=21750617
[2026-03-16 13:49:56]  [2248/2545] [!] 데이터 없음: https://www.vivino.com/en/gibbston-valley-china-terrace-chardonnay/w/2620722?year=2024&price_id=40673703
[2026-03-16 13:49:56] --- 중간 저장: 누적 1458건 ---
[2026-03-16 13:50:08]  [2254/2545] [성공] Blank Canvas Holdaway Vin... | 분포:True
[2026-03-16 13:50:08]  [2251/2545] [성공] Château Grand-Puy-Lacoste... | 분포:True
[2026-03-16 13:50:09]  [2261/2545] [성공] Tarapacá Gran Reserva Cha... | 분포:True
[2026-03-16 13:50:09]  [2255/2545] [성공] Jean-Louis Trocard Clos d... | 분포:True
[2026-03-16 13:50:11]  [2260/2545] [성공] Saltram Maker's Table Cab... | 분포:False
[2026-03-16 13:50:11]  [2262/2545] [성공] Maison de Grand Esprit L'... | 분포:True
[2026-03-16 13:50:11]  [2258/2545] [성공] Château La Marzelle Saint... | 분포:True
[2026-03-16 13:50:12]  [2252/2545] [성공] Domaine Saint Marc Saint-... | 분포:True
[2026-03-16 13:50:12]  [2263/2545] [성공] Clearview Estate The Bask... | 분포:True
[2026-03-16 13:50:12]  [2259/2545] [성공] Concannon Petite Sirah (F... | 분포:True
[2026-03-16 13:50:12]  [2256/2545] [성공] Terrazas de los Andes Hig... | 분포:True
[2026-03-16 13:50:12]  [2257/2545] [성공] Antinori Tenuta Guado al ... | 분포:True
[2026-03-16 13:50:13]  [2253/2545] [성공] Peter Lehmann Futures Shi... | 분포:True
[2026-03-16 13:50:13]  [2264/2545] [성공] Scanavino Moscato d'Asti... | 분포:True
[2026-03-16 13:50:14]  [2266/2545] [성공] Domaine Arnaud et Sophie ... | 분포:True
[2026-03-16 13:50:14]  [2265/2545] [성공] l'Octavin Potion Magique ... | 분포:False
[2026-03-16 13:50:15]  [2268/2545] [성공] Alpha Domus Beatrix Spark... | 분포:True
[2026-03-16 13:50:15]  [2269/2545] [성공] F.X. Pichler Ried Kellerb... | 분포:False
[2026-03-16 13:50:15]  [2271/2545] [성공] Les Courtines Grande Rése... | 분포:True
[2026-03-16 13:50:15]  [2272/2545] [성공] de Ladoucette Baron de L ... | 분포:True
[2026-03-16 13:50:16]  [2267/2545] [성공] Casa Silva 3 Cepas Reserv... | 분포:True
[2026-03-16 13:50:16]  [2273/2545] [성공] Fond Cyprès Le Blanc des ... | 분포:False
[2026-03-16 13:50:16]  [2270/2545] [성공] Cricova De Lux Brut... | 분포:True
[2026-03-16 13:50:16]  [2275/2545] [성공] Elk Cove Pinot Gris 2008... | 분포:True
[2026-03-16 13:50:17]  [2276/2545] [성공] Il Molino di Grace Chiant... | 분포:True
[2026-03-16 13:50:17]  [2277/2545] [성공] Domaine Thiriet Clos Magn... | 분포:True
[2026-03-16 13:50:17]  [2274/2545] [성공] Château de Brague Plantie... | 분포:True
[2026-03-16 13:50:17]  [2280/2545] [성공] Saint Clair Family Estate... | 분포:True
[2026-03-16 13:50:18]  [2278/2545] [성공] Parker Coonawarra Estate ... | 분포:True
[2026-03-16 13:50:18]  [2279/2545] [성공] Akarua Pinot Rouge 2024... | 분포:True
[2026-03-16 13:50:19] --- 중간 저장: 누적 1488건 ---
[2026-03-16 13:50:27]  [2281/2545] [성공] Tony Bish Heartwood Chard... | 분포:True
[2026-03-16 13:50:27]  [2284/2545] [성공] Domaine Coffinet-Duvernay... | 분포:True
[2026-03-16 13:50:28]  [2283/2545] [성공] Cave Spring Riesling 2012... | 분포:True
[2026-03-16 13:50:29]  [2282/2545] [성공] Peter Lehmann Portrait Dr... | 분포:True
[2026-03-16 13:50:29]  [2285/2545] [성공] Château Giscours Château ... | 분포:True
[2026-03-16 13:50:30]  [2291/2545] [성공] Thunevin Domaine Virginie... | 분포:True
[2026-03-16 13:50:30]  [2289/2545] [성공] Markowitsch Rubin Carnunt... | 분포:True
[2026-03-16 13:50:30]  [2287/2545] [성공] Château Laroze Saint-Émil... | 분포:True
[2026-03-16 13:50:30]  [2290/2545] [성공] Cable Bay Chardonnay 2020... | 분포:True
[2026-03-16 13:50:30]  [2292/2545] [성공] Fantini Fantini Edizione ... | 분포:True
[2026-03-16 13:50:30]  [2288/2545] [성공] Fiol Prosecco... | 분포:True
[2026-03-16 13:50:30]  [2286/2545] [성공] Izadi Rioja Reserva 2015... | 분포:True
[2026-03-16 13:50:31]  [2293/2545] [성공] Conterno Fantino Nebbiolo... | 분포:True
[2026-03-16 13:50:32]  [2295/2545] [성공] Agusti Torello Mata Cava ... | 분포:True
[2026-03-16 13:50:32]  [2300/2545] [성공] Conterno Fantino Barolo S... | 분포:True
[2026-03-16 13:50:33]  [2294/2545] [성공] Matt Connell Rendition Pi... | 분포:True
[2026-03-16 13:50:33]  [2297/2545] [성공] Santa Rita 120 Reserva Es... | 분포:True
[2026-03-16 13:50:33]  [2302/2545] [성공] Donatella Cinelli Colombi... | 분포:True
[2026-03-16 13:50:34]  [2299/2545] [성공] Pilandro Arilica 2020... | 분포:True
[2026-03-16 13:50:34]  [2305/2545] [성공] Margiotta Cretara Montepu... | 분포:True
[2026-03-16 13:50:34]  [2304/2545] [성공] Domaine Arnaud et Sophie ... | 분포:True
[2026-03-16 13:50:34]  [2296/2545] [성공] Pierre Ferraud & Fils Cuv... | 분포:False
[2026-03-16 13:50:36]  [2298/2545] [성공] Viña Maipo Vitral Reserva... | 분포:True
[2026-03-16 13:50:36]  [2307/2545] [성공] Principal Reserva Bairrad... | 분포:True
[2026-03-16 13:50:36]  [2308/2545] [성공] Destiny Bay Vineyards Mys... | 분포:True
[2026-03-16 13:50:36]  [2306/2545] [성공] Mudbrick Vineyard Rosé 20... | 분포:True
[2026-03-16 13:50:37]  [2301/2545] [성공] Dönnhoff Grauburgunder Tr... | 분포:True
[2026-03-16 13:50:37]  [2303/2545] [성공] San Marzano 60 Sessantann... | 분포:True
[2026-03-16 13:50:37]  [2310/2545] [성공] Château de Pibarnon Bando... | 분포:True
[2026-03-16 13:50:37]  [2309/2545] [성공] Viña Maipo Dulzino Moscat... | 분포:True
[2026-03-16 13:50:38] --- 중간 저장: 누적 1518건 ---
[2026-03-16 13:50:50]  [2312/2545] [성공] Domaine Lagarde Mercurey ... | 분포:True
[2026-03-16 13:50:50]  [2311/2545] [성공] Zardoz Tinto 2007... | 분포:True
[2026-03-16 13:50:51]  [2313/2545] [성공] Man O' War Dreadnought 20... | 분포:True
[2026-03-16 13:50:52]  [2315/2545] [성공] F.X. Pichler Grüner Veltl... | 분포:True
[2026-03-16 13:50:52]  [2316/2545] [성공] Schäfer-Fröhlich Stromber... | 분포:True
[2026-03-16 13:50:52]  [2314/2545] [성공] Weingut Knoll Ried Loiben... | 분포:True
[2026-03-16 13:50:53]  [2322/2545] [성공] Domaine Comte Georges de ... | 분포:True
[2026-03-16 13:50:53]  [2319/2545] [성공] Wente Family Vineyards So... | 분포:True
[2026-03-16 13:50:53]  [2317/2545] [성공] Château La Marzelle Saint... | 분포:True
[2026-03-16 13:50:53]  [2318/2545] [성공] Viña Real Rioja Gran Rese... | 분포:True
[2026-03-16 13:50:53]  [2321/2545] [성공] Mongeard-Mugneret Pernand... | 분포:True
[2026-03-16 13:50:53]  [2320/2545] [성공] Swiftsure Sauvignon Blanc... | 분포:True
[2026-03-16 13:50:54]  [2324/2545] [성공] Antinori Pian delle Vigne... | 분포:True
[2026-03-16 13:50:55]  [2325/2545] [성공] Domaine G. Roumier Bonnes... | 분포:True
[2026-03-16 13:50:55]  [2323/2545] [성공] De Bortoli DB Family Sele... | 분포:True
[2026-03-16 13:50:56]  [2326/2545] [성공] Seghesio Omaggio Four Gen... | 분포:True
[2026-03-16 13:50:56]  [2329/2545] [성공] Passage Rock Sisters 2021... | 분포:True
[2026-03-16 13:50:57]  [2328/2545] [성공] Château St. Jean Sonoma C... | 분포:True
[2026-03-16 13:50:58]  [2334/2545] [!] 데이터 없음: https://www.vivino.com/en/when-in-rome-primitivo/w/10570105?price_id=38896638
[2026-03-16 13:50:58]  [2332/2545] [성공] Château Brane-Cantenac Ma... | 분포:True
[2026-03-16 13:50:58]  [2331/2545] [성공] Amisfield Brut 2022... | 분포:True
[2026-03-16 13:50:58]  [2327/2545] [성공] Pignier GPS Vin Blanc d'A... | 분포:True
[2026-03-16 13:50:58]  [2333/2545] [성공] Kendall-Jackson Grand Res... | 분포:True
[2026-03-16 13:50:59]  [2330/2545] [성공] Christophe Violot-Guillem... | 분포:True
[2026-03-16 13:50:59]  [2335/2545] [성공] Penfolds Max's Shiraz - C... | 분포:True
[2026-03-16 13:50:59]  [2337/2545] [성공] Billecart-Salmon Brut Sou... | 분포:True
[2026-03-16 13:51:00]  [2336/2545] [성공] Thummerer Tréfli Vörös Cu... | 분포:True
[2026-03-16 13:51:01]  [2338/2545] [성공] Umathum Sankt Laurent 202... | 분포:True
[2026-03-16 13:51:01]  [2339/2545] [성공] Sebestyén Grádus Cuvée 20... | 분포:True
[2026-03-16 13:51:01]  [2340/2545] [성공] Luis Alegre Finca la Reña... | 분포:True
[2026-03-16 13:51:02] --- 중간 저장: 누적 1547건 ---
[2026-03-16 13:51:12]  [2342/2545] [성공] Domaine Poisot Père & Fil... | 분포:True
[2026-03-16 13:51:12]  [2345/2545] [성공] Paul Bara Réserve Brut Ch... | 분포:True
[2026-03-16 13:51:12]  [2344/2545] [성공] Destiny Bay Vineyards Mag... | 분포:True
[2026-03-16 13:51:13]  [2351/2545] [성공] Huguenot Marsannay Hérita... | 분포:True
[2026-03-16 13:51:13]  [2341/2545] [성공] Framingham Sauvignon Blan... | 분포:True
[2026-03-16 13:51:13]  [2350/2545] [성공] Moritz Kissinger Null Ohm... | 분포:True
[2026-03-16 13:51:15]  [2346/2545] [성공] Elena Walch Gewürztramine... | 분포:True
[2026-03-16 13:51:15]  [2343/2545] [성공] Pio Cesare Barbera d'Alba... | 분포:True
[2026-03-16 13:51:15]  [2347/2545] [성공] Domaine Marc Morey & Fils... | 분포:True
[2026-03-16 13:51:15]  [2348/2545] [성공] Peter Lehmann HH300 Barre... | 분포:False
[2026-03-16 13:51:15]  [2349/2545] [성공] Toasted Head Cabernet Sau... | 분포:True
[2026-03-16 13:51:15]  [2352/2545] [성공] Markowitsch Redmont 2019... | 분포:True
[2026-03-16 13:51:16]  [2354/2545] [성공] Famille Berrouet Vieux Ch... | 분포:True
[2026-03-16 13:51:16]  [2355/2545] [성공] Bodegas Alconde Viña Sard... | 분포:True
[2026-03-16 13:51:17]  [2356/2545] [성공] Moric Hidden Treasures NR... | 분포:True
[2026-03-16 13:51:17]  [2357/2545] [성공] Marqués de Riscal Riscal ... | 분포:True
[2026-03-16 13:51:17]  [2358/2545] [성공] Stag's Leap Wine Cellars ... | 분포:True
[2026-03-16 13:51:17]  [2353/2545] [성공] Punters Corner Triple Cro... | 분포:True
[2026-03-16 13:51:18]  [2361/2545] [성공] Markowitsch M1 2022... | 분포:True
[2026-03-16 13:51:18]  [2359/2545] [성공] Tenuta Regaleali Malvasia... | 분포:True
[2026-03-16 13:51:19]  [2363/2545] [성공] Gut Oggau Emmeram Gewürzt... | 분포:True
[2026-03-16 13:51:19]  [2362/2545] [성공] Château Les Bruges Châtea... | 분포:True
[2026-03-16 13:51:19]  [2360/2545] [성공] Esterházy Estoras Grüner ... | 분포:True
[2026-03-16 13:51:19]  [2364/2545] [성공] St. Michael-Eppan Blaubur... | 분포:True
[2026-03-16 13:51:19]  [2365/2545] [성공] Moric Hidden Treasures NR... | 분포:True
[2026-03-16 13:51:19]  [2366/2545] [성공] Château de Cancerilles L'... | 분포:True
[2026-03-16 13:51:20]  [2369/2545] [성공] Argiolas Perdera Monica d... | 분포:True
[2026-03-16 13:51:20]  [2370/2545] [성공] Rupert & Rothschild Baron... | 분포:True
[2026-03-16 13:51:21]  [2368/2545] [성공] Chalk Hill The Procrastin... | 분포:True
[2026-03-16 13:51:21]  [2367/2545] [성공] Conti Zecca Nero 2013... | 분포:True
[2026-03-16 13:51:22] --- 중간 저장: 누적 1577건 ---
[2026-03-16 13:51:31]  [2371/2545] [성공] Emilio Moro Malleolus de ... | 분포:True
[2026-03-16 13:51:31]  [2373/2545] [성공] Daniel & Marta Gantenbein... | 분포:True
[2026-03-16 13:51:31]  [2372/2545] [성공] Antinori Pian delle Vigne... | 분포:True
[2026-03-16 13:51:32]  [2376/2545] [성공] Weinbau Christoph Polz Ri... | 분포:True
[2026-03-16 13:51:32]  [2375/2545] [성공] Louis Roederer Cristal Br... | 분포:True
[2026-03-16 13:51:33]  [2374/2545] [성공] Viu Manent Secreto Sauvig... | 분포:True
[2026-03-16 13:51:33]  [2378/2545] [성공] Gibbston Valley Glenlee P... | 분포:True
[2026-03-16 13:51:33]  [2377/2545] [성공] Grabenwerkstatt Grabenwer... | 분포:True
[2026-03-16 13:51:34]  [2379/2545] [성공] Principi di Butera Nero d... | 분포:True
[2026-03-16 13:51:34]  [2382/2545] [성공] Lackner Tinnacher Gamlitz... | 분포:True
[2026-03-16 13:51:34]  [2380/2545] [성공] Cloof The Very Sexy Shira... | 분포:True
[2026-03-16 13:51:34]  [2381/2545] [성공] Fontanafredda Dolcetto di... | 분포:True
[2026-03-16 13:51:35]  [2385/2545] [성공] Molino Le Querce Dolcetto... | 분포:True
[2026-03-16 13:51:36]  [2384/2545] [성공] Markowitsch Chardonnay 20... | 분포:True
[2026-03-16 13:51:36]  [2383/2545] [성공] Saxenburg Guinea Fowl Red... | 분포:True
[2026-03-16 13:51:38]  [2387/2545] [성공] Feudi di San Gregorio Gre... | 분포:True
[2026-03-16 13:51:38]  [2386/2545] [성공] Quinta da Alorna Tinto 20... | 분포:True
[2026-03-16 13:51:38]  [2388/2545] [성공] Caricature Red 2010... | 분포:True
[2026-03-16 13:51:39]  [2390/2545] [성공] Pierre Amadieu Côtes Du V... | 분포:True
[2026-03-16 13:51:39]  [2391/2545] [성공] Château Lascombes Margaux... | 분포:True
[2026-03-16 13:51:40]  [2389/2545] [성공] De Bortoli Deen Vat 5 Bot... | 분포:True
[2026-03-16 13:51:40]  [2392/2545] [성공] A.F. Gros Vosne-Romanée '... | 분포:True
[2026-03-16 13:51:40]  [2393/2545] [성공] Flechas de los Andes Gran... | 분포:True
[2026-03-16 13:51:40]  [2395/2545] [성공] Markowitsch M1 2021... | 분포:True
[2026-03-16 13:51:41]  [2397/2545] [성공] Greywacke Sauvignon Blanc... | 분포:True
[2026-03-16 13:51:41]  [2394/2545] [성공] Weingut Knoll Ried Kreutl... | 분포:True
[2026-03-16 13:51:42]  [2398/2545] [성공] Le Coste Pizzicante 2022... | 분포:False
[2026-03-16 13:51:42]  [2396/2545] [성공] Dunleavy The Strip Single... | 분포:True
[2026-03-16 13:51:42]  [2399/2545] [성공] B Cellars Premiere Napa V... | 분포:True
[2026-03-16 13:51:42]  [2400/2545] [성공] Brokenwood Wade Block 2 V... | 분포:True
[2026-03-16 13:51:43] --- 중간 저장: 누적 1607건 ---
[2026-03-16 13:51:53]  [2401/2545] [성공] Attila Homonna Tokaji Fur... | 분포:True
[2026-03-16 13:51:54]  [2405/2545] [성공] Pignier Gamay Blanc 2022... | 분포:True
[2026-03-16 13:51:55]  [2403/2545] [성공] Daylight Wine & Spirits T... | 분포:True
[2026-03-16 13:51:55]  [2402/2545] [성공] Weingut Knoll Ried Loiben... | 분포:True
[2026-03-16 13:51:56]  [2408/2545] [성공] Bindi Sergardi Calidonia ... | 분포:True
[2026-03-16 13:51:56]  [2410/2545] [성공] Château La Marzelle Saint... | 분포:True
[2026-03-16 13:51:56]  [2406/2545] [성공] Col Vetoraz Valdobbiadene... | 분포:True
[2026-03-16 13:51:56]  [2404/2545] [성공] Domaine Marc Morey & Fils... | 분포:True
[2026-03-16 13:51:56]  [2409/2545] [성공] Toro Loco® Superior 2019... | 분포:True
[2026-03-16 13:51:56]  [2412/2545] [성공] Domaine A. et P. de Villa... | 분포:True
[2026-03-16 13:51:56]  [2407/2545] [성공] Alpha Crucis Syrah 2008... | 분포:True
[2026-03-16 13:51:56]  [2411/2545] [성공] Paraduxx Rector Creek Vin... | 분포:True
[2026-03-16 13:51:57]  [2414/2545] [성공] Cantina Zaccagnini Capsic... | 분포:True
[2026-03-16 13:51:57]  [2415/2545] [성공] Michel Sarrazin Givry 'Le... | 분포:True
[2026-03-16 13:51:58]  [2413/2545] [성공] Doña Paula Altitude Serie... | 분포:True
[2026-03-16 13:51:59]  [2422/2545] [성공] Grabenwerkstatt Wachauwer... | 분포:True
[2026-03-16 13:51:59]  [2417/2545] [성공] Maison Roche de Bellene S... | 분포:True
[2026-03-16 13:51:59]  [2416/2545] [성공] Undurraga Founder's Colle... | 분포:True
[2026-03-16 13:52:00]  [2423/2545] [성공] Domaine Lafage Novellum C... | 분포:True
[2026-03-16 13:52:00]  [2421/2545] [성공] Kumeu River Coddington Ch... | 분포:True
[2026-03-16 13:52:00]  [2419/2545] [성공] Royal Koala Shiraz 2016... | 분포:True
[2026-03-16 13:52:00]  [2418/2545] [성공] Bodegas Tintoralba Higuer... | 분포:True
[2026-03-16 13:52:00]  [2420/2545] [성공] Michel Fonné Gewürztramin... | 분포:True
[2026-03-16 13:52:00]  [2424/2545] [성공] Laudum Roble Monastrell -... | 분포:True
[2026-03-16 13:52:01]  [2426/2545] [성공] Mantlerhof Roter Veltline... | 분포:True
[2026-03-16 13:52:01]  [2425/2545] [성공] Vietti Perbacco Nebbiolo ... | 분포:True
[2026-03-16 13:52:01]  [2427/2545] [성공] Hugo Casanova Cabernet Sa... | 분포:True
[2026-03-16 13:52:02]  [2428/2545] [성공] Molino Mistral Moscato d'... | 분포:True
[2026-03-16 13:52:02]  [2429/2545] [성공] Heinrich Gabarinza 2018... | 분포:True
[2026-03-16 13:52:02]  [2430/2545] [성공] Peter Lehmann Clancy's Re... | 분포:True
[2026-03-16 13:52:02] --- 중간 저장: 누적 1637건 ---
[2026-03-16 13:52:12]  [2431/2545] [성공] Domaine du Pelican Arbois... | 분포:True
[2026-03-16 13:52:12]  [2436/2545] [성공] Tenuta Ulisse Masseri Pri... | 분포:True
[2026-03-16 13:52:13]  [2433/2545] [성공] Wolf Blass Yellow Label C... | 분포:True
[2026-03-16 13:52:13]  [2437/2545] [성공] HXM Inspiration Riesling ... | 분포:True
[2026-03-16 13:52:14]  [2434/2545] [성공] Stonefish Shiraz 2010... | 분포:True
[2026-03-16 13:52:14]  [2435/2545] [성공] Finca las Virtudes Cabern... | 분포:True
[2026-03-16 13:52:15]  [2441/2545] [성공] Château Tanunda Grand Bar... | 분포:True
[2026-03-16 13:52:15]  [2440/2545] [성공] Bethany Chardonnay 2010... | 분포:True
[2026-03-16 13:52:15]  [2438/2545] [성공] Marqués de Murrieta Casti... | 분포:True
[2026-03-16 13:52:15]  [2442/2545] [성공] Gérard Raphet Clos de la ... | 분포:True
[2026-03-16 13:52:15]  [2432/2545] [성공] Prophet's Rock Cuvée Aux ... | 분포:True
[2026-03-16 13:52:16]  [2439/2545] [성공] Lucien Crochet Sancerre B... | 분포:True
[2026-03-16 13:52:17]  [2444/2545] [성공] Renacer Punto Final Reser... | 분포:True
[2026-03-16 13:52:17]  [2445/2545] [성공] Jané Ventura Mas Vilella ... | 분포:True
[2026-03-16 13:52:17]  [2443/2545] [성공] Velich Tiglat 2022... | 분포:True
[2026-03-16 13:52:18]  [2446/2545] [성공] Château Bastian Réserve B... | 분포:True
[2026-03-16 13:52:19]  [2451/2545] [성공] Mudbrick Vineyard Reserve... | 분포:True
[2026-03-16 13:52:19]  [2447/2545] [성공] Ariousios Assyrtiko (Ασύρ... | 분포:True
[2026-03-16 13:52:19]  [2450/2545] [성공] Pasqua Vigneti e Cantine ... | 분포:True
[2026-03-16 13:52:20]  [2452/2545] [성공] Paraduxx Candlestick 2022... | 분포:True
[2026-03-16 13:52:20]  [2449/2545] [성공] Wolf Blass Eaglehawk Cabe... | 분포:True
[2026-03-16 13:52:21]  [2453/2545] [성공] Viñas del Vero La Miranda... | 분포:True
[2026-03-16 13:52:21]  [2454/2545] [성공] Eos Estate Zinfandel 2004... | 분포:True
[2026-03-16 13:52:21]  [2448/2545] [성공] Bidoli Sauvignon Blanc 20... | 분포:True
[2026-03-16 13:52:21]  [2455/2545] [성공] Lornano Chianti Classico ... | 분포:True
[2026-03-16 13:52:21]  [2456/2545] [성공] Albert Grivault Meursault... | 분포:True
[2026-03-16 13:52:22]  [2460/2545] [성공] Kopke Fine Tawny Port... | 분포:True
[2026-03-16 13:52:22]  [2459/2545] [성공] La Chablisienne Le Finage... | 분포:True
[2026-03-16 13:52:22]  [2457/2545] [성공] Sato La Ferme de Sato Aly... | 분포:True
[2026-03-16 13:52:22]  [2458/2545] [성공] Molino Artù Barolo 2017... | 분포:False
[2026-03-16 13:52:23] --- 중간 저장: 누적 1667건 ---
[2026-03-16 13:52:33]  [2461/2545] [!] 데이터 없음: https://www.vivino.com/en/jermann-vinnae-servus-cella-ribolla-gialla/w/79495?year=2022&price_id=36485515
[2026-03-16 13:52:33]  [2462/2545] [!] 데이터 없음: https://www.vivino.com/en/mitchelton-central-victoria-blackwood-park-botrytis-riesling/w/2410810?year=2006&price_id=13579494
[2026-03-16 13:52:33]  [2463/2545] [!] 데이터 없음: https://www.vivino.com/en/us-croze-cabernet-sauvignon/w/1530459?year=2005&price_id=2754248
[2026-03-16 13:52:33]  [2464/2545] [!] 데이터 없음: https://www.vivino.com/en/santa-carolina-reserva-de-familia-carmenere/w/8231?year=2010&price_id=2804591
[2026-03-16 13:52:33]  [2465/2545] [!] 데이터 없음: https://www.vivino.com/en/san-pedro-central-valley-altair/w/1108065?year=2004&price_id=14650403
[2026-03-16 13:52:33]  [2466/2545] [!] 데이터 없음: https://www.vivino.com/en/francois-martenot-bourgogne-chardonnay-va767/w/6481137?year=2013&price_id=33409680
[2026-03-16 13:52:33]  [2467/2545] [!] 데이터 없음: https://www.vivino.com/en/astoria-cuvee-lounge-brut/w/1594356?price_id=6227871
[2026-03-16 13:52:33]  [2468/2545] [!] 데이터 없음: https://www.vivino.com/en/takler-bartina/w/2196362?year=2009&price_id=9156575
[2026-03-16 13:52:33]  [2469/2545] [!] 데이터 없음: https://www.vivino.com/en/cloof-cab-cult/w/1449930?year=2009&price_id=2754161
[2026-03-16 13:52:33]  [2470/2545] [!] 데이터 없음: https://www.vivino.com/en/jean-francois-ganevat-mon-rouge-vin-de-pays-vignobles-de-france/w/10479814?year=2023&price_id=40809744
[2026-03-16 13:52:33]  [2471/2545] [!] 데이터 없음: https://www.vivino.com/en/duckhorn-napa-valley-sauvignon-blanc/w/1128386?year=2004&price_id=2754285
[2026-03-16 13:52:33]  [2473/2545] [!] 데이터 없음: https://www.vivino.com/en/claude-val-rouge/w/1207933?year=2018&price_id=23660424
[2026-03-16 13:52:33]  [2472/2545] [!] 데이터 없음: https://www.vivino.com/en/de-ladoucette-baron-de-l-pouilly-fume/w/74360?year=1989&price_id=38190387
[2026-03-16 13:52:33]  [2474/2545] [!] 데이터 없음: https://www.vivino.com/en/alexandre-bain-terre-d-obus-pouilly-fume/w/4887209?year=2022&price_id=39532756
[2026-03-16 13:52:33]  [2475/2545] [!] 데이터 없음: https://www.vivino.com/en/dobogo-tokaji-aszu-5-puttonyos/w/3961263?year=2003&price_id=28072535
[2026-03-16 13:52:33]  [2476/2545] [!] 데이터 없음: https://www.vivino.com/en/bethany-gr-reserve-shiraz/w/32884?year=2008&price_id=2895074
[2026-03-16 13:52:33]  [2477/2545] [!] 데이터 없음: https://www.vivino.com/en/vina-maipo-vitral-reserva-cabernet-sauvignon/w/68034?year=2016&price_id=15888849
[2026-03-16 13:52:33]  [2478/2545] [!] 데이터 없음: https://www.vivino.com/en/pecchenino-siri-d-jermu-dogliani-superiore/w/1109278?year=2019&price_id=36736910
[2026-03-16 13:52:33]  [2479/2545] [!] 데이터 없음: https://www.vivino.com/en/dos-lusiadas-pinteivera-tinto/w/1230458?year=2012&price_id=10023571
[2026-03-16 13:52:33]  [2480/2545] [!] 데이터 없음: https://www.vivino.com/en/dry-river-wines-limited-lovat-vineyard-gewurztraminer/w/1651985?year=2024&price_id=40060724
[2026-03-16 13:52:33]  [2481/2545] [!] 데이터 없음: https://www.vivino.com/en/bethany-riesling/w/33144?year=2011&price_id=2895065
[2026-03-16 13:52:33]  [2482/2545] [!] 데이터 없음: https://www.vivino.com/en/rutini-trumpeter-sauvignon-blanc/w/1690107?year=2015&price_id=8392664
[2026-03-16 13:52:33]  [2483/2545] [!] 데이터 없음: https://www.vivino.com/en/becker-landgraf-muschelkalk-spatburgunder/w/1232367?year=2018&price_id=38459357
[2026-03-16 13:52:33]  [2484/2545] [!] 데이터 없음: https://www.vivino.com/en/domaine-comte-georges-de-vogue-bonnes-mares-grand-cru/w/83444?year=2023&price_id=40237674
[2026-03-16 13:52:33]  [2485/2545] [!] 데이터 없음: https://www.vivino.com/en/weinbau-christoph-polz-ried-hochgrassnitzberg-morillon/w/12114301?year=2022&price_id=39897706
[2026-03-16 13:52:34]  [2486/2545] [!] 데이터 없음: https://www.vivino.com/en/bernard-bonin-meursault-les-tillets/w/1194314?year=2020&price_id=33689899
[2026-03-16 13:52:34]  [2487/2545] [!] 데이터 없음: https://www.vivino.com/en/casa-silva-gran-terroir-de-los-andes-los-lingues-cabernet-sauvignon/w/1144477?year=2014&price_id=16730304
[2026-03-16 13:52:34]  [2488/2545] [!] 데이터 없음: https://www.vivino.com/en/daylight-wine-spirits-the-marlborist-pinot-noir/w/11265059?year=2021&price_id=38147181
[2026-03-16 13:52:34]  [2489/2545] [!] 데이터 없음: https://www.vivino.com/en/egon-muller-scharzhof-riesling-scharzhof/w/86690?year=2024&price_id=39781022
[2026-03-16 13:52:34]  [2490/2545] [!] 데이터 없음: https://www.vivino.com/en/beltran-duo-tempranillo-malbec/w/1157715?year=2009&price_id=14650420
[2026-03-16 13:52:34] --- 중간 저장: 누적 1667건 ---
[2026-03-16 13:52:41]  [2491/2545] [!] 데이터 없음: https://www.vivino.com/en/saint-clair-family-estate-pioneer-block-10-twin-hills-chardonnay/w/1100184?year=2022&price_id=39388051
[2026-03-16 13:52:41]  [2492/2545] [!] 데이터 없음: https://www.vivino.com/en/louis-m-martini-napa-valley-cabernet-sauvignon/w/83357?year=2016&price_id=24485777
[2026-03-16 13:52:41]  [2493/2545] [!] 데이터 없음: https://www.vivino.com/en/mucyn-cornas-hypsos/w/10617154?year=2022&price_id=36700329
[2026-03-16 13:52:41]  [2494/2545] [!] 데이터 없음: https://www.vivino.com/en/folding-hill-orchard-block-pinot-noir/w/4807163?year=2022&price_id=39388066
[2026-03-16 13:52:41]  [2495/2545] [!] 데이터 없음: https://www.vivino.com/en/chateau-de-rouffiac-cahors-la-passion/w/1713016?year=2009&price_id=7944168
[2026-03-16 13:52:41]  [2496/2545] [!] 데이터 없음: https://www.vivino.com/en/jacob-s-creek-merlot/w/2703?year=2006&price_id=2804842
[2026-03-16 13:52:41]  [2497/2545] [!] 데이터 없음: https://www.vivino.com/en/santalba-organic-viticulture/w/5713933?year=2013&price_id=14650472
[2026-03-16 13:52:41]  [2498/2545] [!] 데이터 없음: https://www.vivino.com/en/gibbston-valley-red-shed-riesling/w/8098367?year=2022&price_id=34233511
[2026-03-16 13:52:41]  [2499/2545] [!] 데이터 없음: https://www.vivino.com/en/fattoria-dei-barbi-brunello-di-montalcino/w/54214?year=2001&price_id=2754481
[2026-03-16 13:52:41]  [2500/2545] [!] 데이터 없음: https://www.vivino.com/en/porto-cruz-white-port/w/1596715?price_id=38979671
[2026-03-16 13:52:41]  [2501/2545] [!] 데이터 없음: https://www.vivino.com/en/donnhoff-riesling-feinherb/w/1141289?year=2023&price_id=37843978
[2026-03-16 13:52:42]  [2502/2545] [!] 데이터 없음: https://www.vivino.com/en/collefrisio-confronto/w/3865177?year=2014&price_id=18069293
[2026-03-16 13:52:42]  [2503/2545] [!] 데이터 없음: https://www.vivino.com/en/domaine-leflaive-batard-montrachet-grand-cru/w/84899?year=2021&price_id=37844065
[2026-03-16 13:52:42]  [2504/2545] [!] 데이터 없음: https://www.vivino.com/en/domaine-tortochot-gevrey-chambertin-les-jeunes-rois/w/1223487?year=2022&price_id=37062882
[2026-03-16 13:52:42]  [2505/2545] [!] 데이터 없음: https://www.vivino.com/en/chateau-lafite-monteil-bordeaux-superieur/w/1521022?year=2009&price_id=15148035
[2026-03-16 13:52:42]  [2506/2545] [!] 데이터 없음: https://www.vivino.com/en/casar-de-burbia-tebaida-nemesio-mencia/w/2448869?year=2015&price_id=23983636
[2026-03-16 13:52:42]  [2507/2545] [!] 데이터 없음: https://www.vivino.com/en/markowitsch-carnuntum-cuvee/w/96889?year=2023&price_id=40237220
[2026-03-16 13:52:42]  [2508/2545] [!] 데이터 없음: https://www.vivino.com/en/la-forge-estate-cabernet-sauvignon/w/1206644?year=2017&price_id=23660420
[2026-03-16 13:52:42]  [2509/2545] [!] 데이터 없음: https://www.vivino.com/en/umberto-cesari-tauleto-sangiovese/w/78759?year=2001&price_id=2894958
[2026-03-16 13:52:42]  [2510/2545] [!] 데이터 없음: https://www.vivino.com/en/mitolo-reiver-shiraz/w/79012?year=2005&price_id=2804570
[2026-03-16 13:52:42]  [2511/2545] [!] 데이터 없음: https://www.vivino.com/en/chard-farm-the-tiger-lowburn-pinot-noir/w/2414322?year=2022&price_id=38262018
[2026-03-16 13:52:42]  [2512/2545] [!] 데이터 없음: https://www.vivino.com/en/stonyridge-vineyard-larose-red-blend/w/1631901?year=2014&price_id=5137385
[2026-03-16 13:52:42]  [2514/2545] [!] 데이터 없음: https://www.vivino.com/en/saint-clair-family-estate-origin-pinot-noir-marlborough/w/1718504?year=2011&price_id=14650372
[2026-03-16 13:52:42]  [2515/2545] [!] 데이터 없음: https://www.vivino.com/en/schafer-frohlich-felseneck-riesling-gg/w/1204826?year=2020&price_id=37843956
[2026-03-16 13:52:42]  [2516/2545] [!] 데이터 없음: https://www.vivino.com/en/umani-ronchi-casal-di-serra-verdicchio-dei-castelli-di-jesi-classico-superiore/w/3743?year=2009&price_id=21591930
[2026-03-16 13:52:42]  [2517/2545] [!] 데이터 없음: https://www.vivino.com/en/domeniile-alexandrion-rhein-1892-prahova-valley-reserve-feteasca-alba/w/1277635?year=2011&price_id=14650438
[2026-03-16 13:52:42]  [2518/2545] [!] 데이터 없음: https://www.vivino.com/en/gut-oggau-mechthild-weiss/w/1805818?year=2020&price_id=38505527
[2026-03-16 13:52:42]  [2519/2545] [!] 데이터 없음: https://www.vivino.com/en/mucyn-saint-joseph-les-carats/w/5013941?year=2023&price_id=38118369
[2026-03-16 13:52:42]  [2520/2545] [!] 데이터 없음: https://www.vivino.com/en/kollwentz-zweigelt-leithakalk/w/8028758?year=2021&price_id=37844100
[2026-03-16 13:52:42]  [2513/2545] [!] 데이터 없음: https://www.vivino.com/en/chateau-de-saint-martin-grande-reserve-cotes-de-provence-rose/w/1159137?year=2022&price_id=35442864
[2026-03-16 13:52:43] --- 중간 저장: 누적 1667건 ---
[2026-03-16 13:52:53]  [2521/2545] [!] 데이터 없음: https://www.vivino.com/en/robert-mondavi-winery-cabernet-sauvignon/w/2425?year=2004&price_id=15198810
[2026-03-16 13:52:53]  [2522/2545] [!] 데이터 없음: https://www.vivino.com/en/trenel-fils-beaujolais-villages-nouveau/w/78489?year=2013&price_id=7943966
[2026-03-16 13:52:53]  [2523/2545] [!] 데이터 없음: https://www.vivino.com/en/fr-chateau-beaumont-haut-medoc/w/1099296?year=2003&price_id=7944074
[2026-03-16 13:52:53]  [2524/2545] [!] 데이터 없음: https://www.vivino.com/en/mills-reef-elspeth-cabernet-franc/w/1759438?year=2020&price_id=39663852
[2026-03-16 13:52:53]  [2525/2545] [!] 데이터 없음: https://www.vivino.com/en/amisfield-sauvignon-blanc/w/86257?year=2024&price_id=38032872
[2026-03-16 13:52:53]  [2526/2545] [!] 데이터 없음: https://www.vivino.com/en/michele-chiarlo-tortoniano-barolo/w/1167880?year=2009&price_id=7953634
[2026-03-16 13:52:54]  [2527/2545] [!] 데이터 없음: https://www.vivino.com/en/fattoria-dei-barbi-morellino-di-scansano/w/1173734?year=2006&price_id=14541881
[2026-03-16 13:52:54]  [2528/2545] [!] 데이터 없음: https://www.vivino.com/en/de-bortoli-db-family-selection-sparkling-brut/w/1282515?price_id=2873719
[2026-03-16 13:52:54]  [2529/2545] [!] 데이터 없음: https://www.vivino.com/en/grand-esprit-grand-esprit-saint-estephe/w/5839622?year=2015&price_id=16749746
[2026-03-16 13:52:54]  [2530/2545] [!] 데이터 없음: https://www.vivino.com/en/eos-estate-winery-tears-of-dew-late-harvest-moscato/w/1406407?year=2006&price_id=2895005
[2026-03-16 13:52:54]  [2531/2545] [!] 데이터 없음: https://www.vivino.com/en/bellavista-franciacorta-alma-gran-cuvee-brut/w/4381953?price_id=36736903
[2026-03-16 13:52:54]  [2532/2545] [!] 데이터 없음: https://www.vivino.com/en/casa-vinicola-gioacchino-garofoli-spa-antica-osteria-rosso/w/7946?year=2006&price_id=14540641
[2026-03-16 13:52:54]  [2537/2545] [!] 데이터 없음: https://www.vivino.com/en/michel-sarrazin-givry-les-dracy/w/1972035?year=2023&price_id=38472562
[2026-03-16 13:52:54]  [2533/2545] [!] 데이터 없음: https://www.vivino.com/en/montes-alpha-m/w/1664699?year=2006&price_id=2754226
[2026-03-16 13:52:54]  [2534/2545] [!] 데이터 없음: https://www.vivino.com/en/j-bouchon-cabernet-sauvignon-reserva/w/2630296?year=2005&price_id=14540667
[2026-03-16 13:52:54]  [2535/2545] [!] 데이터 없음: https://www.vivino.com/en/chateau-villenouvette-cuvee-marcel-barsalou/w/3050785?year=2005&price_id=7953738
[2026-03-16 13:52:54]  [2536/2545] [!] 데이터 없음: https://www.vivino.com/en/anselmi-capitel-foscarino/w/1208298?year=2022&price_id=36485560
[2026-03-16 13:52:54]  [2538/2545] [!] 데이터 없음: https://www.vivino.com/en/fernando-pighin-chardonnay-friuli-grave/w/22559?year=2004&price_id=2873860
[2026-03-16 13:52:54]  [2539/2545] [!] 데이터 없음: https://www.vivino.com/en/pelee-island-winery-cottage-series-merlot/w/13021?year=2012&price_id=14550140
[2026-03-16 13:52:54]  [2540/2545] [!] 데이터 없음: https://www.vivino.com/en/bodega-elias-mora-toro-2v-premium/w/21214?year=2005&price_id=14541330
[2026-03-16 13:52:54]  [2541/2545] [!] 데이터 없음: https://www.vivino.com/en/familia-torres-vina-esmeralda/w/2628?year=2021&price_id=34692544
[2026-03-16 13:52:54]  [2542/2545] [!] 데이터 없음: https://www.vivino.com/en/ramos-pinto-ruby-port/w/13300?price_id=22111586
[2026-03-16 13:52:54]  [2543/2545] [!] 데이터 없음: https://www.vivino.com/en/mills-reef-elspeth-gimblett-gravels-cabernet-merlot/w/6064899?year=2020&price_id=37094045
[2026-03-16 13:52:54]  [2544/2545] [!] 데이터 없음: https://www.vivino.com/en/o-fournier-centauri-red-blend/w/1364866?year=2008&price_id=2873785
[2026-03-16 13:52:55]  [2545/2545] [!] 데이터 없음: https://www.vivino.com/en/brookfields-sun-dried-malbec/w/1555978?year=2023&price_id=36962088
[2026-03-16 13:52:55] --- 중간 저장: 누적 1667건 ---
[2026-03-16 14:18:37] [*] 기존 데이터 1667건 로드됨.
[2026-03-16 14:18:37] [*] 울트라 패스트 수집 시작: 대상 1907건 (병렬:12)
[2026-03-16 14:18:43]  [1/1907] [!] 데이터 없음: https://www.vivino.com/en/barefoot-moscato/w/1201651?price_id=7943990
[2026-03-16 14:18:43]  [8/1907] [성공] Burn Cottage Moonlight Ra... | 분포:True
[2026-03-16 14:18:44]  [2/1907] [!] 데이터 없음: https://www.vivino.com/en/contadi-castaldi-franciacorta-rose/w/1309984?price_id=3433419
[2026-03-16 14:18:44]  [7/1907] [성공] Tenuta Regaleali Rosso de... | 분포:True
[2026-03-16 14:18:44]  [11/1907] [성공] Gibbston Valley Reserve P... | 분포:True
[2026-03-16 14:18:44]  [10/1907] [성공] Egon Müller - Scharzhof R... | 분포:True
[2026-03-16 14:18:44]  [4/1907] [성공] Sirromet Signature Collec... | 분포:False
[2026-03-16 14:18:45]  [3/1907] [성공] Ubertas Single Vineyard S... | 분포:True
[2026-03-16 14:18:45]  [9/1907] [성공] Bodega Cauzón Rosado 2023... | 분포:True
[2026-03-16 14:18:45]  [6/1907] [성공] Dönnhoff Tonschiefer Ries... | 분포:True
[2026-03-16 14:18:45]  [12/1907] [성공] Prunotto Pian Romualdo Ba... | 분포:True
[2026-03-16 14:18:46]  [5/1907] [성공] Maison Roche de Bellene V... | 분포:True
[2026-03-16 14:18:46]  [13/1907] [성공] Stags' Leap Petite Sirah ... | 분포:True
[2026-03-16 14:18:46]  [14/1907] [성공] S.A. Prüm Graacher Himmel... | 분포:True
[2026-03-16 14:18:48]  [15/1907] [성공] Salvatore Murana Martinga... | 분포:True
[2026-03-16 14:18:49]  [16/1907] [성공] Taylor's Select Reserve P... | 분포:True
[2026-03-16 14:18:49]  [17/1907] [성공] Dom Bella Touriga Naciona... | 분포:True
[2026-03-16 14:18:52]  [22/1907] [성공] EPC Champagne Blanc de Bl... | 분포:True
[2026-03-16 14:18:52]  [21/1907] [성공] Royal Tokaji Betsek 5 Put... | 분포:True
[2026-03-16 14:18:52]  [19/1907] [성공] Lillet Rosé... | 분포:True
[2026-03-16 14:18:52]  [23/1907] [성공] 13th Street Red Palette 2... | 분포:True
[2026-03-16 14:18:53]  [26/1907] [성공] Gallo Family Vineyards Ca... | 분포:True
[2026-03-16 14:18:53]  [25/1907] [성공] Kopke Porto White Colheit... | 분포:True
[2026-03-16 14:18:53]  [20/1907] [성공] Royal Oporto Vintage Port... | 분포:True
[2026-03-16 14:18:53]  [24/1907] [성공] Dönnhoff Höllenpfad im Mü... | 분포:True
[2026-03-16 14:18:53]  [28/1907] [성공] Oremus Tokaji Late Harves... | 분포:True
[2026-03-16 14:18:53]  [27/1907] [성공] Terra Andina Caminos Cabe... | 분포:True
[2026-03-16 14:18:53]  [18/1907] [성공] Redwood Creek  Sauvignon ... | 분포:False
[2026-03-16 14:18:53]  [29/1907] [성공] Elena Walch Cardellino Ch... | 분포:True
[2026-03-16 14:18:55]  [30/1907] [성공] Folonari Merlot delle Ven... | 분포:False
[2026-03-16 14:18:56] --- 중간 저장: 누적 1695건 ---
[2026-03-16 14:19:05]  [34/1907] [성공] Ricasoli Castello di Brol... | 분포:True
[2026-03-16 14:19:05]  [39/1907] [성공] Kumeu River Estate Chardo... | 분포:True
[2026-03-16 14:19:06]  [35/1907] [성공] F.X. Pichler Dürnsteiner ... | 분포:True
[2026-03-16 14:19:06]  [38/1907] [성공] Château Lafite Monteil Bo... | 분포:True
[2026-03-16 14:19:06]  [33/1907] [성공] Antinori Tignanello 2022... | 분포:True
[2026-03-16 14:19:06]  [37/1907] [성공] Château Musar Hochar (Pèr... | 분포:True
[2026-03-16 14:19:06]  [36/1907] [성공] Domaine Leflaive Meursaul... | 분포:True
[2026-03-16 14:19:07]  [31/1907] [성공] Achaval-Ferrer Finca Alta... | 분포:True
[2026-03-16 14:19:07]  [32/1907] [성공] Cloudy Bay Sauvignon Blan... | 분포:True
[2026-03-16 14:19:07]  [41/1907] [성공] Von Winning Pechstein GG ... | 분포:True
[2026-03-16 14:19:07]  [40/1907] [성공] Kaesler Old Vine Shiraz 2... | 분포:True
[2026-03-16 14:19:08]  [42/1907] [성공] Venica & Venica Talis Pin... | 분포:True
[2026-03-16 14:19:08]  [44/1907] [성공] Jermann Chardonnay 2020... | 분포:True
[2026-03-16 14:19:11]  [45/1907] [성공] Ottella Lugana 2019... | 분포:True
[2026-03-16 14:19:12]  [43/1907] [성공] Egon Müller - Scharzhof S... | 분포:True
[2026-03-16 14:19:12]  [47/1907] [성공] Barranco Oscuro Rubaiyat ... | 분포:True
[2026-03-16 14:19:14]  [49/1907] [성공] Château Mercier Cuvée Pre... | 분포:True
[2026-03-16 14:19:14]  [46/1907] [성공] Masi Costasera Amarone de... | 분포:True
[2026-03-16 14:19:15]  [48/1907] [성공] Poliziano Rosso di Montep... | 분포:True
[2026-03-16 14:19:16]  [51/1907] [성공] Seña Aconcagua Valley 202... | 분포:True
[2026-03-16 14:19:16]  [52/1907] [성공] Chalk Hill Moscato 2013... | 분포:True
[2026-03-16 14:19:16]  [50/1907] [성공] Château Roland La Garde B... | 분포:True
[2026-03-16 14:19:17]  [53/1907] [성공] Amisfield Pinot Noir 2022... | 분포:True
[2026-03-16 14:19:17]  [54/1907] [성공] Fattoria dei Barbi Brusco... | 분포:True
[2026-03-16 14:19:19]  [56/1907] [성공] Marcel Deiss Complantatio... | 분포:True
[2026-03-16 14:19:33]  [58/1907] [성공] Destiny Bay Vineyards Mys... | 분포:True
[2026-03-16 14:19:34]  [55/1907] [성공] Novum Chardonnay 2023... | 분포:True
[2026-03-16 14:19:34]  [60/1907] [성공] Domaine La Barroche Fianc... | 분포:True
[2026-03-16 14:19:34]  [57/1907] [성공] Château La Roque Côteaux ... | 분포:True
[2026-03-16 14:19:34]  [59/1907] [성공] Schäfer-Fröhlich Halenber... | 분포:True
[2026-03-16 14:19:36] --- 중간 저장: 누적 1725건 ---
[2026-03-16 14:19:54]  [62/1907] [성공] Schäfer-Fröhlich Stromber... | 분포:True
[2026-03-16 14:19:56]  [64/1907] [성공] William Cole Winemaker's ... | 분포:True
[2026-03-16 14:19:58]  [66/1907] [성공] Domaine Boris Champy Mont... | 분포:True
[2026-03-16 14:19:58]  [70/1907] [성공] Domain Road Vineyard Duff... | 분포:True
[2026-03-16 14:19:59]  [68/1907] [성공] Leveret Estate Syrah 2020... | 분포:True
[2026-03-16 14:20:01]  [72/1907] [성공] Cave du Roi Dagobert Raci... | 분포:True
[2026-03-16 14:20:02]  [69/1907] [성공] Gaja Ca'Marcanda Promis T... | 분포:True
[2026-03-16 14:20:04]  [63/1907] [성공] Millton Clos de Ste. Anne... | 분포:True
[2026-03-16 14:20:04]  [61/1907] [성공] Schäfer-Fröhlich Halenber... | 분포:True
[2026-03-16 14:20:05]  [74/1907] [성공] Paraduxx Cork Tree Vineya... | 분포:True
[2026-03-16 14:20:06]  [73/1907] [성공] Molino Sibilla Langhe Arn... | 분포:True
[2026-03-16 14:20:06]  [71/1907] [성공] Rosemount Traditional Dis... | 분포:False
[2026-03-16 14:20:06]  [67/1907] [성공] Lunae Auxo Colli di Luni ... | 분포:True
[2026-03-16 14:20:07]  [65/1907] [성공] Pignier Sauvageon 2023... | 분포:True
[2026-03-16 14:20:09]  [75/1907] [성공] Seghesio Home Ranch Zinfa... | 분포:True
[2026-03-16 14:20:10]  [77/1907] [성공] Von Winning Pechstein GG ... | 분포:True
[2026-03-16 14:20:10]  [76/1907] [성공] Domaine la Colombette Pue... | 분포:False
[2026-03-16 14:20:12]  [79/1907] [성공] Cloudy Bay Te Koko Sauvig... | 분포:True
[2026-03-16 14:20:13]  [78/1907] [성공] Dönnhoff Dellchen Rieslin... | 분포:True
[2026-03-16 14:20:15]  [80/1907] [성공] Hugo Casanova Don Aldo Fo... | 분포:True
[2026-03-16 14:23:49] [*] 기존 데이터 1725건 로드됨.
[2026-03-16 14:23:49] [*] 울트라 패스트 수집 시작: 대상 1849건 (병렬:12)
[2026-03-16 14:24:58]  [10/1849] [성공] Leveret Estate Syrah 2020... | 분포:True
[2026-03-16 14:24:58]  [6/1849] [성공] William Cole Winemaker's ... | 분포:True
[2026-03-16 14:24:58]  [7/1849] [성공] Pignier Sauvageon 2023... | 분포:True
[2026-03-16 14:24:58]  [9/1849] [성공] Lunae Auxo Colli di Luni ... | 분포:True
[2026-03-16 14:24:58]  [11/1849] [성공] Gaja Ca'Marcanda Promis T... | 분포:True
[2026-03-16 14:24:59]  [2/1849] [!] 데이터 없음: https://www.vivino.com/en/contadi-castaldi-franciacorta-rose/w/1309984?price_id=3433419
[2026-03-16 14:24:59]  [4/1849] [성공] Schäfer-Fröhlich Stromber... | 분포:True
[2026-03-16 14:24:59]  [1/1849] [!] 데이터 없음: https://www.vivino.com/en/barefoot-moscato/w/1201651?price_id=7943990
[2026-03-16 14:24:59]  [3/1849] [성공] Schäfer-Fröhlich Halenber... | 분포:True
[2026-03-16 14:24:59]  [8/1849] [성공] Domaine Boris Champy Mont... | 분포:True
[2026-03-16 14:24:59]  [5/1849] [성공] Millton Clos de Ste. Anne... | 분포:True
[2026-03-16 14:24:59]  [12/1849] [성공] Domain Road Vineyard Duff... | 분포:True
[2026-03-16 14:25:02]  [13/1849] [성공] Rosemount Traditional Dis... | 분포:False
[2026-03-16 14:25:33]  [17/1849] [성공] Seghesio Home Ranch Zinfa... | 분포:True
[2026-03-16 14:25:34]  [15/1849] [성공] Molino Sibilla Langhe Arn... | 분포:True
[2026-03-16 14:25:34]  [16/1849] [성공] Paraduxx Cork Tree Vineya... | 분포:True
[2026-03-16 14:25:34]  [14/1849] [성공] Cave du Roi Dagobert Raci... | 분포:True
[2026-03-16 14:25:35]  [18/1849] [성공] Domaine la Colombette Pue... | 분포:False
[2026-03-16 14:25:35]  [19/1849] [성공] Von Winning Pechstein GG ... | 분포:True
[2026-03-16 14:25:35]  [22/1849] [성공] Hugo Casanova Don Aldo Fo... | 분포:True
[2026-03-16 14:25:36]  [20/1849] [성공] Dönnhoff Dellchen Rieslin... | 분포:True
[2026-03-16 14:25:36]  [21/1849] [성공] Cloudy Bay Te Koko Sauvig... | 분포:True
[2026-03-16 14:25:36]  [24/1849] [성공] Beronia Rioja Reserva 201... | 분포:True
[2026-03-16 14:25:37]  [23/1849] [성공] Dashe Late Harvest Zinfan... | 분포:True
[2026-03-16 14:25:37]  [25/1849] [성공] Pelee Island Winery Caber... | 분포:True
[2026-03-16 14:25:39]  [26/1849] [성공] Mamete Prevostini Botoner... | 분포:True
[2026-03-16 14:25:40]  [28/1849] [성공] Château Branaire-Ducru Sa... | 분포:True
[2026-03-16 14:25:41]  [27/1849] [성공] Dorigo Merlot 2005... | 분포:False
[2026-03-16 14:25:41]  [29/1849] [성공] Umathum Pinot Gris 2023... | 분포:False
[2026-03-16 14:25:41]  [30/1849] [성공] Rock Bare Shiraz 2003... | 분포:True
[2026-03-16 14:25:42] --- 중간 저장: 누적 1753건 ---
[2026-03-16 14:25:53]  [35/1849] [성공] Stonyridge Vineyard Laros... | 분포:True
[2026-03-16 14:25:53]  [34/1849] [성공] Donnafugata Ben Ryé Passi... | 분포:True
[2026-03-16 14:25:54]  [36/1849] [성공] Coltibuono Chianti Classi... | 분포:True
[2026-03-16 14:25:54]  [41/1849] [성공] Passage Rock Reserve Syra... | 분포:True
[2026-03-16 14:25:54]  [31/1849] [성공] Moric Reserve Blaufränkis... | 분포:True
[2026-03-16 14:25:55]  [39/1849] [성공] Moët & Chandon Impérial R... | 분포:True
[2026-03-16 14:25:55]  [33/1849] [성공] Frenchmans Hill Blood Cre... | 분포:True
[2026-03-16 14:25:55]  [38/1849] [성공] Stephane Vedeau J. Boutin... | 분포:True
[2026-03-16 14:25:55]  [42/1849] [성공] Castello Nipozzano Chiant... | 분포:True
[2026-03-16 14:25:55]  [44/1849] [성공] Saint Clair Family Estate... | 분포:True
[2026-03-16 14:25:55]  [43/1849] [성공] Weingut Knoll Loibner Gel... | 분포:True
[2026-03-16 14:25:56]  [37/1849] [성공] Weingut Pöckl Zweigelt Cl... | 분포:True
[2026-03-16 14:25:56]  [32/1849] [성공] Mitolo Serpico Cabernet S... | 분포:True
[2026-03-16 14:25:56]  [40/1849] [성공] Florio Vecchioflorio Mars... | 분포:True
[2026-03-16 14:25:56]  [45/1849] [성공] Providence Four Apostles ... | 분포:True
[2026-03-16 14:25:56]  [46/1849] [성공] Tenuta Tascante Ghiaia Ne... | 분포:True
[2026-03-16 14:25:57]  [47/1849] [성공] Evans & Tate Smooth Opera... | 분포:True
[2026-03-16 14:25:58]  [49/1849] [성공] Gróf Degenfeld Tokaji Asz... | 분포:True
[2026-03-16 14:25:59]  [48/1849] [성공] Beso de Vino Cabernet Sau... | 분포:True
[2026-03-16 14:25:59]  [50/1849] [성공] Chard Farm Viper Vineyard... | 분포:True
[2026-03-16 14:25:59]  [52/1849] [성공] Beringer Sparkling White ... | 분포:True
[2026-03-16 14:26:00]  [51/1849] [성공] Seidelberg Roland's Reser... | 분포:True
[2026-03-16 14:26:00]  [55/1849] [성공] Markowitsch M1 2020... | 분포:True
[2026-03-16 14:26:00]  [53/1849] [성공] Perez Cruz Cot Limited Ed... | 분포:True
[2026-03-16 14:26:01]  [56/1849] [성공] Felton Road Cornish Point... | 분포:True
[2026-03-16 14:26:01]  [54/1849] [성공] Castello di Querceto Coll... | 분포:True
[2026-03-16 14:26:01]  [58/1849] [성공] Domaine Vacheron Sancerre... | 분포:True
[2026-03-16 14:26:01]  [59/1849] [성공] Umani Ronchi Jorio Montep... | 분포:True
[2026-03-16 14:26:02]  [57/1849] [성공] Domaine Tortochot Mazis-C... | 분포:True
[2026-03-16 14:26:03]  [60/1849] [성공] Devotus Reserve Single Vi... | 분포:True
[2026-03-16 14:26:03] --- 중간 저장: 누적 1783건 ---
[2026-03-16 14:26:16]  [62/1849] [성공] Clos de la Vieille Eglise... | 분포:False
[2026-03-16 14:26:16]  [63/1849] [성공] Moric Lutzmannsburg Alte ... | 분포:True
[2026-03-16 14:26:16]  [72/1849] [성공] Rosemount Single Vineyard... | 분포:False
[2026-03-16 14:26:16]  [68/1849] [성공] Argiolas Korem Isola dei ... | 분포:True
[2026-03-16 14:26:16]  [66/1849] [성공] Joseph Pascal Bourgogne P... | 분포:True
[2026-03-16 14:26:16]  [67/1849] [성공] Weingut Richard Östreiche... | 분포:True
[2026-03-16 14:26:17]  [65/1849] [성공] Colombaia Rosato 2021... | 분포:True
[2026-03-16 14:26:17]  [64/1849] [성공] Stag's Leap Wine Cellars ... | 분포:True
[2026-03-16 14:26:17]  [71/1849] [성공] A.F. Gros Vosne-Romanée '... | 분포:True
[2026-03-16 14:26:17]  [70/1849] [성공] Egon Müller - Scharzhof S... | 분포:True
[2026-03-16 14:26:17]  [69/1849] [성공] Château Musar Hochar (Pèr... | 분포:True
[2026-03-16 14:26:17]  [61/1849] [성공] Wirra Wirra Woodhenge Shi... | 분포:True
[2026-03-16 14:26:18]  [73/1849] [성공] Domaine Comte Georges de ... | 분포:True
[2026-03-16 14:26:18]  [74/1849] [성공] Molino Teorema Barbaresco... | 분포:True
[2026-03-16 14:26:19]  [75/1849] [성공] Albert Grivault Clos Blan... | 분포:True
[2026-03-16 14:26:19]  [81/1849] [성공] Smith Sheth Cru Sauvignon... | 분포:True
[2026-03-16 14:26:19]  [77/1849] [성공] Bodega Norton Reserva Mal... | 분포:True
[2026-03-16 14:26:20]  [79/1849] [성공] Castello di Querceto Coll... | 분포:True
[2026-03-16 14:26:20]  [76/1849] [성공] Rosemount Diamond Label C... | 분포:True
[2026-03-16 14:26:20]  [78/1849] [성공] Yellow Tail Cabernet Sauv... | 분포:True
[2026-03-16 14:26:20]  [80/1849] [성공] Amisfield Pinot Gris 2023... | 분포:True
[2026-03-16 14:26:20]  [82/1849] [성공] Soraighe Valpolicella Rip... | 분포:True
[2026-03-16 14:26:20]  [83/1849] [성공] Pegasus Bay Bel Canto Dry... | 분포:True
[2026-03-16 14:26:21]  [86/1849] [성공] Hannes Sabathi Gelber Mus... | 분포:True
[2026-03-16 14:26:21]  [85/1849] [성공] Sileni Estates Cellar Sel... | 분포:True
[2026-03-16 14:26:22]  [87/1849] [성공] Domaine Marc Morey & Fils... | 분포:True
[2026-03-16 14:26:22]  [88/1849] [성공] Amisfield Dry Riesling 20... | 분포:True
[2026-03-16 14:26:23]  [89/1849] [성공] Santa Carolina Vistaña Ca... | 분포:True
[2026-03-16 14:26:23]  [84/1849] [성공] Heartland Dolcetto - Lagr... | 분포:True
[2026-03-16 14:26:23]  [90/1849] [성공] Silver Buckle Chardonnay ... | 분포:True
[2026-03-16 14:26:24] --- 중간 저장: 누적 1813건 ---
[2026-03-16 14:26:32]  [91/1849] [성공] Domaine G. Roumier Morey-... | 분포:True
[2026-03-16 14:26:32]  [100/1849] [성공] Famille Perrin L'Andeol R... | 분포:True
[2026-03-16 14:26:32]  [93/1849] [성공] Two Paddocks The First Pa... | 분포:True
[2026-03-16 14:26:32]  [96/1849] [성공] Decoy California Red Wine... | 분포:True
[2026-03-16 14:26:33]  [94/1849] [성공] Felton Road Bannockburn P... | 분포:True
[2026-03-16 14:26:33]  [92/1849] [성공] Heron's Flight Dolcetto 2... | 분포:True
[2026-03-16 14:26:33]  [102/1849] [성공] Montes Montes Alpha Syrah... | 분포:True
[2026-03-16 14:26:34]  [95/1849] [성공] House of Hafner Family Es... | 분포:True
[2026-03-16 14:26:34]  [99/1849] [성공] Weingut Knoll Loibner Gel... | 분포:True
[2026-03-16 14:26:34]  [98/1849] [성공] Conte Ferdinando Guicciar... | 분포:True
[2026-03-16 14:26:35]  [101/1849] [성공] Venica & Venica Cabernet ... | 분포:True
[2026-03-16 14:26:36]  [97/1849] [성공] Kressmann Monopole Bordea... | 분포:True
[2026-03-16 14:26:36]  [103/1849] [성공] Rosemount Chardonnay Diam... | 분포:True
[2026-03-16 14:26:39]  [106/1849] [성공] Viña Real Rioja Crianza 2... | 분포:True
[2026-03-16 14:26:40]  [105/1849] [성공] Cloudy Bay Pelorus Brut... | 분포:True
[2026-03-16 14:26:40]  [109/1849] [성공] Familia Torres Atrium Mer... | 분포:True
[2026-03-16 14:26:40]  [104/1849] [성공] Sterling Vineyards Vintne... | 분포:True
[2026-03-16 14:26:40]  [108/1849] [성공] Domaine Chevallier Chabli... | 분포:True
[2026-03-16 14:26:40]  [114/1849] [성공] Finca La Estacada Hello W... | 분포:True
[2026-03-16 14:26:40]  [112/1849] [성공] Château Musar Blanc (Gast... | 분포:True
[2026-03-16 14:26:41]  [107/1849] [성공] Bodegas Muga Muga Rosado ... | 분포:True
[2026-03-16 14:26:41]  [110/1849] [성공] Quintodecimo Terra d'Ecla... | 분포:True
[2026-03-16 14:26:41]  [111/1849] [성공] C. da Silva Dalva Ruby Po... | 분포:True
[2026-03-16 14:26:41]  [113/1849] [성공] Luis Felipe Edwards Reser... | 분포:True
[2026-03-16 14:26:41]  [115/1849] [성공] JP. Chenet Original Merlo... | 분포:True
[2026-03-16 14:26:42]  [117/1849] [성공] Tarapacá Gran Reserva Syr... | 분포:True
[2026-03-16 14:26:42]  [116/1849] [성공] Michel Redde La Moynerie ... | 분포:True
[2026-03-16 14:26:43]  [118/1849] [성공] The Tapas Wine Collection... | 분포:True
[2026-03-16 14:26:43]  [120/1849] [성공] Château Phélan Ségur Bord... | 분포:True
[2026-03-16 14:26:43]  [119/1849] [성공] Prophet's Rock Home Viney... | 분포:True
[2026-03-16 14:26:44] --- 중간 저장: 누적 1843건 ---
[2026-03-16 14:27:04]  [121/1849] [성공] Carpineto Chianti Castald... | 분포:True
[2026-03-16 14:27:04]  [124/1849] [성공] Dönnhoff Hermannshöhle Ri... | 분포:True
[2026-03-16 14:27:04]  [128/1849] [성공] Lamothe Parrot Scarlett D... | 분포:True
[2026-03-16 14:27:05]  [129/1849] [성공] Argiano Suolo 2013... | 분포:True
[2026-03-16 14:27:05]  [123/1849] [성공] Craggy Range Gimblett Gra... | 분포:True
[2026-03-16 14:27:05]  [126/1849] [성공] Weingut Knoll Loibner Cha... | 분포:True
[2026-03-16 14:27:05]  [125/1849] [성공] Wente Family Vineyards Ri... | 분포:True
[2026-03-16 14:27:06]  [131/1849] [성공] Domaine Marc Morey & Fils... | 분포:True
[2026-03-16 14:27:06]  [132/1849] [성공] Gallo Signature Series Ch... | 분포:False
[2026-03-16 14:27:06]  [130/1849] [성공] Gérard Raphet Morey-Saint... | 분포:False
[2026-03-16 14:27:06]  [122/1849] [성공] Tinazzi Tenuta Valleselle... | 분포:True
[2026-03-16 14:27:06]  [127/1849] [성공] Dönnhoff Tonschiefer Ries... | 분포:True
[2026-03-16 14:27:13]  [137/1849] [성공] Gut Oggau Josephine Rot 2... | 분포:True
[2026-03-16 14:27:13]  [133/1849] [성공] S. Cristina Lugana 2022... | 분포:True
[2026-03-16 14:27:13]  [136/1849] [성공] Johanneshof Cellars Gewur... | 분포:True
[2026-03-16 14:27:14]  [134/1849] [성공] Sandbanks Dunes Red 2012... | 분포:True
[2026-03-16 14:27:14]  [140/1849] [성공] Domaine Rapet Corton-Char... | 분포:True
[2026-03-16 14:27:14]  [135/1849] [성공] Cloudy Bay Sauvignon Blan... | 분포:True
[2026-03-16 14:27:14]  [139/1849] [성공] Tabali Talinay Coastal Li... | 분포:True
[2026-03-16 14:27:14]  [141/1849] [성공] Mark Haisma Gevrey-Chambe... | 분포:True
[2026-03-16 14:27:14]  [142/1849] [성공] Chard Farm Finla Mor Pino... | 분포:True
[2026-03-16 14:27:14]  [138/1849] [성공] Tinazzi Tenuta Valleselle... | 분포:True
[2026-03-16 14:27:15]  [144/1849] [성공] Marina Cvetić Riserva Tre... | 분포:True
[2026-03-16 14:27:15]  [143/1849] [성공] Barratt The Reserve Pinot... | 분포:True
[2026-03-16 14:27:16]  [147/1849] [성공] Carmen Gran Reserva Merlo... | 분포:True
[2026-03-16 14:27:17]  [148/1849] [성공] Argiolas Merì Vermentino ... | 분포:True
[2026-03-16 14:27:17]  [145/1849] [성공] Penfolds Bin 311 Chardonn... | 분포:True
[2026-03-16 14:27:18]  [150/1849] [성공] Mollydooker Gigglepot Cab... | 분포:True
[2026-03-16 14:27:18]  [146/1849] [성공] Finca La Estacada Hello W... | 분포:True
[2026-03-16 14:27:19]  [149/1849] [성공] Heinrich Pannobile 2020... | 분포:True
[2026-03-16 14:27:19] --- 중간 저장: 누적 1873건 ---
[2026-03-16 14:27:33]  [151/1849] [성공] Bouvet Ladubay Trésor Sau... | 분포:True
[2026-03-16 14:27:39]  [152/1849] [성공] Aldo Rainoldi Sassella Va... | 분포:True
[2026-03-16 14:27:39]  [158/1849] [성공] Pegasus Bay Prima Donna P... | 분포:True
[2026-03-16 14:27:40]  [157/1849] [성공] Doña Paula Los Indios Par... | 분포:True
[2026-03-16 14:27:40]  [155/1849] [성공] F.X. Pichler Unendlich Ri... | 분포:True
[2026-03-16 14:27:40]  [160/1849] [성공] Esterházy Estoras 2009... | 분포:True
[2026-03-16 14:27:40]  [162/1849] [성공] Kaesler Old Vine Sémillon... | 분포:True
[2026-03-16 14:27:40]  [154/1849] [성공] Penfolds Bin 128 Shiraz 2... | 분포:True
[2026-03-16 14:27:40]  [156/1849] [성공] Neleman 50 Reasons Sauvig... | 분포:True
[2026-03-16 14:27:41]  [159/1849] [성공] Salentein Reserve Caberne... | 분포:True
[2026-03-16 14:27:41]  [161/1849] [성공] Bera Alladio Langhe Nebbi... | 분포:True
[2026-03-16 14:27:41]  [163/1849] [성공] Robert-Denogent Vieilles ... | 분포:True
[2026-03-16 14:27:41]  [153/1849] [성공] Château Le Boscq Saint-Es... | 분포:True
[2026-03-16 14:27:43]  [168/1849] [성공] Kaiken Ultra Cabernet Sau... | 분포:True
[2026-03-16 14:27:43]  [164/1849] [성공] 13th Street White Palette... | 분포:True
[2026-03-16 14:27:44]  [165/1849] [성공] Burggarten Spätburgunder ... | 분포:True
[2026-03-16 14:27:44]  [169/1849] [성공] Protos Roble 2011... | 분포:True
[2026-03-16 14:27:45]  [167/1849] [성공] Masi Masianco 2021... | 분포:True
[2026-03-16 14:27:47]  [171/1849] [성공] Château Vartely Ice Wine ... | 분포:True
[2026-03-16 14:27:48]  [166/1849] [성공] Jean-Marc Brocard Chablis... | 분포:True
[2026-03-16 14:27:48]  [170/1849] [성공] Château Ducru-Beaucaillou... | 분포:True
[2026-03-16 14:27:49]  [173/1849] [성공] Indomita Gran Reserva Cab... | 분포:True
[2026-03-16 14:27:50]  [174/1849] [성공] Wente Family Vineyards Mo... | 분포:True
[2026-03-16 14:27:50]  [172/1849] [성공] Domaine Leflaive Puligny-... | 분포:True
[2026-03-16 14:27:51]  [175/1849] [성공] Valiano Poggio Teo Chiant... | 분포:True
[2026-03-16 14:27:51]  [176/1849] [성공] Cave Spring Cabernet - Me... | 분포:True
[2026-03-16 14:27:52]  [179/1849] [성공] Wittmann Morstein Rieslin... | 분포:True
[2026-03-16 14:27:52]  [177/1849] [성공] Bodegas Alconde Reserva 2... | 분포:True
[2026-03-16 14:27:52]  [180/1849] [성공] Emilio Moro Malleolus 201... | 분포:True
[2026-03-16 14:27:52]  [178/1849] [성공] Tenuta Regaleali Nozze D'... | 분포:True
[2026-03-16 14:27:52] --- 중간 저장: 누적 1903건 ---
[2026-03-16 14:28:09]  [192/1849] [성공] Domaine Poisot Père & Fil... | 분포:True
[2026-03-16 14:28:09]  [183/1849] [성공] Braida Il Bacialé Monferr... | 분포:True
[2026-03-16 14:28:10]  [181/1849] [성공] Devotus Reserve Single Vi... | 분포:True
[2026-03-16 14:28:10]  [187/1849] [성공] Domaine Bonnardot Belissa... | 분포:True
[2026-03-16 14:28:10]  [189/1849] [성공] Belle Glos Clark & Teleph... | 분포:True
[2026-03-16 14:28:10]  [184/1849] [성공] Andrew Januik Stone Cairn... | 분포:True
[2026-03-16 14:28:10]  [182/1849] [성공] Villa Maria Ngakirikiri C... | 분포:True
[2026-03-16 14:28:10]  [188/1849] [성공] Domaine A. et P. de Villa... | 분포:True
[2026-03-16 14:28:11]  [190/1849] [성공] Terra Andina Carmenère 20... | 분포:True
[2026-03-16 14:28:11]  [186/1849] [성공] Venica & Venica Jesera Pi... | 분포:True
[2026-03-16 14:28:11]  [191/1849] [성공] Greywacke Riesling 2023... | 분포:True
[2026-03-16 14:28:11]  [185/1849] [성공] Terenzi Madrechiesa Morel... | 분포:True
[2026-03-16 14:28:11]  [198/1849] [!] 데이터 없음: https://www.vivino.com/en/serge-laporte-millesia-sancerre/w/1371644?year=2022&price_id=33696561
[2026-03-16 14:28:11]  [197/1849] [!] 데이터 없음: https://www.vivino.com/en/bulas-ten-anos-tawny-porto/w/1378098?price_id=38979668
[2026-03-16 14:28:11]  [199/1849] [!] 데이터 없음: https://www.vivino.com/en/happs-three-hills-malbec/w/1999424?year=2018&price_id=28384689
[2026-03-16 14:28:11]  [200/1849] [!] 데이터 없음: https://www.vivino.com/en/olivier-pithon-mon-p-tit-pithon-rouge/w/1682546?year=2023&price_id=38520538
[2026-03-16 14:28:12]  [201/1849] [!] 데이터 없음: https://www.vivino.com/en/quebrada-de-macul-alba-de-domus/w/1105375?year=2008&price_id=9468632
[2026-03-16 14:28:12]  [204/1849] [!] 데이터 없음: https://www.vivino.com/en/abbazia-moscato-dolce/w/2115561?price_id=2804987
[2026-03-16 14:28:12]  [203/1849] [!] 데이터 없음: https://www.vivino.com/en/terra-sancta-single-block-shingle-beach-pinot-noir/w/1406409?year=2022&price_id=34460466
[2026-03-16 14:28:12]  [205/1849] [!] 데이터 없음: https://www.vivino.com/en/la-forge-estate-merlot/w/1190844?year=2018&price_id=23660418
[2026-03-16 14:28:12]  [202/1849] [!] 데이터 없음: https://www.vivino.com/en/domaine-boris-champy-petit-aigle-savigny-les-beaune-savigny-les-beaune/w/9925007?year=2021&price_id=37843734
[2026-03-16 14:28:12]  [206/1849] [!] 데이터 없음: https://www.vivino.com/en/kaiken-cabernet-sauvignon-reserva/w/71444?year=2005&price_id=2895204
[2026-03-16 14:28:12]  [207/1849] [!] 데이터 없음: https://www.vivino.com/en/bret-brothers-climat-en-carementrant-pouilly-fuisse/w/1205133?year=2023&price_id=38416424
[2026-03-16 14:28:12]  [208/1849] [!] 데이터 없음: https://www.vivino.com/en/terra-andina-carmenere-reserva/w/1136554?year=2008&price_id=2894951
[2026-03-16 14:28:13]  [194/1849] [성공] Château La Bonnelle Saint... | 분포:True
[2026-03-16 14:28:13]  [195/1849] [성공] Nomad at Hinterbrook Trav... | 분포:True
[2026-03-16 14:28:13]  [209/1849] [!] 데이터 없음: https://www.vivino.com/en/chateau-leoville-las-cases-saint-julien-grand-cru-classe/w/81848?year=1989&price_id=1713307
[2026-03-16 14:28:13]  [210/1849] [!] 데이터 없음: https://www.vivino.com/en/schloss-gobelsburg-langenlois-gruner-veltliner/w/5941966?year=2016&price_id=17970315
[2026-03-16 14:28:14]  [196/1849] [성공] Mitchelton Victoria Serie... | 분포:False
[2026-03-16 14:28:14]  [193/1849] [성공] Col d'Orcia Rosso di Mont... | 분포:True
[2026-03-16 14:28:15] --- 중간 저장: 누적 1919건 ---
[2026-03-16 14:40:04] [*] 기존 데이터 1919건 로드됨.
[2026-03-16 14:40:04] [*] 울트라 패스트 수집 시작: 대상 1655건 (병렬:12)
[2026-03-16 14:40:09]  [2/1655] [!] 데이터 없음: https://www.vivino.com/en/contadi-castaldi-franciacorta-rose/w/1309984?price_id=3433419
[2026-03-16 14:40:10]  [3/1655] [성공] Bulas 10 Anos Tawny Porto... | 분포:True
[2026-03-16 14:40:10]  [12/1655] [성공] Kaiken Cabernet Sauvignon... | 분포:True
[2026-03-16 14:40:10]  [8/1655] [성공] Domaine Boris Champy Peti... | 분포:True
[2026-03-16 14:40:10]  [1/1655] [!] 데이터 없음: https://www.vivino.com/en/barefoot-moscato/w/1201651?price_id=7943990
[2026-03-16 14:40:10]  [5/1655] [성공] Happs Three Hills Malbec ... | 분포:True
[2026-03-16 14:40:10]  [10/1655] [성공] Abbazia di S. Gaudenzio M... | 분포:True
[2026-03-16 14:40:11]  [9/1655] [성공] Terra Sancta Single Block... | 분포:True
[2026-03-16 14:40:11]  [7/1655] [성공] Quebrada de Macul Alba de... | 분포:True
[2026-03-16 14:40:11]  [4/1655] [성공] Serge Laporte Millésia Sa... | 분포:True
[2026-03-16 14:40:11]  [11/1655] [성공] La Forge Estate Merlot 20... | 분포:True
[2026-03-16 14:40:11]  [6/1655] [성공] Olivier Pithon Mon P'tit ... | 분포:True
[2026-03-16 14:40:12]  [15/1655] [성공] Château Léoville Las Case... | 분포:True
[2026-03-16 14:40:12]  [13/1655] [성공] Bret Brothers Climat En C... | 분포:True
[2026-03-16 14:40:12]  [16/1655] [성공] Schloss Gobelsburg Langen... | 분포:True
[2026-03-16 14:40:13]  [17/1655] [성공] St. Michael-Eppan Sanct V... | 분포:True
[2026-03-16 14:40:13]  [18/1655] [성공] Mitolo G.A.M. Shiraz 2005... | 분포:True
[2026-03-16 14:40:13]  [20/1655] [성공] Baron Philippe de Rothsch... | 분포:True
[2026-03-16 14:40:13]  [19/1655] [성공] Montes Classic Series / R... | 분포:True
[2026-03-16 14:40:13]  [14/1655] [성공] Terra Andina Carmenère Re... | 분포:True
[2026-03-16 14:40:14]  [22/1655] [성공] Tommasi Lugana 2005... | 분포:True
[2026-03-16 14:40:14]  [21/1655] [성공] Franz Hirtzberger Honivog... | 분포:True
[2026-03-16 14:40:14]  [25/1655] [성공] Planeta Dorilli Cerasuolo... | 분포:True
[2026-03-16 14:40:15]  [24/1655] [성공] Saltram Maker's Table Shi... | 분포:False
[2026-03-16 14:40:15]  [23/1655] [성공] Solar de Urbezo Chardonna... | 분포:True
[2026-03-16 14:40:15]  [28/1655] [성공] Ruinart Brut Rosé Champag... | 분포:True
[2026-03-16 14:40:15]  [30/1655] [성공] Domaine de la Jaufrette G... | 분포:False
[2026-03-16 14:40:15]  [29/1655] [성공] Tinazzi Tenuta Valleselle... | 분포:True
[2026-03-16 14:40:15]  [27/1655] [성공] Kumeu River Kumeu Crémant... | 분포:True
[2026-03-16 14:40:16]  [26/1655] [성공] Franz Hirtzberger Rotes T... | 분포:True
[2026-03-16 14:40:16] --- 중간 저장: 누적 1947건 ---
[2026-03-16 14:40:24]  [31/1655] [성공] Hogue Genesis Cabernet Sa... | 분포:True
[2026-03-16 14:40:24]  [36/1655] [성공] Schmitt Söhne Riesling Ka... | 분포:False
[2026-03-16 14:40:24]  [34/1655] [성공] Robert-Denogent Vieilles ... | 분포:True
[2026-03-16 14:40:24]  [38/1655] [성공] Craggy Range Chardonnay G... | 분포:True
[2026-03-16 14:40:25]  [40/1655] [성공] L . Tramier & Fils Le Pet... | 분포:False
[2026-03-16 14:40:25]  [39/1655] [성공] Weingut Pöckl Zweigelt Cl... | 분포:True
[2026-03-16 14:40:25]  [42/1655] [성공] Yangarra GSM 2016... | 분포:True
[2026-03-16 14:40:25]  [32/1655] [성공] Zuccardi Q Cabernet Sauvi... | 분포:True
[2026-03-16 14:40:26]  [33/1655] [성공] Louis Roederer Brut Premi... | 분포:True
[2026-03-16 14:40:26]  [35/1655] [성공] Wente Family Vineyards We... | 분포:True
[2026-03-16 14:40:26]  [41/1655] [성공] Hugo Casanova Linaje Cabe... | 분포:True
[2026-03-16 14:40:27]  [46/1655] [성공] Armand de Brignac Brut Go... | 분포:True
[2026-03-16 14:40:27]  [37/1655] [성공] Planeta Sito dell'Ulmo Me... | 분포:True
[2026-03-16 14:40:27]  [43/1655] [성공] House of Arras Brut Elite... | 분포:True
[2026-03-16 14:40:27]  [44/1655] [성공] Felton Road Calvert Pinot... | 분포:True
[2026-03-16 14:40:27]  [45/1655] [성공] Domaine de Bellène Nuits-... | 분포:True
[2026-03-16 14:40:28]  [47/1655] [성공] Pierre Amadieu Côtes Du R... | 분포:True
[2026-03-16 14:40:28]  [48/1655] [성공] Château Patache d'Aux Les... | 분포:False
[2026-03-16 14:40:28]  [49/1655] [성공] Moric Lutzmannsburg Alte ... | 분포:True
[2026-03-16 14:40:28]  [51/1655] [성공] Moritz Kissinger Null Ohm... | 분포:True
[2026-03-16 14:40:28]  [52/1655] [성공] A.F. Gros Vosne-Romanee '... | 분포:True
[2026-03-16 14:40:29]  [50/1655] [성공] Tatiarra Trademark Shiraz... | 분포:False
[2026-03-16 14:40:29]  [54/1655] [성공] Best's Pinot Noir 2004... | 분포:False
[2026-03-16 14:40:29]  [53/1655] [성공] Jean-Marc Brocard Chablis... | 분포:True
[2026-03-16 14:40:29]  [55/1655] [성공] Le Coste Bianchetto 2023... | 분포:True
[2026-03-16 14:40:29]  [57/1655] [성공] Best's Bin No 1 Shiraz 20... | 분포:True
[2026-03-16 14:40:29]  [58/1655] [성공] Weingut Richard Östreiche... | 분포:True
[2026-03-16 14:40:30]  [59/1655] [성공] Cantine di Marco Primitiv... | 분포:True
[2026-03-16 14:40:30]  [56/1655] [성공] Mount Edward Muirkirk Vin... | 분포:True
[2026-03-16 14:40:31]  [60/1655] [성공] Cloudy Bay Chardonnay 200... | 분포:True
[2026-03-16 14:40:32] --- 중간 저장: 누적 1977건 ---
[2026-03-16 14:40:41]  [70/1655] [성공] Michele Chiarlo Barolo 20... | 분포:False
[2026-03-16 14:40:41]  [62/1655] [성공] Groth Cabernet Sauvignon ... | 분포:True
[2026-03-16 14:40:41]  [66/1655] [성공] Domaine Vacheron Sancerre... | 분포:True
[2026-03-16 14:40:41]  [61/1655] [성공] Conterno Fantino Nebbiolo... | 분포:True
[2026-03-16 14:40:41]  [68/1655] [성공] Best's Bin No 1 Shiraz 20... | 분포:True
[2026-03-16 14:40:42]  [72/1655] [성공] Lunae Horae Liguria di Le... | 분포:True
[2026-03-16 14:40:42]  [64/1655] [성공] Robert Mondavi Winery Cab... | 분포:True
[2026-03-16 14:40:42]  [71/1655] [성공] Ornellaia Le Serre Nuove ... | 분포:True
[2026-03-16 14:40:42]  [67/1655] [성공] Casale del Giglio Anthium... | 분포:True
[2026-03-16 14:40:42]  [65/1655] [성공] Peter Skoff Sauvignon Bla... | 분포:False
[2026-03-16 14:40:42]  [63/1655] [성공] Balbas Reserva 2001... | 분포:True
[2026-03-16 14:40:42]  [69/1655] [성공] Domaine Tortochot Charmes... | 분포:True
[2026-03-16 14:40:43]  [74/1655] [성공] Man O' War Kulta Totto 20... | 분포:True
[2026-03-16 14:40:43]  [73/1655] [성공] Joh. Jos. Prüm Graacher H... | 분포:True
[2026-03-16 14:40:43]  [76/1655] [성공] Kopke L.B.V Port 2020... | 분포:True
[2026-03-16 14:40:44]  [75/1655] [성공] La Felce Monte dei Frati ... | 분포:True
[2026-03-16 14:40:44]  [77/1655] [성공] Obikwa Merlot 2005... | 분포:True
[2026-03-16 14:40:44]  [82/1655] [성공] Château Mercier Cuvée Pre... | 분포:True
[2026-03-16 14:40:45]  [80/1655] [성공] Hans Herzog - Hans Family... | 분포:True
[2026-03-16 14:40:45]  [79/1655] [성공] Penfolds Koonunga Hill Sh... | 분포:True
[2026-03-16 14:40:45]  [84/1655] [성공] Jermann Pignacolusse Ross... | 분포:True
[2026-03-16 14:40:45]  [78/1655] [성공] Colinas Reserva Espumante... | 분포:True
[2026-03-16 14:40:45]  [83/1655] [성공] Banfi Poggio all'Oro Brun... | 분포:True
[2026-03-16 14:40:46]  [81/1655] [성공] Nederburg Cabernet Sauvig... | 분포:True
[2026-03-16 14:40:46]  [85/1655] [성공] Dönnhoff Grauburgunder Tr... | 분포:True
[2026-03-16 14:40:46]  [86/1655] [성공] Bonneau du Martray Corton... | 분포:True
[2026-03-16 14:40:46]  [87/1655] [성공] Domaine Marc Morey & Fils... | 분포:True
[2026-03-16 14:40:46]  [88/1655] [성공] Tenuta San Guido Le Difes... | 분포:True
[2026-03-16 14:40:46]  [89/1655] [성공] Elk Cove Estate Pinot Noi... | 분포:True
[2026-03-16 14:40:47]  [90/1655] [성공] Cascina Degli Ulivi Gavi ... | 분포:True
[2026-03-16 14:40:48] --- 중간 저장: 누적 2007건 ---
[2026-03-16 14:41:00]  [92/1655] [성공] Parker Coonawarra Estate ... | 분포:True
[2026-03-16 14:41:00]  [101/1655] [성공] Ruffino Modus Toscana 200... | 분포:True
[2026-03-16 14:41:01]  [100/1655] [성공] Cave de Turckheim Rieslin... | 분포:True
[2026-03-16 14:41:01]  [99/1655] [성공] Invivo Sauvignon Blanc 20... | 분포:True
[2026-03-16 14:41:01]  [96/1655] [성공] Domaine de l'Espigouette ... | 분포:True
[2026-03-16 14:41:01]  [94/1655] [성공] Antinori Castello della S... | 분포:True
[2026-03-16 14:41:01]  [97/1655] [성공] F.X. Pichler Loibner Grün... | 분포:True
[2026-03-16 14:41:01]  [91/1655] [성공] Planeta La Segreta Il Bia... | 분포:True
[2026-03-16 14:41:02]  [102/1655] [성공] Henry Fessy Morgon 2008... | 분포:True
[2026-03-16 14:41:02]  [98/1655] [성공] Kolonne Null Riesling 202... | 분포:True
[2026-03-16 14:41:02]  [95/1655] [성공] Terenzi Bramaluce Toscana... | 분포:True
[2026-03-16 14:41:02]  [93/1655] [성공] Sartarelli Balciana 2019... | 분포:True
[2026-03-16 14:41:03]  [104/1655] [성공] Schloss Lieser SL Rieslin... | 분포:True
[2026-03-16 14:41:03]  [103/1655] [성공] Conterno Fantino Barolo G... | 분포:True
[2026-03-16 14:41:03]  [105/1655] [성공] Coltibuono Cancelli Rosso... | 분포:True
[2026-03-16 14:41:04]  [109/1655] [성공] Glaetzer Amon-Ra Shiraz 2... | 분포:True
[2026-03-16 14:41:04]  [106/1655] [성공] Pegasus Bay Chardonnay 20... | 분포:True
[2026-03-16 14:41:04]  [107/1655] [성공] Château Latour Les Forts ... | 분포:True
[2026-03-16 14:41:04]  [111/1655] [성공] St. Michael-Eppan Blaubur... | 분포:True
[2026-03-16 14:41:04]  [108/1655] [성공] De Faveri Valdobbiadene P... | 분포:True
[2026-03-16 14:41:05]  [112/1655] [성공] Domaine Leflaive Puligny-... | 분포:True
[2026-03-16 14:41:05]  [113/1655] [성공] Domaine Gros Frère et Soe... | 분포:True
[2026-03-16 14:41:05]  [110/1655] [성공] Amistat Rouge 2015... | 분포:True
[2026-03-16 14:41:06]  [117/1655] [성공] Seghesio Cortina Zinfande... | 분포:True
[2026-03-16 14:41:06]  [115/1655] [성공] Château Patache d'Aux Méd... | 분포:True
[2026-03-16 14:41:06]  [116/1655] [성공] Dönnhoff Hermannshöhle Ri... | 분포:True
[2026-03-16 14:41:06]  [114/1655] [성공] House of Hafner Family Es... | 분포:False
[2026-03-16 14:41:06]  [118/1655] [성공] Tabali Pedregoso Gran Res... | 분포:True
[2026-03-16 14:41:06]  [119/1655] [성공] R. H. Phillips Cabernet S... | 분포:True
[2026-03-16 14:41:06]  [120/1655] [성공] Château Cantenac Brown Ma... | 분포:True
[2026-03-16 14:41:07] --- 중간 저장: 누적 2037건 ---
[2026-03-16 14:41:18]  [123/1655] [성공] Destiny Bay Vineyards Mag... | 분포:True
[2026-03-16 14:41:19]  [124/1655] [성공] Royal Oporto Ruby Port... | 분포:True
[2026-03-16 14:41:19]  [126/1655] [성공] Ayala Brut Majeur Champag... | 분포:True
[2026-03-16 14:41:19]  [125/1655] [성공] Pegasus Bay Gewürztramine... | 분포:True
[2026-03-16 14:41:19]  [122/1655] [성공] Gallo Family Vineyards Ch... | 분포:False
[2026-03-16 14:41:19]  [130/1655] [성공] Domaine Boris Champy Alti... | 분포:True
[2026-03-16 14:41:19]  [131/1655] [성공] Peter Lehmann Weighbridge... | 분포:True
[2026-03-16 14:41:19]  [132/1655] [성공] Clearview Estate Endeavou... | 분포:True
[2026-03-16 14:41:19]  [127/1655] [성공] De Faveri Rosè Extra Dry... | 분포:True
[2026-03-16 14:41:19]  [128/1655] [성공] Joh. Jos. Prüm Graacher H... | 분포:True
[2026-03-16 14:41:20]  [121/1655] [성공] St. Michael-Eppan Weissbu... | 분포:True
[2026-03-16 14:41:20]  [129/1655] [성공] Weingut Tinhof Leithaberg... | 분포:True
[2026-03-16 14:41:21]  [133/1655] [성공] Paul Bara Grand Rosé Brut... | 분포:True
[2026-03-16 14:41:22]  [134/1655] [성공] Masciarelli Montepulciano... | 분포:True
[2026-03-16 14:41:22]  [135/1655] [성공] Dönnhoff Weissburgunder S... | 분포:True
[2026-03-16 14:41:22]  [138/1655] [성공] Marchese delle Saline Tìa... | 분포:True
[2026-03-16 14:41:22]  [141/1655] [성공] Carmel (יקבי כרמל) Old Vi... | 분포:True
[2026-03-16 14:41:23]  [140/1655] [성공] Château des Laurets Puiss... | 분포:True
[2026-03-16 14:41:23]  [137/1655] [성공] Valli Bannockburn Vineyar... | 분포:True
[2026-03-16 14:41:23]  [136/1655] [성공] Finca Constancia Altozano... | 분포:True
[2026-03-16 14:41:23]  [143/1655] [성공] Destiny Bay Vineyards Mys... | 분포:True
[2026-03-16 14:41:23]  [142/1655] [성공] Montes Classic Series / R... | 분포:True
[2026-03-16 14:41:23]  [139/1655] [성공] Burn Cottage Burn Cottage... | 분포:True
[2026-03-16 14:41:23]  [144/1655] [성공] Ruffino Romitorio di Sant... | 분포:True
[2026-03-16 14:41:24]  [147/1655] [성공] Tenuta Romana Soliditas 2... | 분포:True
[2026-03-16 14:41:24]  [145/1655] [성공] Château l'Eglise-Clinet P... | 분포:True
[2026-03-16 14:41:24]  [149/1655] [성공] Cycles Gladiator Merlot C... | 분포:False
[2026-03-16 14:41:25]  [148/1655] [성공] Domaine de l'Alliance Sau... | 분포:True
[2026-03-16 14:41:25]  [146/1655] [성공] Powers Malbec 2009... | 분포:True
[2026-03-16 14:41:26]  [150/1655] [성공] Gröhl Grauer Burgunder Tr... | 분포:True
[2026-03-16 14:41:26] --- 중간 저장: 누적 2067건 ---
[2026-03-16 14:41:38]  [155/1655] [성공] Kessler-Zink Riesling Kab... | 분포:True
[2026-03-16 14:41:38]  [151/1655] [성공] Argiano Solengo 2019... | 분포:True
[2026-03-16 14:41:39]  [159/1655] [성공] L . Tramier & Fils Le Pet... | 분포:True
[2026-03-16 14:41:39]  [154/1655] [성공] Château Marquis de Terme ... | 분포:True
[2026-03-16 14:41:39]  [152/1655] [성공] Château Latour Grand Vin ... | 분포:True
[2026-03-16 14:41:39]  [156/1655] [성공] Hiedler Maximum Grüner Ve... | 분포:True
[2026-03-16 14:41:39]  [160/1655] [성공] Barefoot White Zinfandel... | 분포:True
[2026-03-16 14:41:39]  [161/1655] [성공] Clos Bellane Côtes du Rhô... | 분포:True
[2026-03-16 14:41:39]  [162/1655] [성공] Tony Bish Golden Egg Char... | 분포:True
[2026-03-16 14:41:40]  [158/1655] [성공] Montes Classic Series / R... | 분포:True
[2026-03-16 14:41:40]  [157/1655] [성공] Drei Donà - Tenuta La Pal... | 분포:True
[2026-03-16 14:41:40]  [153/1655] [성공] Carrick Sauvignon Blanc 2... | 분포:True
[2026-03-16 14:41:41]  [164/1655] [성공] Banrock Station Moscato 2... | 분포:True
[2026-03-16 14:41:41]  [166/1655] [성공] Francis Ford Coppola Wine... | 분포:True
[2026-03-16 14:41:42]  [163/1655] [성공] Becker Landgraf J² Grauer... | 분포:True
[2026-03-16 14:41:42]  [165/1655] [성공] Veyder-Malberg Elsarner R... | 분포:True
[2026-03-16 14:41:42]  [167/1655] [성공] Mas de Daumas Gassac Friz... | 분포:True
[2026-03-16 14:41:42]  [169/1655] [성공] Dunleavy The Grafter Sing... | 분포:True
[2026-03-16 14:41:43]  [168/1655] [성공] Dulong Bordeaux 2003... | 분포:False
[2026-03-16 14:41:43]  [170/1655] [성공] Costaripa Mattia Vezzola ... | 분포:True
[2026-03-16 14:41:43]  [171/1655] [성공] Viñas del Vero Blecua Som... | 분포:True
[2026-03-16 14:41:43]  [175/1655] [성공] Paraduxx Pintail Blend 20... | 분포:True
[2026-03-16 14:41:43]  [174/1655] [성공] Alamos Chardonnay 2017... | 분포:True
[2026-03-16 14:41:44]  [172/1655] [성공] Stigler Klassische Flasch... | 분포:True
[2026-03-16 14:41:44]  [173/1655] [성공] Mitchelton Thomas Mitchel... | 분포:True
[2026-03-16 14:41:44]  [177/1655] [성공] Shaw + Smith Sauvignon Bl... | 분포:True
[2026-03-16 14:41:44]  [178/1655] [성공] Petit le Brun Brut Champa... | 분포:True
[2026-03-16 14:41:44]  [176/1655] [성공] Maculan Dindarello 2022... | 분포:True
[2026-03-16 14:41:45]  [180/1655] [성공] Woodbridge by Robert Mond... | 분포:False
[2026-03-16 14:41:45]  [179/1655] [성공] Yangarra PF Shiraz 2019... | 분포:True
[2026-03-16 14:41:45] --- 중간 저장: 누적 2097건 ---
[2026-03-16 14:41:54]  [181/1655] [성공] Ramos Pinto Tawny Port... | 분포:True
[2026-03-16 14:41:54]  [184/1655] [성공] A.F. Gros Vosne-Romanée '... | 분포:True
[2026-03-16 14:41:54]  [186/1655] [성공] Renacer Punto Final Caber... | 분포:True
[2026-03-16 14:41:54]  [185/1655] [성공] Domaine Anne et Herve Sig... | 분포:True
[2026-03-16 14:41:55]  [188/1655] [성공] Domaine A. et P. de Villa... | 분포:True
[2026-03-16 14:41:55]  [190/1655] [성공] A.F. Gros Richebourg Gran... | 분포:True
[2026-03-16 14:41:55]  [187/1655] [성공] Château des Fines Roches ... | 분포:True
[2026-03-16 14:41:55]  [183/1655] [성공] Hans Herzog - Hans Family... | 분포:True
[2026-03-16 14:41:55]  [192/1655] [성공] William Fèvre SEA Limited... | 분포:True
[2026-03-16 14:41:55]  [182/1655] [성공] Château Ausone Saint-Émil... | 분포:True
[2026-03-16 14:41:55]  [191/1655] [성공] Trinity Hill The Gimblett... | 분포:True
[2026-03-16 14:41:55]  [189/1655] [성공] Heartland Shiraz 2005... | 분포:True
[2026-03-16 14:41:56]  [194/1655] [성공] Frenchmans Hill Blood Cre... | 분포:True
[2026-03-16 14:41:56]  [195/1655] [성공] François Lurton Les Fumée... | 분포:False
[2026-03-16 14:41:57]  [193/1655] [성공] Alpha Crucis Cabernet Sau... | 분포:True
[2026-03-16 14:41:57]  [200/1655] [성공] Domaine Serene Willamette... | 분포:True
[2026-03-16 14:41:58]  [201/1655] [성공] Anakena Birdman Series Ca... | 분포:True
[2026-03-16 14:41:58]  [198/1655] [성공] Michel & Stéphane Ogier L... | 분포:True
[2026-03-16 14:41:58]  [202/1655] [성공] Château Giscours Château ... | 분포:True
[2026-03-16 14:41:59]  [204/1655] [성공] Les Vignerons de Tavel Cu... | 분포:True
[2026-03-16 14:41:59]  [196/1655] [성공] Chalk Hill Cabernet Sauvi... | 분포:True
[2026-03-16 14:41:59]  [197/1655] [성공] Banfi Poggio alle Mura Br... | 분포:True
[2026-03-16 14:42:00]  [203/1655] [성공] Bethany Old Vine Grenache... | 분포:True
[2026-03-16 14:42:00]  [199/1655] [성공] 13th Street 13 Below Zero... | 분포:True
[2026-03-16 14:42:00]  [205/1655] [성공] Domaine Roulot Auxey-Dure... | 분포:True
[2026-03-16 14:42:01]  [206/1655] [성공] Domaine Boris Champy Beau... | 분포:True
[2026-03-16 14:42:01]  [207/1655] [성공] Nautilus Cuvée Brut... | 분포:True
[2026-03-16 14:42:01]  [210/1655] [성공] Domaine Philippe Charlopi... | 분포:True
[2026-03-16 14:42:02]  [209/1655] [성공] Wente Family Vineyards Ri... | 분포:True
[2026-03-16 14:42:02]  [208/1655] [성공] Argyle Reserve Pinot Noir... | 분포:True
[2026-03-16 14:42:03] --- 중간 저장: 누적 2127건 ---
[2026-03-16 14:42:11]  [212/1655] [!] 데이터 없음: https://www.vivino.com/en/stag-s-leap-wine-cellars-fay-cabernet-sauvignon/w/1107322?year=2006&price_id=10250499
[2026-03-16 14:42:11]  [213/1655] [!] 데이터 없음: https://www.vivino.com/en/weingut-knoll-ried-kellerberg-durnsteiner-riesling-smaragd/w/1525786?year=2024&price_id=39978503
[2026-03-16 14:42:11]  [214/1655] [!] 데이터 없음: https://www.vivino.com/en/domaine-weinbach-clos-des-capucins-riesling-alsace-grand-cru-schlossberg/w/13576?year=2019&price_id=38459313
[2026-03-16 14:42:11]  [215/1655] [!] 데이터 없음: https://www.vivino.com/en/aldo-conterno-bussiador/w/1407984?year=2013&price_id=14541978
[2026-03-16 14:42:11]  [216/1655] [!] 데이터 없음: https://www.vivino.com/en/chateau-belgrave-haut-medoc-grand-cru-classe-haut-medoc-red-wine/w/1321228?year=2018&price_id=37843902
[2026-03-16 14:42:11]  [217/1655] [!] 데이터 없음: https://www.vivino.com/en/domaine-marquis-d-angerville-volnay-1er-cru-clos-des-ducs-monopole/w/1595135?year=2019&price_id=37844047
[2026-03-16 14:42:11]  [218/1655] [!] 데이터 없음: https://www.vivino.com/en/gibbston-valley-school-house-pinot-noir/w/1744450?year=2023&price_id=40673702
[2026-03-16 14:42:11]  [219/1655] [!] 데이터 없음: https://www.vivino.com/en/chateau-mont-redon-cotes-du-rhone-reserve/w/1879228?year=2023&price_id=40475584
[2026-03-16 14:42:11]  [220/1655] [!] 데이터 없음: https://www.vivino.com/en/kopke-twenty-years-old-tawny-port-porto/w/1190334?price_id=26436659
[2026-03-16 14:42:11]  [221/1655] [!] 데이터 없음: https://www.vivino.com/en/aldo-rainoldi-sassella-valtellina-superiore/w/1259300?year=2002&price_id=14539416
[2026-03-16 14:42:11]  [222/1655] [!] 데이터 없음: https://www.vivino.com/en/trinity-hill-homage-syrah/w/17607?year=2021&price_id=36962089
[2026-03-16 14:42:11]  [223/1655] [!] 데이터 없음: https://www.vivino.com/en/domaine-du-pelican-loire-valley-savagnin-maceration-pelliculaire/w/8828768?year=2019&price_id=37843574
[2026-03-16 14:42:11]  [224/1655] [!] 데이터 없음: https://www.vivino.com/en/terra-andina-cabernet-sauvignon-reserva/w/1136551?year=2008&price_id=2754639
[2026-03-16 14:42:11]  [225/1655] [!] 데이터 없음: https://www.vivino.com/en/renacer-punto-final-malbec-classico/w/86834?year=2011&price_id=2895345
[2026-03-16 14:42:11]  [227/1655] [!] 데이터 없음: https://www.vivino.com/en/planeta-la-segreta-il-rosso/w/1298077?year=2003&price_id=2895249
[2026-03-16 14:42:11]  [226/1655] [!] 데이터 없음: https://www.vivino.com/en/domaine-de-baluce-cuvee-baptiste-beaujolais-blanc/w/7744370?year=2023&price_id=40860400
[2026-03-16 14:42:11]  [228/1655] [!] 데이터 없음: https://www.vivino.com/en/ruffino-la-solatia-chardonnay/w/1499586?year=1998&price_id=2804582
[2026-03-16 14:42:11]  [229/1655] [!] 데이터 없음: https://www.vivino.com/en/bodegas-muga-reserva/w/1849316?year=2003&price_id=7944140
[2026-03-16 14:42:11]  [232/1655] [!] 데이터 없음: https://www.vivino.com/en/gibbston-valley-pinot-noir/w/1142375?year=2004&price_id=2895007
[2026-03-16 14:42:11]  [233/1655] [!] 데이터 없음: https://www.vivino.com/en/a-et-p-de-villaine-les-montots-mercurey/w/80283?year=2024&price_id=41141490
[2026-03-16 14:42:12]  [234/1655] [!] 데이터 없음: https://www.vivino.com/en/xanadu-wines-chardonnay/w/1629737?year=2004&price_id=15135160
[2026-03-16 14:42:12]  [235/1655] [!] 데이터 없음: https://www.vivino.com/en/alessio-dorigo-tazzelenghe/w/96463?year=2001&price_id=14539606
[2026-03-16 14:42:12]  [236/1655] [!] 데이터 없음: https://www.vivino.com/en/famille-perrin-gigondas-la-gille/w/1670585?year=2014&price_id=19327051
[2026-03-16 14:42:12]  [231/1655] [!] 데이터 없음: https://www.vivino.com/en/bellene-vosne-romanee-les-quartiers-de-nuits/w/1228386?year=2021&price_id=33731360
[2026-03-16 14:42:12]  [230/1655] [!] 데이터 없음: https://www.vivino.com/en/dievole-petrignano-chianti-classico/w/10952233?year=2021&price_id=39299295
[2026-03-16 14:42:12]  [237/1655] [!] 데이터 없음: https://www.vivino.com/en/tinel-blondelet-quercus-pouilly-fume/w/1992562?year=2021&price_id=33696582
[2026-03-16 14:42:12]  [239/1655] [!] 데이터 없음: https://www.vivino.com/en/bisquertt-la-joya-reserve-sauvignon-blanc/w/1591165?year=2006&price_id=14650491
[2026-03-16 14:42:12]  [240/1655] [!] 데이터 없음: https://www.vivino.com/en/concannon-vineyard-cabernet-sauvignon-founder-s-paso-robles/w/4254851?year=2003&price_id=15148019
[2026-03-16 14:42:12]  [211/1655] [성공] Salentein Portillo Cabern... | 분포:True
[2026-03-16 14:42:12]  [238/1655] [!] 데이터 없음: https://www.vivino.com/en/indomita-reserva-cabernet-sauvignon/w/74064?year=2007&price_id=2804930
[2026-03-16 14:42:13] --- 중간 저장: 누적 2128건 ---
[2026-03-16 14:42:22]  [241/1655] [!] 데이터 없음: https://www.vivino.com/en/a-et-p-de-villaine-rully-1er-cru-cloux-rouge/w/9544873?year=2020&price_id=37843917
[2026-03-16 14:42:22]  [243/1655] [!] 데이터 없음: https://www.vivino.com/en/blue-nun-gewurztraminer/w/1247743?year=2018&price_id=32072761
[2026-03-16 14:42:22]  [242/1655] [!] 데이터 없음: https://www.vivino.com/en/sebestyen-szekszard-nanai-kekfrankos/w/4116568?year=2011&price_id=9233860
[2026-03-16 14:42:22]  [244/1655] [!] 데이터 없음: https://www.vivino.com/en/fattoria-dei-barbi-toscano-birbone/w/54294?year=2006&price_id=2804846
[2026-03-16 14:42:22]  [245/1655] [!] 데이터 없음: https://www.vivino.com/en/verum-castilla-la-mancha-la-posada-tempranillo/w/2364691?year=2015&price_id=14650544
[2026-03-16 14:42:22]  [246/1655] [!] 데이터 없음: https://www.vivino.com/en/norman-hardie-riesling/w/2413981?year=2013&price_id=14540841
[2026-03-16 14:42:22]  [247/1655] [!] 데이터 없음: https://www.vivino.com/en/kaesler-stonehorse-shiraz/w/87516?year=2018&price_id=26456000
[2026-03-16 14:42:22]  [248/1655] [!] 데이터 없음: https://www.vivino.com/en/chateau-purcari-eighteen-twentyseven-pinot-grigio-de-purcari/w/3142523?year=2014&price_id=10352038
[2026-03-16 14:42:22]  [249/1655] [!] 데이터 없음: https://www.vivino.com/en/de-josef-leitz-blanc-de-noirs-brut/w/1951689?year=2020&price_id=29297146
[2026-03-16 14:42:22]  [250/1655] [!] 데이터 없음: https://www.vivino.com/en/takler-reserve-kekfrankos/w/4500566?year=2012&price_id=12052991
[2026-03-16 14:42:22]  [251/1655] [!] 데이터 없음: https://www.vivino.com/en/pegasus-bay-winery-pinot-noir/w/16117?year=2022&price_id=37229829
[2026-03-16 14:42:22]  [252/1655] [!] 데이터 없음: https://www.vivino.com/en/xanadu-wines-djl-sauvignon-blanc-semillon/w/5972771?year=2013&price_id=18418747
[2026-03-16 14:42:22]  [253/1655] [!] 데이터 없음: https://www.vivino.com/en/bests-chardonnay/w/3053487?year=2001&price_id=2895267
[2026-03-16 14:42:22]  [254/1655] [!] 데이터 없음: https://www.vivino.com/en/didier-dagueneau-louis-benjamin-dagueneau-blanc-etc-pouilly-fume/w/9895558?year=2020&price_id=35146327
[2026-03-16 14:42:22]  [255/1655] [!] 데이터 없음: https://www.vivino.com/en/weingut-josef-pockl-solo-rosso/w/1687266?year=2022&price_id=40735235
[2026-03-16 14:42:22]  [256/1655] [!] 데이터 없음: https://www.vivino.com/en/scea-chateau-la-marzelle-saint-emilion-grand-cru-grand-cru-classe/w/1172667?year=2011&price_id=9353540
[2026-03-16 14:42:22]  [257/1655] [!] 데이터 없음: https://www.vivino.com/en/telmo-rodriguez-gago-g/w/63084?year=2012&price_id=14650393
[2026-03-16 14:42:22]  [260/1655] [!] 데이터 없음: https://www.vivino.com/en/saxenburg-private-collection-sauvignon-blanc/w/1636020?year=2006&price_id=2895358
[2026-03-16 14:42:22]  [261/1655] [!] 데이터 없음: https://www.vivino.com/en/domaine-la-croix-de-roche-bordeaux-superieur/w/1406198?year=2020&price_id=35241735
[2026-03-16 14:42:22]  [262/1655] [!] 데이터 없음: https://www.vivino.com/en/tement-morillon-muschelkalk/w/2371605?year=2023&price_id=39619308
[2026-03-16 14:42:22]  [263/1655] [!] 데이터 없음: https://www.vivino.com/en/kendall-jackson-vintner-s-reserve-chardonnay/w/2132?year=2008&price_id=3680220
[2026-03-16 14:42:22]  [264/1655] [!] 데이터 없음: https://www.vivino.com/en/la-biancara-di-angiolino-maule-pico/w/1313670?year=2019&price_id=40071814
[2026-03-16 14:42:23]  [266/1655] [!] 데이터 없음: https://www.vivino.com/en/redwood-creek-merlot/w/83724?year=2002&price_id=2895030
[2026-03-16 14:42:23]  [258/1655] [!] 데이터 없음: https://www.vivino.com/en/te-awanga-estate-quarter-acre-chardonnay/w/3439431?year=2021&price_id=35150960
[2026-03-16 14:42:23]  [259/1655] [!] 데이터 없음: https://www.vivino.com/en/santa-rita-bougainville-petite-sirah/w/1982106?year=2013&price_id=25002081
[2026-03-16 14:42:23]  [267/1655] [!] 데이터 없음: https://www.vivino.com/en/pio-cesare-barolo/w/22550?year=2019&price_id=36485475
[2026-03-16 14:42:23]  [268/1655] [!] 데이터 없음: https://www.vivino.com/en/chateau-de-chantegrive-graves/w/1177468?year=2018&price_id=38473135
[2026-03-16 14:42:23]  [269/1655] [!] 데이터 없음: https://www.vivino.com/en/bellavista-franciacorta-franciacorta-grande-cuvee-alma-non-dosato-franciacorta/w/7314931?price_id=38792152
[2026-03-16 14:42:23]  [270/1655] [!] 데이터 없음: https://www.vivino.com/en/newton-chardonnay-unfiltered/w/1618879?year=2005&price_id=14539697
[2026-03-16 14:42:23]  [265/1655] [!] 데이터 없음: https://www.vivino.com/en/casa-vinicola-gioacchino-garofoli-spa-rosso-conero-piancarda/w/7922?year=2015&price_id=20935326
[2026-03-16 14:42:23] --- 중간 저장: 누적 2128건 ---
[2026-03-16 14:42:30]  [271/1655] [!] 데이터 없음: https://www.vivino.com/en/erath-pinot-noir/w/1451312?year=2008&price_id=14650448
[2026-03-16 14:42:30]  [273/1655] [!] 데이터 없음: https://www.vivino.com/en/stonyridge-vineyard-larose-red-blend/w/1631901?year=2018&price_id=19991922
[2026-03-16 14:42:30]  [272/1655] [!] 데이터 없음: https://www.vivino.com/en/domaine-du-tunnel-saint-joseph/w/1105482?year=2023&price_id=38542966
[2026-03-16 14:42:30]  [274/1655] [!] 데이터 없음: https://www.vivino.com/en/weingut-richard-ostreicher-rossbach-chardonnay/w/6878678?year=2023&price_id=39797840
[2026-03-16 14:42:30]  [275/1655] [!] 데이터 없음: https://www.vivino.com/en/champagne-billecart-salmon-vintage-champagne/w/1319243?year=2013&price_id=41190228
[2026-03-16 14:42:30]  [276/1655] [!] 데이터 없음: https://www.vivino.com/en/mucyn-saint-joseph-les-salamandres/w/5013957?year=2023&price_id=38118363
[2026-03-16 14:42:30]  [277/1655] [!] 데이터 없음: https://www.vivino.com/en/domain-road-paradise-pinot-noir/w/2814057?year=2019&price_id=37940072
[2026-03-16 14:42:30]  [278/1655] [!] 데이터 없음: https://www.vivino.com/en/chateau-ducru-beaucaillou-saint-julien-grand-cru-classe/w/61744?year=2009&price_id=90077
[2026-03-16 14:42:30]  [280/1655] [!] 데이터 없음: https://www.vivino.com/en/pares-balta-electio-xarel-lo/w/1262317?year=2006&price_id=14650399
[2026-03-16 14:42:30]  [279/1655] [!] 데이터 없음: https://www.vivino.com/en/chateau-saint-pierre-saint-julien-saint-julien-grand-cru-classe/w/1181214?year=2005&price_id=40825901
[2026-03-16 14:42:30]  [281/1655] [!] 데이터 없음: https://www.vivino.com/en/tenuta-di-trinoro-toscana-le-cupole-rosso/w/1164872?year=2022&price_id=40393519
[2026-03-16 14:42:30]  [282/1655] [!] 데이터 없음: https://www.vivino.com/en/veyder-malberg-elsarner-ried-brandstatt-riesling/w/4335665?year=2021&price_id=37843850
[2026-03-16 14:42:30]  [284/1655] [!] 데이터 없음: https://www.vivino.com/en/mamete-prevostini-corte-di-cama-sforzato-di-valtellina/w/75712?year=2014&price_id=19070154
[2026-03-16 14:42:30]  [289/1655] [!] 데이터 없음: https://www.vivino.com/en/es-gonzalez-byass-cristina-medium-dry/w/5252069?price_id=22111014
[2026-03-16 14:42:30]  [293/1655] [!] 데이터 없음: https://www.vivino.com/en/au-brokenwood-semillon/w/1843911?year=2006&price_id=2754403
[2026-03-16 14:42:30]  [283/1655] [!] 데이터 없음: https://www.vivino.com/en/indomita-brio-cabernet-sauvignon/w/1676842?year=2007&price_id=14549785
[2026-03-16 14:42:30]  [285/1655] [!] 데이터 없음: https://www.vivino.com/en/chalk-hill-vermentino/w/6024391?year=2014&price_id=26783523
[2026-03-16 14:42:30]  [287/1655] [!] 데이터 없음: https://www.vivino.com/en/domaine-comte-georges-de-vogue-musigny-grand-cru-cuvee-vieilles-vignes/w/1187200?year=2006&price_id=37844043
[2026-03-16 14:42:30]  [286/1655] [!] 데이터 없음: https://www.vivino.com/en/master-one-limited-edition-cabernet-sauvignon/w/5052142?year=2013&price_id=10084580
[2026-03-16 14:42:30]  [288/1655] [!] 데이터 없음: https://www.vivino.com/en/castello-di-semivicoli-trebbiano-d-abruzzo/w/1240102?year=2010&price_id=7943993
[2026-03-16 14:42:31]  [290/1655] [!] 데이터 없음: https://www.vivino.com/en/merryvale-vineyards-chardonnay/w/3085?year=2003&price_id=2895118
[2026-03-16 14:42:31]  [291/1655] [!] 데이터 없음: https://www.vivino.com/en/zuccardi-serie-a-malbec/w/19445?year=2008&price_id=14650441
[2026-03-16 14:42:31]  [292/1655] [!] 데이터 없음: https://www.vivino.com/en/greywacke-kevin-judd-pinot-noir/w/1130869?year=2021&price_id=34771413
[2026-03-16 14:42:31]  [294/1655] [!] 데이터 없음: https://www.vivino.com/en/de-bortoli-noble-one-botrytis-semillon/w/19085?year=2003&price_id=13579481
[2026-03-16 14:42:31]  [297/1655] [!] 데이터 없음: https://www.vivino.com/en/castano-solanera-vinas-viejas/w/1137120?year=2020&price_id=37805346
[2026-03-16 14:42:31]  [298/1655] [!] 데이터 없음: https://www.vivino.com/en/clos-culombu-ribbe-rosse-blanc/w/6507499?year=2022&price_id=38520534
[2026-03-16 14:42:31]  [299/1655] [!] 데이터 없음: https://www.vivino.com/en/fr-pierre-jean-villa-jardin-suspendu-condrieu/w/5251610?year=2023&price_id=39190049
[2026-03-16 14:42:31]  [300/1655] [!] 데이터 없음: https://www.vivino.com/en/moric-lutzmannsburg-alte-reben-blaufrankisch/w/1126419?year=2020&price_id=37843648
[2026-03-16 14:42:31]  [296/1655] [!] 데이터 없음: https://www.vivino.com/en/gibbston-valley-shed-red-pinot-blanc/w/3815168?year=2023&price_id=37940069
[2026-03-16 14:42:31]  [295/1655] [!] 데이터 없음: https://www.vivino.com/en/bisquertt-la-joya-reserve-malbec/w/1154445?year=2005&price_id=14650511
[2026-03-16 14:42:32] --- 중간 저장: 누적 2128건 ---
[2026-03-16 14:42:38]  [301/1655] [!] 데이터 없음: https://www.vivino.com/en/kollwentz-rose/w/96825?year=2023&price_id=37843950
[2026-03-16 14:42:38]  [302/1655] [!] 데이터 없음: https://www.vivino.com/en/domaine-a-f-gros-richebourg-grand-cru/w/1100248?year=2023&price_id=40825911
[2026-03-16 14:42:38]  [303/1655] [!] 데이터 없음: https://www.vivino.com/en/zonin-berengario/w/10304?year=2000&price_id=14650376
[2026-03-16 14:42:38]  [304/1655] [!] 데이터 없음: https://www.vivino.com/en/weingut-knoll-ried-schutt-durnsteiner-riesling-smaragd/w/1102933?year=2022&price_id=37843920
[2026-03-16 14:42:38]  [305/1655] [!] 데이터 없음: https://www.vivino.com/en/millton-clos-de-ste-anne-the-crucible-syrah/w/5390659?year=2021&price_id=35716883
[2026-03-16 14:42:38]  [307/1655] [!] 데이터 없음: https://www.vivino.com/en/los-colmillos-tinto/w/1148300?year=2009&price_id=2895132
[2026-03-16 14:42:38]  [306/1655] [!] 데이터 없음: https://www.vivino.com/en/chateau-labegorce-margaux/w/91020?year=2014&price_id=15506039
[2026-03-16 14:42:38]  [308/1655] [!] 데이터 없음: https://www.vivino.com/en/mamete-prevostini-sommarovina-valtellina-superiore-sassella/w/1265175?year=2015&price_id=25110762
[2026-03-16 14:42:38]  [309/1655] [!] 데이터 없음: https://www.vivino.com/en/pasas-sonrosado/w/3196645?year=2013&price_id=14540517
[2026-03-16 14:42:38]  [311/1655] [!] 데이터 없음: https://www.vivino.com/en/borgianni-chianti/w/1211572?year=2014&price_id=8555815
[2026-03-16 14:42:38]  [310/1655] [!] 데이터 없음: https://www.vivino.com/en/pio-cesare-dolcetto-d-alba/w/22546?year=2022&price_id=36485657
[2026-03-16 14:42:38]  [312/1655] [!] 데이터 없음: https://www.vivino.com/en/masi-veneto-levarie-soave-classico/w/21984?year=2003&price_id=2895119
[2026-03-16 14:42:39]  [313/1655] [!] 데이터 없음: https://www.vivino.com/en/badia-a-coltibuono-chianti-cetamura/w/1126792?year=2006&price_id=2895062
[2026-03-16 14:42:39]  [314/1655] [!] 데이터 없음: https://www.vivino.com/en/marques-de-murrieta-reserva-rioja-finca-ygay/w/10998?year=2001&price_id=2894970
[2026-03-16 14:42:39]  [315/1655] [!] 데이터 없음: https://www.vivino.com/en/rh-phillips-exp-syrah/w/1132213?year=2003&price_id=14549945
[2026-03-16 14:42:39]  [316/1655] [!] 데이터 없음: https://www.vivino.com/en/domaine-leflaive-puligny-montrachet-1er-cru-clavoillon-puligny-montrachet-clavaillon/w/84914?year=2023&price_id=41121102
[2026-03-16 14:42:39]  [317/1655] [!] 데이터 없음: https://www.vivino.com/en/castelnau-blanc-de-blancs-millesime-brut-champagne/w/2178254?year=2008&price_id=39133163
[2026-03-16 14:42:39]  [318/1655] [!] 데이터 없음: https://www.vivino.com/en/ernest-julio-gallo-frei-ranch-vineyard-cabernet-sauvignon/w/1919990?year=1997&price_id=2804912
[2026-03-16 14:42:39]  [320/1655] [!] 데이터 없음: https://www.vivino.com/en/escudo-rojo-gran-reserva/w/4217?year=2017&price_id=17970383
[2026-03-16 14:42:39]  [319/1655] [!] 데이터 없음: https://www.vivino.com/en/it-s-cristina-cabernet-sauvignon-garda/w/1127734?year=2020&price_id=36485578
[2026-03-16 14:42:39]  [321/1655] [!] 데이터 없음: https://www.vivino.com/en/rupestre-de-alpera-tinto/w/2283949?year=2009&price_id=14650515
[2026-03-16 14:42:39]  [323/1655] [!] 데이터 없음: https://www.vivino.com/en/craggy-range-syrah-gimblett-gravels-vineyard/w/2396111?year=2023&price_id=39913980
[2026-03-16 14:42:39]  [322/1655] [!] 데이터 없음: https://www.vivino.com/en/es-gonzalez-byass-alfonso-oloroso-seco/w/1164440?price_id=22111497
[2026-03-16 14:42:39]  [324/1655] [!] 데이터 없음: https://www.vivino.com/en/beres-tokaji-aszu-3-puttonyos/w/1235477?year=2008&price_id=13579434
[2026-03-16 14:42:39]  [327/1655] [!] 데이터 없음: https://www.vivino.com/en/familia-torres-tres-torres/w/1878566?year=2005&price_id=14541008
[2026-03-16 14:42:39]  [328/1655] [!] 데이터 없음: https://www.vivino.com/en/bindi-sergardi-calidonia-chianti-classico-riserva/w/21369?year=2005&price_id=14549970
[2026-03-16 14:42:39]  [330/1655] [!] 데이터 없음: https://www.vivino.com/en/donnhoff-weissburgunder-trocken/w/1155958?year=2023&price_id=38459358
[2026-03-16 14:42:39]  [329/1655] [!] 데이터 없음: https://www.vivino.com/en/handpicked-cabernet-merlot/w/1406636?year=2010&price_id=2804825
[2026-03-16 14:42:39]  [325/1655] [!] 데이터 없음: https://www.vivino.com/en/indomita-varietal-chardonnay/w/1220903?year=2008&price_id=2895138
[2026-03-16 14:42:39]  [326/1655] [!] 데이터 없음: https://www.vivino.com/en/vie-di-romans-vineyards-piere-sauvignon-blanc/w/1084873?year=2021&price_id=38835114
[2026-03-16 14:42:40] --- 중간 저장: 누적 2128건 ---
[2026-03-16 14:42:48]  [331/1655] [!] 데이터 없음: https://www.vivino.com/en/century-cellars-cabernet-sauvignon/w/1144221?year=2004&price_id=2895300
[2026-03-16 14:42:48]  [332/1655] [!] 데이터 없음: https://www.vivino.com/en/von-winning-chardonnay-ii-pfalz/w/5290719?year=2015&price_id=15032662
[2026-03-16 14:42:48]  [333/1655] [!] 데이터 없음: https://www.vivino.com/en/hugo-cabernet-sauvignon/w/2222303?year=2010&price_id=2804882
[2026-03-16 14:42:48]  [334/1655] [!] 데이터 없음: https://www.vivino.com/en/bollinger-special-cuvee-brut-ay-champagne/w/18929?price_id=22122555
[2026-03-16 14:42:48]  [335/1655] [!] 데이터 없음: https://www.vivino.com/en/penfolds-father-grand-tawny-10-year-old/w/2069066?price_id=22391436
[2026-03-16 14:42:48]  [336/1655] [!] 데이터 없음: https://www.vivino.com/en/dourthe-freres-bordeaux-numero-1/w/4004409?year=2005&price_id=7953598
[2026-03-16 14:42:48]  [337/1655] [!] 데이터 없음: https://www.vivino.com/en/kettmeir-athesis-brut/w/1541232?year=2022&price_id=41144052
[2026-03-16 14:42:48]  [338/1655] [!] 데이터 없음: https://www.vivino.com/en/providence-syrah/w/2403913?year=2014&price_id=14575619
[2026-03-16 14:42:48]  [339/1655] [!] 데이터 없음: https://www.vivino.com/en/masi-veneto-fresco-di-masi-organic-bianco-verona/w/9445166?price_id=36904704
[2026-03-16 14:42:48]  [340/1655] [!] 데이터 없음: https://www.vivino.com/en/nederburg-estate-the-winemaster-s-sauvignon-blanc-coastal-region/w/1548031?year=2016&price_id=16860347
[2026-03-16 14:42:48]  [342/1655] [!] 데이터 없음: https://www.vivino.com/en/ar-flechas-de-los-andes-gran-corte/w/1154129?year=2010&price_id=14650496
[2026-03-16 14:42:48]  [341/1655] [!] 데이터 없음: https://www.vivino.com/en/la-croisade-reserve-cabernet-syrah-vin-de-pays-doc/w/1457955?year=2012&price_id=7953561
[2026-03-16 14:42:49]  [343/1655] [!] 데이터 없음: https://www.vivino.com/en/domaine-a-f-gros-echezeaux-grand-cru/w/1300947?year=2023&price_id=40825899
[2026-03-16 14:42:49]  [345/1655] [!] 데이터 없음: https://www.vivino.com/en/molino-104975-vitalis-langhe-nebbiolo/w/1413031?year=2021&price_id=37773332
[2026-03-16 14:42:49]  [344/1655] [!] 데이터 없음: https://www.vivino.com/en/la-rocca-vineyards-merlot/w/2356173?year=2009&price_id=2873848
[2026-03-16 14:42:49]  [346/1655] [!] 데이터 없음: https://www.vivino.com/en/perez-cruz-liguai/w/96488?year=2006&price_id=14650423
[2026-03-16 14:42:49]  [348/1655] [!] 데이터 없음: https://www.vivino.com/en/sordo-sori-gabutti-riserva-barolo/w/6229359?year=2003&price_id=14958678
[2026-03-16 14:42:49]  [349/1655] [!] 데이터 없음: https://www.vivino.com/en/wente-family-vineyards-riva-ranch-pinot-noir-arroyo-seco-red-wine/w/4426980?year=2012&price_id=16013243
[2026-03-16 14:42:49]  [347/1655] [!] 데이터 없음: https://www.vivino.com/en/michel-redde-et-fils-les-champs-des-billons-blanc-fume-de-pouilly/w/1100053?year=2022&price_id=38558278
[2026-03-16 14:42:49]  [350/1655] [!] 데이터 없음: https://www.vivino.com/en/bests-riesling/w/96184?year=2012&price_id=21678413
[2026-03-16 14:42:49]  [351/1655] [!] 데이터 없음: https://www.vivino.com/en/peregrine-wines-central-otago-limited-sauvignon-blanc/w/1837249?year=2025&price_id=40802954
[2026-03-16 14:42:49]  [352/1655] [!] 데이터 없음: https://www.vivino.com/en/cave-de-turckheim-pinot-gris-alsace-grand-cru-hengst/w/87963?year=2011&price_id=19190701
[2026-03-16 14:42:49]  [353/1655] [!] 데이터 없음: https://www.vivino.com/en/casa-silva-angostura-gran-reserva-chardonnay/w/1209056?year=2010&price_id=16730140
[2026-03-16 14:42:49]  [354/1655] [!] 데이터 없음: https://www.vivino.com/en/chard-farm-pinot-gris-sur-lie/w/83452?year=2023&price_id=34789813
[2026-03-16 14:42:49]  [355/1655] [!] 데이터 없음: https://www.vivino.com/en/louis-jadot-meursault/w/2923?year=1988&price_id=38161864
[2026-03-16 14:42:49]  [356/1655] [!] 데이터 없음: https://www.vivino.com/en/hannes-sabathi-gelber-muskateller-klassik/w/90052?year=2022&price_id=37843757
[2026-03-16 14:42:50]  [359/1655] [!] 데이터 없음: https://www.vivino.com/en/ata-rangi-mccrone-vineyard-pinot-noir/w/4099227?year=2020&price_id=35488250
[2026-03-16 14:42:50]  [357/1655] [!] 데이터 없음: https://www.vivino.com/en/bv-coastal-estates-cabernet-sauvignon/w/1141521?year=2004&price_id=14539635
[2026-03-16 14:42:50]  [358/1655] [!] 데이터 없음: https://www.vivino.com/en/hans-herzog-hans-family-estate-riesling/w/1677842?year=2019&price_id=39913995
[2026-03-16 14:42:50]  [360/1655] [!] 데이터 없음: https://www.vivino.com/en/deinhard-green-label-riesling/w/12199502?year=2006&price_id=38369325
[2026-03-16 14:42:50] --- 중간 저장: 누적 2128건 ---
[2026-03-16 17:55:45] [*] 기존 데이터 2128건 로드됨.
[2026-03-16 17:55:45] [*] 울트라 패스트 수집 시작: 대상 1446건 (병렬:12)
[2026-03-16 17:55:57]  [12/1446] [성공] Aldo Rainoldi Sassella Va... | 분포:True
[2026-03-16 17:55:57]  [3/1446] [성공] Stag's Leap Wine Cellars ... | 분포:True
[2026-03-16 17:55:57]  [8/1446] [성공] Domaine Marquis d'Angervi... | 분포:True
[2026-03-16 17:55:57]  [6/1446] [성공] Aldo Conterno Bussiador 2... | 분포:True
[2026-03-16 17:55:57]  [2/1446] [!] 데이터 없음: https://www.vivino.com/en/contadi-castaldi-franciacorta-rose/w/1309984?price_id=3433419
[2026-03-16 17:55:57]  [5/1446] [성공] Domaine Weinbach Clos des... | 분포:True
[2026-03-16 17:55:58]  [7/1446] [성공] Château Belgrave Haut-Méd... | 분포:True
[2026-03-16 17:55:58]  [10/1446] [성공] Château Mont-Redon Côtes ... | 분포:True
[2026-03-16 17:55:58]  [11/1446] [성공] Kopke 20 Years Old Tawny ... | 분포:True
[2026-03-16 17:55:58]  [1/1446] [!] 데이터 없음: https://www.vivino.com/en/barefoot-moscato/w/1201651?price_id=7943990
[2026-03-16 17:55:58]  [9/1446] [성공] Gibbston Valley School Ho... | 분포:True
[2026-03-16 17:55:58]  [4/1446] [성공] Weingut Knoll Ried Keller... | 분포:True
[2026-03-16 17:55:59]  [14/1446] [성공] Domaine du Pelican Savagn... | 분포:True
[2026-03-16 17:55:59]  [13/1446] [성공] Trinity Hill Homage Syrah... | 분포:True
[2026-03-16 17:55:59]  [16/1446] [성공] Renacer Punto Final Malbe... | 분포:True
[2026-03-16 17:56:00]  [15/1446] [성공] Terra Andina Cabernet Sau... | 분포:True
[2026-03-16 17:56:00]  [20/1446] [성공] Bodegas Muga Reserva 2003... | 분포:True
[2026-03-16 17:56:00]  [18/1446] [성공] Planeta La Segreta Il Ros... | 분포:True
[2026-03-16 17:56:00]  [21/1446] [성공] Dievole Petrignano Chiant... | 분포:True
[2026-03-16 17:56:00]  [17/1446] [성공] Domaine de Baluce Cuvée B... | 분포:True
[2026-03-16 17:56:01]  [24/1446] [성공] Domaine A. et P. de Villa... | 분포:True
[2026-03-16 17:56:01]  [23/1446] [성공] Gibbston Valley Pinot Noi... | 분포:True
[2026-03-16 17:56:01]  [22/1446] [성공] Domaine de Bellène Vosne-... | 분포:True
[2026-03-16 17:56:01]  [19/1446] [성공] Ruffino La Solatia Chardo... | 분포:True
[2026-03-16 17:56:01]  [25/1446] [성공] Xanadu Chardonnay 2004... | 분포:True
[2026-03-16 17:56:02]  [26/1446] [성공] Dorigo Tazzelenghe 2001... | 분포:False
[2026-03-16 17:56:02]  [30/1446] [성공] Bisquertt Family Vineyard... | 분포:True
[2026-03-16 17:56:02]  [28/1446] [성공] Tinel-Blondelet Quercus P... | 분포:True
[2026-03-16 17:56:02]  [27/1446] [성공] Famille Perrin Gigondas L... | 분포:True
[2026-03-16 17:56:03]  [29/1446] [성공] Indomita Reserva Cabernet... | 분포:True
[2026-03-16 17:56:03] --- 중간 저장: 누적 2156건 ---
[2026-03-16 17:56:14]  [32/1446] [성공] Domaine A. et P. de Villa... | 분포:True
[2026-03-16 17:56:14]  [31/1446] [성공] Concannon Cabernet Sauvig... | 분포:True
[2026-03-16 17:56:14]  [34/1446] [성공] Blue Nun Gewürztraminer 2... | 분포:True
[2026-03-16 17:56:14]  [33/1446] [성공] Sebestyén Nánai Kékfranko... | 분포:True
[2026-03-16 17:56:14]  [39/1446] [성공] Chateau Purcari 1827 Pino... | 분포:True
[2026-03-16 17:56:14]  [35/1446] [성공] Fattoria dei Barbi Toscan... | 분포:True
[2026-03-16 17:56:14]  [40/1446] [성공] Schloss Vaux Blanc de Noi... | 분포:True
[2026-03-16 17:56:14]  [36/1446] [성공] Verum La Posada Tempranil... | 분포:True
[2026-03-16 17:56:14]  [42/1446] [성공] Pegasus Bay Pinot Noir 20... | 분포:True
[2026-03-16 17:56:14]  [38/1446] [성공] Kaesler Stonehorse Shiraz... | 분포:True
[2026-03-16 17:56:15]  [41/1446] [성공] Takler Reserve Kékfrankos... | 분포:True
[2026-03-16 17:56:15]  [37/1446] [성공] Norman Hardie Riesling 20... | 분포:True
[2026-03-16 17:56:16]  [45/1446] [성공] Didier Dagueneau (Louis-B... | 분포:True
[2026-03-16 17:56:17]  [48/1446] [성공] Telmo Rodriguez Gago G 20... | 분포:True
[2026-03-16 17:56:17]  [47/1446] [성공] Château La Marzelle Saint... | 분포:True
[2026-03-16 17:56:17]  [50/1446] [성공] Santa Rita Bougainville P... | 분포:True
[2026-03-16 17:56:17]  [46/1446] [성공] Weingut Pöckl Solo Rosso ... | 분포:True
[2026-03-16 17:56:17]  [49/1446] [성공] Te Awanga Estate Quarter ... | 분포:True
[2026-03-16 17:56:17]  [43/1446] [성공] Xanadu DJL Sauvignon Blan... | 분포:True
[2026-03-16 17:56:17]  [44/1446] [성공] Best's Chardonnay 2001... | 분포:True
[2026-03-16 17:56:18]  [53/1446] [성공] Tement Morillon Muschelka... | 분포:True
[2026-03-16 17:56:18]  [54/1446] [성공] Kendall-Jackson Vintner's... | 분포:True
[2026-03-16 17:56:18]  [51/1446] [성공] Saxenburg Private Collect... | 분포:True
[2026-03-16 17:56:18]  [52/1446] [성공] Domaine La Croix de Roche... | 분포:True
[2026-03-16 17:56:19]  [55/1446] [성공] La Biancara di Angiolino ... | 분포:True
[2026-03-16 17:56:19]  [59/1446] [성공] Château de Chantegrive Gr... | 분포:True
[2026-03-16 17:56:19]  [60/1446] [성공] Bellavista Franciacorta G... | 분포:True
[2026-03-16 17:56:19]  [58/1446] [성공] Pio Cesare Barolo 2019... | 분포:True
[2026-03-16 17:56:19]  [56/1446] [성공] Garofoli Rosso Conero Pia... | 분포:True
[2026-03-16 17:56:19]  [57/1446] [성공] Redwood Creek Merlot 2002... | 분포:True
[2026-03-16 17:56:20] --- 중간 저장: 누적 2186건 ---
[2026-03-16 17:56:28]  [62/1446] [성공] Erath Pinot Noir 2008... | 분포:True
[2026-03-16 17:56:28]  [64/1446] [성공] Stonyridge Vineyard Laros... | 분포:True
[2026-03-16 17:56:29]  [70/1446] [성공] Château Saint-Pierre Sain... | 분포:True
[2026-03-16 17:56:29]  [66/1446] [성공] Billecart-Salmon Vintage ... | 분포:True
[2026-03-16 17:56:29]  [69/1446] [성공] Château Ducru-Beaucaillou... | 분포:True
[2026-03-16 17:56:29]  [65/1446] [성공] Weingut Richard Östreiche... | 분포:True
[2026-03-16 17:56:29]  [71/1446] [성공] Parés Baltà Electio Xarel... | 분포:True
[2026-03-16 17:56:29]  [72/1446] [성공] Tenuta di Trinoro Toscana... | 분포:True
[2026-03-16 17:56:30]  [61/1446] [성공] Newton Chardonnay Unfilte... | 분포:True
[2026-03-16 17:56:30]  [68/1446] [성공] Domain Road Vineyard Para... | 분포:True
[2026-03-16 17:56:30]  [63/1446] [성공] Domaine du Tunnel Saint-J... | 분포:True
[2026-03-16 17:56:30]  [67/1446] [성공] Domaine Mucyn Saint-Josep... | 분포:True
[2026-03-16 17:56:30]  [73/1446] [성공] Veyder-Malberg Elsarner R... | 분포:True
[2026-03-16 17:56:31]  [74/1446] [성공] Indomita Brio Cabernet Sa... | 분포:False
[2026-03-16 17:56:31]  [75/1446] [성공] Mamete Prevostini Corte d... | 분포:True
[2026-03-16 17:56:32]  [77/1446] [성공] Master One Limited Editio... | 분포:True
[2026-03-16 17:56:32]  [80/1446] [성공] Gonzalez-Byass Cristina M... | 분포:True
[2026-03-16 17:56:32]  [79/1446] [성공] Castello di Semivicoli Tr... | 분포:True
[2026-03-16 17:56:32]  [76/1446] [성공] Chalk Hill Vermentino 201... | 분포:False
[2026-03-16 17:56:32]  [78/1446] [성공] Domaine Comte Georges de ... | 분포:True
[2026-03-16 17:56:32]  [81/1446] [성공] Merryvale Chardonnay 2003... | 분포:True
[2026-03-16 17:56:33]  [82/1446] [성공] Zuccardi Serie A Malbec 2... | 분포:True
[2026-03-16 17:56:33]  [84/1446] [성공] Brokenwood Sémillon 2006... | 분포:True
[2026-03-16 17:56:33]  [83/1446] [성공] Greywacke Pinot Noir 2021... | 분포:True
[2026-03-16 17:56:33]  [86/1446] [성공] Bisquertt Family Vineyard... | 분포:False
[2026-03-16 17:56:33]  [87/1446] [성공] Gibbston Valley Shed Red ... | 분포:True
[2026-03-16 17:56:34]  [89/1446] [성공] Clos Culombu Ribbe Rosse ... | 분포:True
[2026-03-16 17:56:34]  [85/1446] [성공] De Bortoli Noble One Botr... | 분포:True
[2026-03-16 17:56:34]  [88/1446] [성공] Castaño Solanera Viñas Vi... | 분포:True
[2026-03-16 17:56:35]  [90/1446] [성공] Pierre Jean Villa Jardin ... | 분포:True
[2026-03-16 17:56:35] --- 중간 저장: 누적 2216건 ---
[2026-03-16 17:56:45]  [99/1446] [성공] Mamete Prevostini Sommaro... | 분포:True
[2026-03-16 17:56:45]  [93/1446] [성공] A.F. Gros Richebourg Gran... | 분포:True
[2026-03-16 17:56:45]  [101/1446] [성공] Pio Cesare Dolcetto d'Alb... | 분포:True
[2026-03-16 17:56:46]  [98/1446] [성공] Los Colmillos Tinto 2009... | 분포:True
[2026-03-16 17:56:46]  [91/1446] [성공] Moric Lutzmannsburg Alte ... | 분포:True
[2026-03-16 17:56:46]  [95/1446] [성공] Weingut Knoll Ried Schütt... | 분포:True
[2026-03-16 17:56:46]  [96/1446] [성공] Millton Clos de Ste. Anne... | 분포:True
[2026-03-16 17:56:46]  [102/1446] [성공] Borgianni Chianti 2014... | 분포:True
[2026-03-16 17:56:47]  [97/1446] [성공] Château Labégorce Margaux... | 분포:True
[2026-03-16 17:56:47]  [100/1446] [성공] Pasas Sonrosado 2013... | 분포:True
[2026-03-16 17:56:47]  [92/1446] [성공] Kollwentz Rosé 2023... | 분포:True
[2026-03-16 17:56:48]  [104/1446] [성공] Coltibuono Chianti Cetamu... | 분포:True
[2026-03-16 17:56:48]  [94/1446] [성공] Zonin Berengario 2000... | 분포:True
[2026-03-16 17:56:48]  [105/1446] [성공] Marqués de Murrieta Reser... | 분포:True
[2026-03-16 17:56:48]  [103/1446] [성공] Masi Levarie Soave Classi... | 분포:True
[2026-03-16 17:56:49]  [109/1446] [성공] Ernest & Julio Gallo Frei... | 분포:True
[2026-03-16 17:56:49]  [107/1446] [성공] Domaine Leflaive Puligny-... | 분포:True
[2026-03-16 17:56:49]  [106/1446] [성공] R. H. Phillips EXP Syrah ... | 분포:True
[2026-03-16 17:56:49]  [111/1446] [성공] Escudo Rojo Gran Reserva ... | 분포:True
[2026-03-16 17:56:49]  [110/1446] [성공] S. Cristina Cabernet Sauv... | 분포:True
[2026-03-16 17:56:49]  [108/1446] [성공] Castelnau Blanc de Blancs... | 분포:True
[2026-03-16 17:56:50]  [112/1446] [성공] Rupestre de Alpera Tinto ... | 분포:True
[2026-03-16 17:56:50]  [116/1446] [성공] Indomita Varietal Chardon... | 분포:True
[2026-03-16 17:56:51]  [117/1446] [성공] Vie di Romans Piere Sauvi... | 분포:True
[2026-03-16 17:56:51]  [114/1446] [성공] Craggy Range Syrah Gimble... | 분포:True
[2026-03-16 17:56:52]  [119/1446] [성공] Bindi Sergardi Calidonia ... | 분포:True
[2026-03-16 17:56:52]  [113/1446] [성공] Gonzalez-Byass Alfonso Ol... | 분포:True
[2026-03-16 17:56:52]  [115/1446] [성공] Béres Tokaji Aszú 3 Putto... | 분포:True
[2026-03-16 17:56:52]  [118/1446] [성공] Familia Torres Tres Torre... | 분포:True
[2026-03-16 17:56:54]  [120/1446] [성공] Handpicked Regional Selec... | 분포:True
[2026-03-16 17:56:55] --- 중간 저장: 누적 2246건 ---
[2026-03-16 17:57:18]  [124/1446] [성공] Hugo Cabernet Sauvignon 2... | 분포:True
[2026-03-16 17:57:18]  [128/1446] [성공] Kettmeir Athesis Brut 202... | 분포:True
[2026-03-16 17:57:19]  [131/1446] [성공] Nederburg The Winemaster'... | 분포:True
[2026-03-16 17:57:20]  [121/1446] [성공] Dönnhoff Weissburgunder T... | 분포:True
[2026-03-16 17:57:20]  [122/1446] [성공] Century Cellars Cabernet ... | 분포:True
[2026-03-16 17:57:20]  [132/1446] [성공] La Croisade Réserve Caber... | 분포:True
[2026-03-16 17:57:20]  [125/1446] [성공] Bollinger Special Cuvée B... | 분포:True
[2026-03-16 17:57:20]  [123/1446] [성공] Von Winning Chardonnay II... | 분포:True
[2026-03-16 17:57:20]  [127/1446] [성공] Dourthe Freres Numero 1 B... | 분포:False
[2026-03-16 17:57:20]  [126/1446] [성공] Penfolds Father Grand Taw... | 분포:True
[2026-03-16 17:57:20]  [130/1446] [!] 데이터 없음: https://www.vivino.com/en/masi-veneto-fresco-di-masi-organic-bianco-verona/w/9445166?price_id=36904704
[2026-03-16 17:57:21]  [129/1446] [성공] Providence Syrah 2014... | 분포:True
[2026-03-16 17:57:24]  [142/1446] [성공] Peregrine Sauvignon Blanc... | 분포:True
[2026-03-16 17:57:24]  [134/1446] [성공] A.F. Gros Échezeaux Grand... | 분포:True
[2026-03-16 17:57:24]  [137/1446] [성공] Perez Cruz Liguai 2006... | 분포:True
[2026-03-16 17:57:25]  [139/1446] [성공] Sordo Sori Gabutti Riserv... | 분포:True
[2026-03-16 17:57:25]  [136/1446] [성공] Molino Vitalis Langhe Neb... | 분포:True
[2026-03-16 17:57:25]  [140/1446] [성공] Wente Family Vineyards Ri... | 분포:True
[2026-03-16 17:57:26]  [143/1446] [성공] Cave de Turckheim Pinot G... | 분포:True
[2026-03-16 17:57:26]  [133/1446] [성공] Flechas de los Andes Gran... | 분포:True
[2026-03-16 17:57:26]  [138/1446] [성공] Michel Redde Les Champs d... | 분포:True
[2026-03-16 17:57:26]  [141/1446] [성공] Best's Riesling 2012... | 분포:True
[2026-03-16 17:57:26]  [146/1446] [성공] Louis Jadot Meursault 198... | 분포:False
[2026-03-16 17:57:27]  [135/1446] [성공] LaRocca Vineyards Merlot ... | 분포:True
[2026-03-16 17:57:27]  [147/1446] [성공] Hannes Sabathi Gelber Mus... | 분포:True
[2026-03-16 17:57:27]  [144/1446] [성공] Casa Silva Angostura Gran... | 분포:True
[2026-03-16 17:57:27]  [145/1446] [성공] Chard Farm Pinot Gris Sur... | 분포:True
[2026-03-16 17:57:27]  [148/1446] [성공] BV Coastal Estates Cabern... | 분포:True
[2026-03-16 17:57:27]  [149/1446] [성공] Hans Herzog - Hans Family... | 분포:False
[2026-03-16 17:57:28]  [150/1446] [성공] Ata Rangi McCrone Vineyar... | 분포:True
[2026-03-16 17:57:28] --- 중간 저장: 누적 2275건 ---
[2026-03-16 17:57:36]  [158/1446] [성공] Domaine Marc Morey & Fils... | 분포:True
[2026-03-16 17:57:36]  [161/1446] [성공] Pio Cesare Barbera d'Alba... | 분포:True
[2026-03-16 17:57:36]  [151/1446] [성공] Deinhard Green Label Ries... | 분포:True
[2026-03-16 17:57:37]  [152/1446] [성공] Domaine La Barroche Pure ... | 분포:True
[2026-03-16 17:57:37]  [160/1446] [성공] Kumeu River Rays Road Cha... | 분포:True
[2026-03-16 17:57:37]  [155/1446] [성공] Sensi Orvieto 2004... | 분포:False
[2026-03-16 17:57:37]  [154/1446] [성공] Domaine du Pelican Grand ... | 분포:True
[2026-03-16 17:57:37]  [157/1446] [성공] Merryvale Profile 2001... | 분포:True
[2026-03-16 17:57:38]  [159/1446] [성공] Pyramid Valley Vineyards ... | 분포:True
[2026-03-16 17:57:38]  [153/1446] [성공] Stonyridge Vineyard Airfi... | 분포:True
[2026-03-16 17:57:39]  [156/1446] [성공] Le Coste Rosso di Gaetano... | 분포:True
[2026-03-16 17:57:39]  [162/1446] [성공] Newton Merlot Unfiltered ... | 분포:True
[2026-03-16 17:57:39]  [163/1446] [성공] Schäfer-Fröhlich Schiefer... | 분포:True
[2026-03-16 17:57:40]  [168/1446] [성공] Tony Bish Skeetfield Char... | 분포:True
[2026-03-16 17:57:40]  [165/1446] [성공] Zenato Amarone della Valp... | 분포:True
[2026-03-16 17:57:40]  [167/1446] [성공] Domaine Marquis d'Angervi... | 분포:True
[2026-03-16 17:57:40]  [171/1446] [성공] Château Ormes de Pez Sain... | 분포:True
[2026-03-16 17:57:40]  [166/1446] [성공] St Hugo Barossa Shiraz 20... | 분포:True
[2026-03-16 17:57:40]  [164/1446] [성공] Penfolds Bin 28 Shiraz 20... | 분포:True
[2026-03-16 17:57:41]  [170/1446] [성공] Stags' Leap Cabernet Sauv... | 분포:True
[2026-03-16 17:57:41]  [169/1446] [성공] Dorigo Pinot Grigio 2006... | 분포:True
[2026-03-16 17:57:42]  [172/1446] [성공] Mouton Cadet Bordeaux Ros... | 분포:False
[2026-03-16 17:57:42]  [174/1446] [성공] Baron d'Arignac Frais et ... | 분포:True
[2026-03-16 17:57:42]  [176/1446] [성공] Peregrine Charcoal Creek ... | 분포:True
[2026-03-16 17:57:42]  [173/1446] [성공] San Marzano Talò Malvasia... | 분포:True
[2026-03-16 17:57:42]  [177/1446] [성공] Château de Pibarnon Bando... | 분포:True
[2026-03-16 17:57:42]  [179/1446] [성공] Errazuriz Estate Reserva ... | 분포:True
[2026-03-16 17:57:42]  [178/1446] [성공] Mudbrick Vineyard Methode... | 분포:True
[2026-03-16 17:57:43]  [175/1446] [성공] Woodbridge by Robert Mond... | 분포:False
[2026-03-16 17:57:44]  [180/1446] [성공] Zonin Montepulciano D'Abr... | 분포:True
[2026-03-16 17:57:44] --- 중간 저장: 누적 2305건 ---
[2026-03-16 17:57:54]  [181/1446] [성공] Wente Family Vineyards Re... | 분포:True
[2026-03-16 17:57:55]  [182/1446] [성공] Amisfield Sauvignon Blanc... | 분포:True
[2026-03-16 17:57:55]  [184/1446] [성공] Wolf Blass Gold Label Coo... | 분포:True
[2026-03-16 17:57:55]  [183/1446] [성공] Domaine de Chevalier Pess... | 분포:True
[2026-03-16 17:57:55]  [189/1446] [성공] Tantalus Écluse Reserve 2... | 분포:True
[2026-03-16 17:57:56]  [186/1446] [성공] Schmitt Söhne Riesling 20... | 분포:True
[2026-03-16 17:57:56]  [192/1446] [성공] Venica & Venica Ronco del... | 분포:True
[2026-03-16 17:57:56]  [191/1446] [성공] Paraduxx Howell Mountain ... | 분포:True
[2026-03-16 17:57:56]  [190/1446] [성공] Moritz Kissinger Weissbur... | 분포:True
[2026-03-16 17:57:56]  [185/1446] [성공] Cloudy Bay Pelorus Rosé... | 분포:True
[2026-03-16 17:57:56]  [187/1446] [성공] Penfolds Bin 51 Riesling ... | 분포:True
[2026-03-16 17:57:56]  [188/1446] [성공] Foradori Granato 2019... | 분포:True
[2026-03-16 17:57:57]  [193/1446] [성공] Château de Brégançon La R... | 분포:True
[2026-03-16 17:57:57]  [195/1446] [성공] Armas de Guerra Mencía Cr... | 분포:True
[2026-03-16 17:57:57]  [194/1446] [성공] Monte Rossa Coupé... | 분포:True
[2026-03-16 17:57:57]  [196/1446] [성공] Biserno Campo di Sasso In... | 분포:True
[2026-03-16 17:57:58]  [197/1446] [성공] Carpineto Farnito Caberne... | 분포:True
[2026-03-16 17:57:58]  [199/1446] [성공] Raoul Clerget Passion Ter... | 분포:True
[2026-03-16 17:57:58]  [201/1446] [성공] Domaine des Rosiers Mouli... | 분포:True
[2026-03-16 17:57:59]  [198/1446] [성공] Wente Family Vineyards So... | 분포:True
[2026-03-16 17:57:59]  [200/1446] [성공] Feudo d'Ugni Fante 2015... | 분포:True
[2026-03-16 17:57:59]  [203/1446] [성공] Società Agricola Fay Sand... | 분포:True
[2026-03-16 17:57:59]  [202/1446] [성공] Chalk Hill Barbera 2014... | 분포:True
[2026-03-16 17:57:59]  [204/1446] [성공] Schäfer-Fröhlich Stromber... | 분포:True
[2026-03-16 17:58:00]  [209/1446] [성공] Umberto Cesari Moma Rosso... | 분포:True
[2026-03-16 17:58:00]  [205/1446] [성공] Château Les Graves du Soc... | 분포:False
[2026-03-16 17:58:00]  [210/1446] [성공] O. Fournier Alfa Centauri... | 분포:True
[2026-03-16 17:58:00]  [208/1446] [성공] Velich Welschriesling Tro... | 분포:True
[2026-03-16 17:58:00]  [206/1446] [성공] J. Bouchon Carmenère Rese... | 분포:True
[2026-03-16 17:58:01]  [207/1446] [성공] Ruca Malen Cabernet Sauvi... | 분포:True
[2026-03-16 17:58:01] --- 중간 저장: 누적 2335건 ---
[2026-03-16 17:58:10]  [215/1446] [성공] Emiliana Signos de Origen... | 분포:True
[2026-03-16 17:58:10]  [211/1446] [성공] Pierre Amadieu Côtes Du V... | 분포:True
[2026-03-16 17:58:10]  [214/1446] [성공] Michel Guignier La Petite... | 분포:True
[2026-03-16 17:58:11]  [217/1446] [성공] L . Tramier & Fils Macon-... | 분포:True
[2026-03-16 17:58:11]  [218/1446] [성공] Domaine A. et P. de Villa... | 분포:True
[2026-03-16 17:58:11]  [213/1446] [성공] Devotus Reserve Single Vi... | 분포:True
[2026-03-16 17:58:11]  [219/1446] [성공] Château Larrivet Haut-Bri... | 분포:True
[2026-03-16 17:58:11]  [225/1446] [!] 데이터 없음: https://www.vivino.com/en/elena-walch-pinot-bianco-selezione/w/1720575?year=2022&price_id=36485594
[2026-03-16 17:58:11]  [222/1446] [성공] Aldo Rainoldi Rosso di Va... | 분포:False
[2026-03-16 17:58:12]  [221/1446] [성공] Brewery Hill Chardonnay 2... | 분포:True
[2026-03-16 17:58:12]  [216/1446] [성공] Les Crêtes Pinot Nero 202... | 분포:True
[2026-03-16 17:58:12]  [220/1446] [성공] Castello Monaci Primitivo... | 분포:True
[2026-03-16 17:58:12]  [227/1446] [!] 데이터 없음: https://www.vivino.com/en/bernhard-ott-am-berg/w/92156?year=2025&price_id=41194243
[2026-03-16 17:58:12]  [228/1446] [!] 데이터 없음: https://www.vivino.com/en/franc-cardinal-francs-cotes-de-bordeaux/w/1167254?year=2010&price_id=7944169
[2026-03-16 17:58:12]  [226/1446] [!] 데이터 없음: https://www.vivino.com/en/terra-andina-malbec-petit-verdot-altos/w/1136550?year=2004&price_id=2895261
[2026-03-16 17:58:12]  [229/1446] [!] 데이터 없음: https://www.vivino.com/en/cape-of-good-hope-basson-pinotage/w/1421623?year=2015&price_id=22331239
[2026-03-16 17:58:12]  [212/1446] [성공] Guasti Clemente Barbaresc... | 분포:True
[2026-03-16 17:58:12]  [223/1446] [성공] F.X. Pichler Ried Loibenb... | 분포:True
[2026-03-16 17:58:12]  [230/1446] [!] 데이터 없음: https://www.vivino.com/en/bindi-sergardi-simbiosi-toscana/w/2619541?year=2005&price_id=2873864
[2026-03-16 17:58:12]  [231/1446] [!] 데이터 없음: https://www.vivino.com/en/mitchelton-shiraz-nagambie-lakes/w/26444?year=2004&price_id=2804726
[2026-03-16 17:58:12]  [224/1446] [성공] Coal Pit Rosé 2024... | 분포:True
[2026-03-16 17:58:12]  [232/1446] [!] 데이터 없음: https://www.vivino.com/en/three-bridges-durif/w/1159118?year=2016&price_id=19327046
[2026-03-16 17:58:12]  [233/1446] [!] 데이터 없음: https://www.vivino.com/en/dobogo-tokaji-furmint/w/1865809?year=2012&price_id=14650457
[2026-03-16 17:58:12]  [234/1446] [!] 데이터 없음: https://www.vivino.com/en/hafner-musthavea-otto-reserve-red/w/4424224?year=2008&price_id=7953657
[2026-03-16 17:58:12]  [235/1446] [!] 데이터 없음: https://www.vivino.com/en/juliusspital-wurzburger-silvaner-trocken/w/1216140?year=2012&price_id=2873735
[2026-03-16 17:58:12]  [236/1446] [!] 데이터 없음: https://www.vivino.com/en/sato-l-atypique-riesling/w/10773320?year=2023&price_id=39484242
[2026-03-16 17:58:12]  [238/1446] [!] 데이터 없음: https://www.vivino.com/en/duette-gran-reserva-pinot-noir/w/1400494?year=2006&price_id=14549887
[2026-03-16 17:58:12]  [237/1446] [!] 데이터 없음: https://www.vivino.com/en/borgo-magredo-pinot-nero/w/88514?year=2019&price_id=28232813
[2026-03-16 17:58:12]  [240/1446] [!] 데이터 없음: https://www.vivino.com/en/veuve-clicquot-champagne-privee-rose/w/2718127?year=1990&price_id=24327058
[2026-03-16 17:58:12]  [239/1446] [!] 데이터 없음: https://www.vivino.com/en/meo-camuzet-chambolle-musigny/w/1196425?year=2021&price_id=37843963
[2026-03-16 17:58:13] --- 중간 저장: 누적 2349건 ---
[2026-03-16 17:58:22]  [241/1446] [!] 데이터 없음: https://www.vivino.com/en/domaine-tortochot-morey-st-denis/w/779305?year=2023&price_id=37062885
[2026-03-16 17:58:22]  [243/1446] [!] 데이터 없음: https://www.vivino.com/en/famille-lieubeau-bel-abord-muscadet-sevre-et-maine/w/11270440?year=2023&price_id=38542969
[2026-03-16 17:58:22]  [242/1446] [!] 데이터 없음: https://www.vivino.com/en/argiano-brunello-di-montalcino/w/1242145?year=2020&price_id=39879501
[2026-03-16 17:58:22]  [244/1446] [!] 데이터 없음: https://www.vivino.com/en/grant-burge-wines-five-th-generation-shiraz/w/1503636?year=2015&price_id=10268325
[2026-03-16 17:58:22]  [245/1446] [!] 데이터 없음: https://www.vivino.com/en/porta-cabernet-sauvignon-reserva/w/1139520?year=2004&price_id=2895287
[2026-03-16 17:58:22]  [247/1446] [!] 데이터 없음: https://www.vivino.com/en/bava-stradivario-barbera-d-asti-superiore/w/94074?year=1997&price_id=2894876
[2026-03-16 17:58:22]  [246/1446] [!] 데이터 없음: https://www.vivino.com/en/quails-gate-optima-late-harvest-totally-botrytis-affected/w/1377163?year=2014&price_id=13579408
[2026-03-16 17:58:22]  [248/1446] [!] 데이터 없음: https://www.vivino.com/en/hu-sauska-late-harvest-cuvee/w/2413194?year=2013&price_id=28072543
[2026-03-16 17:58:22]  [249/1446] [!] 데이터 없음: https://www.vivino.com/en/umberto-cesari-sangiovese-riserva/w/1133875?year=2002&price_id=2804566
[2026-03-16 17:58:22]  [250/1446] [!] 데이터 없음: https://www.vivino.com/en/te-mata-estate-winery-limited-woodthorpe-vineyard-sauvignon-blanc/w/1436788?year=2006&price_id=2894931
[2026-03-16 17:58:22]  [252/1446] [!] 데이터 없음: https://www.vivino.com/en/arboleda-sauvignon-blanc/w/1268304?year=2018&price_id=24742576
[2026-03-16 17:58:22]  [251/1446] [!] 데이터 없음: https://www.vivino.com/en/bests-vic-cabernet-merlot/w/96191?year=2004&price_id=2804833
[2026-03-16 17:58:22]  [253/1446] [!] 데이터 없음: https://www.vivino.com/en/domaine-g-roumier-morey-saint-denis-premier-cru-clos-de-la-bussiere/w/100045?year=2021&price_id=37843992
[2026-03-16 17:58:22]  [254/1446] [!] 데이터 없음: https://www.vivino.com/en/terrazas-de-los-andes-single-vineyard-las-compuertas-malbec/w/3478?year=2004&price_id=2754649
[2026-03-16 17:58:22]  [255/1446] [!] 데이터 없음: https://www.vivino.com/en/forrest-sauvignon-blanc/w/1117089?year=2011&price_id=10844383
[2026-03-16 17:58:22]  [256/1446] [!] 데이터 없음: https://www.vivino.com/en/damilano-barolo-lecinquevigne/w/84777?year=2007&price_id=2754350
[2026-03-16 17:58:22]  [257/1446] [!] 데이터 없음: https://www.vivino.com/en/destiny-bay-vineyards-mystae/w/1395058?year=2016&price_id=35631001
[2026-03-16 17:58:22]  [258/1446] [!] 데이터 없음: https://www.vivino.com/en/ernest-julio-gallo-frei-ranch-vineyard-zinfandel/w/1179589?year=2000&price_id=2873775
[2026-03-16 17:58:22]  [259/1446] [!] 데이터 없음: https://www.vivino.com/en/carpineto-brunello-di-montalcino/w/6200?year=2000&price_id=2895284
[2026-03-16 17:58:23]  [260/1446] [!] 데이터 없음: https://www.vivino.com/en/henri-kieffer-fils-riesling-alsace-grand-cru-winzenberg/w/3155546?year=2021&price_id=37943008
[2026-03-16 17:58:23]  [261/1446] [!] 데이터 없음: https://www.vivino.com/en/de-brague-cuvee-de-l-etoile-bordeaux-superieur/w/1860569?year=2002&price_id=7953591
[2026-03-16 17:58:23]  [262/1446] [!] 데이터 없음: https://www.vivino.com/en/anvers-cabernet-sauvignon/w/1122310?year=2005&price_id=31545271
[2026-03-16 17:58:23]  [264/1446] [!] 데이터 없음: https://www.vivino.com/en/chateau-mangot-saint-emilion-grand-cru/w/69784?year=2021&price_id=40914467
[2026-03-16 17:58:23]  [265/1446] [!] 데이터 없음: https://www.vivino.com/en/robert-mondavi-winery-reserve-pinot-noir/w/2446?year=2013&price_id=25051526
[2026-03-16 17:58:23]  [266/1446] [!] 데이터 없음: https://www.vivino.com/en/esk-valley-winemakers-reserve-chardonnay/w/2396292?year=2019&price_id=28582636
[2026-03-16 17:58:23]  [267/1446] [!] 데이터 없음: https://www.vivino.com/en/domaine-des-marnes-blanches-43697-chardonnay-en-levrette/w/5029813?year=2022&price_id=38928039
[2026-03-16 17:58:23]  [268/1446] [!] 데이터 없음: https://www.vivino.com/en/veyder-malberg-liebedich-gruner-veltliner/w/1778779?year=2023&price_id=37869554
[2026-03-16 17:58:23]  [269/1446] [!] 데이터 없음: https://www.vivino.com/en/ariousious-chiotico-krasero-chios/w/8303055?year=2015&price_id=23149138
[2026-03-16 17:58:23]  [270/1446] [!] 데이터 없음: https://www.vivino.com/en/tabali-reserva-especial-pinot-noir/w/779334?year=2013&price_id=16730293
[2026-03-16 17:58:23]  [263/1446] [!] 데이터 없음: https://www.vivino.com/en/domaine-des-marnes-blanches-43697-vin-jaune-cotes-du-jura/w/5067291?year=2016&price_id=38971172
[2026-03-16 17:58:23] --- 중간 저장: 누적 2349건 ---
[2026-03-16 17:58:31]  [271/1446] [!] 데이터 없음: https://www.vivino.com/en/du-courlat-lussac-saint-emilion-cuvee-jean-baptiste/w/1514489?year=2014&price_id=39905254
[2026-03-16 17:58:31]  [272/1446] [!] 데이터 없음: https://www.vivino.com/en/dom-bella-pinot-noir/w/1949419?year=2012&price_id=17601321
[2026-03-16 17:58:31]  [273/1446] [!] 데이터 없음: https://www.vivino.com/en/hogue-cabernet-sauvignon/w/8625?year=2003&price_id=2895128
[2026-03-16 17:58:31]  [274/1446] [!] 데이터 없음: https://www.vivino.com/en/schloss-gobelsburg-zweigelt-domaene-gobelsburg/w/20134?year=2018&price_id=23020088
[2026-03-16 17:58:31]  [275/1446] [!] 데이터 없음: https://www.vivino.com/en/cl-urban-uco-chardonnay/w/1360453?year=2011&price_id=2804852
[2026-03-16 17:58:31]  [276/1446] [!] 데이터 없음: https://www.vivino.com/en/stellenzicht-cabernet-sauvignon-golden-triangle/w/22100?year=2003&price_id=2873656
[2026-03-16 17:58:31]  [277/1446] [!] 데이터 없음: https://www.vivino.com/en/lan-reserva-rioja/w/88832?year=1999&price_id=2895012
[2026-03-16 17:58:31]  [278/1446] [!] 데이터 없음: https://www.vivino.com/en/perez-cruz-quelen-special-selection/w/96483?year=2005&price_id=2895134
[2026-03-16 17:58:31]  [279/1446] [!] 데이터 없음: https://www.vivino.com/en/esk-valley-the-terraces-red-blend/w/1217970?year=2019&price_id=38647866
[2026-03-16 17:58:31]  [280/1446] [!] 데이터 없음: https://www.vivino.com/en/ippolito-onehundredsixty-anni/w/1546335?year=2013&price_id=19042798
[2026-03-16 17:58:31]  [281/1446] [!] 데이터 없음: https://www.vivino.com/en/argiolas-angialis-isola-dei-nuraghi/w/1678436?year=2014&price_id=36485675
[2026-03-16 17:58:31]  [282/1446] [!] 데이터 없음: https://www.vivino.com/en/tabali-pedregoso-gran-reserva-viognier-limari-valley-white-wine/w/5458971?year=2018&price_id=26551637
[2026-03-16 17:58:31]  [283/1446] [!] 데이터 없음: https://www.vivino.com/en/jidvei-premiat-dry-riesling/w/2194587?year=2011&price_id=14650424
[2026-03-16 17:58:31]  [284/1446] [!] 데이터 없음: https://www.vivino.com/en/cooper-mountain-cooper-hill-pinot-gris/w/1758613?year=2011&price_id=7944063
[2026-03-16 17:58:31]  [285/1446] [!] 데이터 없음: https://www.vivino.com/en/saxenburg-private-collection-syrah/w/1636872?year=2003&price_id=2895192
[2026-03-16 17:58:31]  [286/1446] [!] 데이터 없음: https://www.vivino.com/en/domaine-du-colombier-chablis-premier-cru-chablis-premier-cru-fourchaume/w/1171224?year=2023&price_id=38848573
[2026-03-16 17:58:31]  [287/1446] [!] 데이터 없음: https://www.vivino.com/en/chalk-hill-vermentino/w/6024391?year=2012&price_id=26783522
[2026-03-16 17:58:32]  [288/1446] [!] 데이터 없음: https://www.vivino.com/en/kilikanoon-prodigal-grenache/w/56054?year=2003&price_id=2754348
[2026-03-16 17:58:32]  [292/1446] [!] 데이터 없음: https://www.vivino.com/en/chateau-sociando-mallet-haut-medoc/w/1161268?year=1997&price_id=40029415
[2026-03-16 17:58:32]  [293/1446] [!] 데이터 없음: https://www.vivino.com/en/relais-du-cheval-blanc-bordeaux/w/1164398?year=2003&price_id=7953613
[2026-03-16 17:58:32]  [294/1446] [!] 데이터 없음: https://www.vivino.com/en/alto-wine-estate-cabernet-sauvignon/w/1199341?year=2013&price_id=13383375
[2026-03-16 17:58:32]  [295/1446] [!] 데이터 없음: https://www.vivino.com/en/baron-philippe-de-rothschild-sa-baron-nathaniel-pauillac/w/4142?year=2015&price_id=18675552
[2026-03-16 17:58:32]  [296/1446] [!] 데이터 없음: https://www.vivino.com/en/weingut-richard-ostreicher-rossbach-chardonnay/w/6878678?year=2021&price_id=37843968
[2026-03-16 17:58:32]  [297/1446] [!] 데이터 없음: https://www.vivino.com/en/eos-estate-winery-sauvignon-blanc/w/4128?year=2005&price_id=2804667
[2026-03-16 17:58:32]  [300/1446] [!] 데이터 없음: https://www.vivino.com/en/bailly-reverdy-et-fils-la-mercy-dieu-sancerre-blanc/w/2295496?year=2023&price_id=39133164
[2026-03-16 17:58:32]  [289/1446] [!] 데이터 없음: https://www.vivino.com/en/woodbridge-by-robert-mondavi-cabernet-sauvignon/w/5806?year=2005&price_id=2754333
[2026-03-16 17:58:32]  [290/1446] [!] 데이터 없음: https://www.vivino.com/en/puriri-hills-pope/w/1123953?year=2020&price_id=37940076
[2026-03-16 17:58:32]  [291/1446] [!] 데이터 없음: https://www.vivino.com/en/cloof-inkspot/w/1196378?year=2009&price_id=2804737
[2026-03-16 17:58:32]  [299/1446] [!] 데이터 없음: https://www.vivino.com/en/joh-jos-prum-wehlener-sonnenuhr-riesling-spatlese-kabinett/w/2763744?year=2022&price_id=37843561
[2026-03-16 17:58:32]  [298/1446] [!] 데이터 없음: https://www.vivino.com/en/shaw-smith-m3-chardonnay/w/31564?year=2006&price_id=2754247
[2026-03-16 17:58:33] --- 중간 저장: 누적 2349건 ---
[2026-03-16 17:58:42]  [301/1446] [!] 데이터 없음: https://www.vivino.com/en/beres-tokaji-aszu-5-puttonyos/w/1494067?year=2007&price_id=13579482
[2026-03-16 17:58:42]  [302/1446] [!] 데이터 없음: https://www.vivino.com/en/walter-skoff-gelber-muskateller/w/21815?year=2009&price_id=14550051
[2026-03-16 17:58:42]  [303/1446] [!] 데이터 없음: https://www.vivino.com/en/domaine-jean-ernest-descombes-morgon-morgon/w/1473465?year=2010&price_id=7953590
[2026-03-16 17:58:42]  [304/1446] [!] 데이터 없음: https://www.vivino.com/en/von-winning-villa-niederberger-riesling-trocken/w/3051030?year=2015&price_id=14650504
[2026-03-16 17:58:42]  [305/1446] [!] 데이터 없음: https://www.vivino.com/en/f-x-pichler-ried-loibenberg-riesling-smaragd/w/6659537?year=2021&price_id=37843714
[2026-03-16 17:58:42]  [306/1446] [!] 데이터 없음: https://www.vivino.com/en/valli-bendigo-vineyard-pinot-noir/w/4900949?year=2023&price_id=39388052
[2026-03-16 17:58:42]  [307/1446] [!] 데이터 없음: https://www.vivino.com/en/bouvet-ladubay-zero-saumur-brut-nature/w/12683054?year=2022&price_id=40905800
[2026-03-16 17:58:42]  [308/1446] [!] 데이터 없음: https://www.vivino.com/en/robert-mondavi-winery-reserve-cabernet-sauvignon/w/2448?year=2014&price_id=16911881
[2026-03-16 17:58:42]  [309/1446] [!] 데이터 없음: https://www.vivino.com/en/sato-la-ferme-de-sato-sur-les-nuages/w/10901956?year=2023&price_id=40524728
[2026-03-16 17:58:42]  [310/1446] [!] 데이터 없음: https://www.vivino.com/en/jacob-s-creek-shiraz-cabernet/w/2693?year=2005&price_id=2894877
[2026-03-16 17:58:42]  [311/1446] [!] 데이터 없음: https://www.vivino.com/en/stag-s-leap-wine-cellars-cask-23-cabernet-sauvignon/w/2653222?year=2006&price_id=2873687
[2026-03-16 17:58:42]  [312/1446] [!] 데이터 없음: https://www.vivino.com/en/beringer-napa-valley-chardonnay/w/1142704?year=2005&price_id=2754417
[2026-03-16 17:58:42]  [316/1446] [!] 데이터 없음: https://www.vivino.com/en/bagueri-chardonnay/w/3980146?year=2008&price_id=14650554
[2026-03-16 17:58:42]  [318/1446] [!] 데이터 없음: https://www.vivino.com/en/pj-valckenberg-gmbh-madonna-spatlese/w/1768472?year=2005&price_id=14541845
[2026-03-16 17:58:43]  [313/1446] [!] 데이터 없음: https://www.vivino.com/en/villa-girardi-soave-classico/w/92385?year=2004&price_id=2804792
[2026-03-16 17:58:43]  [314/1446] [!] 데이터 없음: https://www.vivino.com/en/cos-d-estournel-cos-d-estournel/w/74346?year=1988&price_id=3311232
[2026-03-16 17:58:43]  [315/1446] [!] 데이터 없음: https://www.vivino.com/en/domaine-du-tunnel-cuvee-prestige-saint-peray/w/1505604?year=2023&price_id=38542968
[2026-03-16 17:58:43]  [317/1446] [!] 데이터 없음: https://www.vivino.com/en/lunae-liguria-vermentino-etichetta-nera-black-label/w/1150732?year=2023&price_id=38402772
[2026-03-16 17:58:43]  [319/1446] [!] 데이터 없음: https://www.vivino.com/en/egon-muller-scharzhof-scharzhofberger-riesling-auslese/w/1637184?year=2023&price_id=37843694
[2026-03-16 17:58:43]  [320/1446] [!] 데이터 없음: https://www.vivino.com/en/bodega-norton-coleccion-de-los-andes-malbec/w/1845220?year=2014&price_id=2804845
[2026-03-16 17:58:43]  [321/1446] [!] 데이터 없음: https://www.vivino.com/en/la-chablisienne-chablis-1er-cru-mont-de-milieu/w/16614?year=2004&price_id=7953666
[2026-03-16 17:58:43]  [322/1446] [!] 데이터 없음: https://www.vivino.com/en/donnafugata-anthilia/w/7662?year=2023&price_id=38541996
[2026-03-16 17:58:43]  [323/1446] [!] 데이터 없음: https://www.vivino.com/en/domaine-marquis-d-angerville-fremiet-volnay-1er-cru/w/76334?year=2020&price_id=37843918
[2026-03-16 17:58:43]  [324/1446] [!] 데이터 없음: https://www.vivino.com/en/santa-rita-bougainville-petite-sirah/w/1982106?year=2012&price_id=25002080
[2026-03-16 17:58:43]  [328/1446] [!] 데이터 없음: https://www.vivino.com/en/jane-ventura-finca-els-camps-macabeu/w/96984?year=2002&price_id=2895223
[2026-03-16 17:58:43]  [330/1446] [!] 데이터 없음: https://www.vivino.com/en/domaine-tortochot-gevrey-chambertin-1er-cru-lavaux-st-jacques/w/779310?year=2021&price_id=33035091
[2026-03-16 17:58:43]  [325/1446] [!] 데이터 없음: https://www.vivino.com/en/obikwa-cabernet-sauvignon/w/1154980?year=2005&price_id=14541523
[2026-03-16 17:58:43]  [326/1446] [!] 데이터 없음: https://www.vivino.com/en/cooper-mountain-cooper-hill-pinot-noir/w/1138261?year=2010&price_id=2895216
[2026-03-16 17:58:43]  [327/1446] [!] 데이터 없음: https://www.vivino.com/en/hawk-crest-by-slwc-cabernet-sauvignon/w/1100548?year=2003&price_id=14540927
[2026-03-16 17:58:43]  [329/1446] [!] 데이터 없음: https://www.vivino.com/en/hogue-genesis-merlot/w/8648?year=2002&price_id=2894938
[2026-03-16 17:58:44] --- 중간 저장: 누적 2349건 ---
[2026-03-16 17:58:52]  [336/1446] [!] 데이터 없음: https://www.vivino.com/en/alto-wine-estate-cabernet-sauvignon/w/1199341?year=2012&price_id=8024976
[2026-03-16 17:58:52]  [341/1446] [!] 데이터 없음: https://www.vivino.com/en/casa-vinicola-bennati-recioto-di-soave/w/4025121?year=2019&price_id=36738526
[2026-03-16 17:58:52]  [331/1446] [!] 데이터 없음: https://www.vivino.com/en/argiano-rosso-di-montalcino/w/2891?year=2023&price_id=41059495
[2026-03-16 17:58:52]  [333/1446] [!] 데이터 없음: https://www.vivino.com/en/moet-chandon-imperial-brut-champagne/w/1122095?price_id=275324
[2026-03-16 17:58:52]  [332/1446] [!] 데이터 없음: https://www.vivino.com/en/planeta-la-segreta-il-rosso/w/1298077?year=2021&price_id=38546946
[2026-03-16 17:58:52]  [334/1446] [!] 데이터 없음: https://www.vivino.com/en/punters-corner-sovereign-reserve-cabernet-sauvignon/w/2030525?year=2006&price_id=2804598
[2026-03-16 17:58:52]  [335/1446] [!] 데이터 없음: https://www.vivino.com/en/chateau-montrose-saint-estephe-grand-cru-classe/w/80472?year=2000&price_id=6422118
[2026-03-16 17:58:52]  [337/1446] [!] 데이터 없음: https://www.vivino.com/en/taittinger-brut-reserve-champagne/w/1129619?price_id=6069642
[2026-03-16 17:58:52]  [338/1446] [!] 데이터 없음: https://www.vivino.com/en/mitchelton-shiraz/w/1252028?year=2005&price_id=2873830
[2026-03-16 17:58:52]  [339/1446] [!] 데이터 없음: https://www.vivino.com/en/saltram-maker-s-table-unwooded-chardonnay/w/64214?year=2006&price_id=14650446
[2026-03-16 17:58:52]  [340/1446] [!] 데이터 없음: https://www.vivino.com/en/albert-grivault-clos-blanc-pommard-1er-cru/w/1597099?year=2019&price_id=37843751
[2026-03-16 17:58:52]  [342/1446] [!] 데이터 없음: https://www.vivino.com/en/merryvale-vineyards-sauvignon-blanc/w/1752367?year=2005&price_id=2895252
[2026-03-16 17:58:52]  [343/1446] [!] 데이터 없음: https://www.vivino.com/en/hxm-inspiration-liebfraumilch/w/2119605?year=2015&price_id=10084582
[2026-03-16 17:58:52]  [346/1446] [!] 데이터 없음: https://www.vivino.com/en/eos-estate-winery-petite-sirah-reserve/w/1212095?year=2004&price_id=2804581
[2026-03-16 17:58:52]  [347/1446] [!] 데이터 없음: https://www.vivino.com/en/domaine-des-beaumont-gevrey-chambertin-1er-cru-les-cherbaudes/w/1498183?year=2022&price_id=37852832
[2026-03-16 17:58:52]  [344/1446] [!] 데이터 없음: https://www.vivino.com/en/domaine-comte-georges-de-vogue-musigny-grand-cru-cuvee-vieilles-vignes/w/1187200?year=2019&price_id=40825912
[2026-03-16 17:58:53]  [345/1446] [!] 데이터 없음: https://www.vivino.com/en/us-crusher-wilson-vineyard-pinot-noir/w/1200907?year=2024&price_id=38584660
[2026-03-16 17:58:53]  [348/1446] [!] 데이터 없음: https://www.vivino.com/en/masi-veneto-campofiorin-rosso-veronese/w/21948?year=2017&price_id=26553503
[2026-03-16 17:58:53]  [349/1446] [!] 데이터 없음: https://www.vivino.com/en/peter-lehmann-shiraz/w/2089?year=2003&price_id=3680216
[2026-03-16 17:58:53]  [350/1446] [!] 데이터 없음: https://www.vivino.com/en/altamar-rueda-verdejo/w/4803701?year=2014&price_id=14550424
[2026-03-16 17:58:53]  [356/1446] [!] 데이터 없음: https://www.vivino.com/en/a-et-p-de-villaine-la-fortune-bourgogne-cote-chalonnaise/w/80282?year=2022&price_id=37843759
[2026-03-16 17:58:53]  [352/1446] [!] 데이터 없음: https://www.vivino.com/en/bodegas-muga-aro/w/7495?year=2001&price_id=16860341
[2026-03-16 17:58:53]  [351/1446] [!] 데이터 없음: https://www.vivino.com/en/domaine-vacheron-sancerre-blanc/w/4150118?year=2024&price_id=39001869
[2026-03-16 17:58:53]  [353/1446] [!] 데이터 없음: https://www.vivino.com/en/bernhard-ott-der-ott/w/92158?year=2024&price_id=39407878
[2026-03-16 17:58:53]  [354/1446] [!] 데이터 없음: https://www.vivino.com/en/donnafugata-la-fuga-chardonnay-contessa-entellina/w/4787?year=2021&price_id=36485608
[2026-03-16 17:58:53]  [360/1446] [!] 데이터 없음: https://www.vivino.com/en/chateau-picque-caillou-pessac-leognan-blanc-pessac-leognan/w/3857014?year=2003&price_id=7944035
[2026-03-16 17:58:53]  [355/1446] [!] 데이터 없음: https://www.vivino.com/en/allegrini-la-grola-verona/w/8187?year=2017&price_id=36485484
[2026-03-16 17:58:53]  [357/1446] [!] 데이터 없음: https://www.vivino.com/en/nederburg-estate-the-winemaster-s-special-late-harvest/w/1881378?year=2006&price_id=2895211
[2026-03-16 17:58:53]  [358/1446] [!] 데이터 없음: https://www.vivino.com/en/estrella-de-pascua-merlot/w/3859864?year=2017&price_id=15839124
[2026-03-16 17:58:53]  [359/1446] [!] 데이터 없음: https://www.vivino.com/en/san-marzano-tramari-rose-di-primitivo/w/4389543?year=2024&price_id=39133166
[2026-03-16 17:58:54] --- 중간 저장: 누적 2349건 ---
[2026-03-16 17:59:02]  [361/1446] [!] 데이터 없음: https://www.vivino.com/en/franz-hirtzberger-honivogl-gruner-veltliner-smaragd/w/2024734?year=2019&price_id=21160549
[2026-03-16 17:59:02]  [362/1446] [!] 데이터 없음: https://www.vivino.com/en/von-winning-paradiesgarten-riesling/w/1692730?year=2022&price_id=37843626
[2026-03-16 17:59:02]  [363/1446] [!] 데이터 없음: https://www.vivino.com/en/beaucanon-estate-longwood-cabernet-sauvignon/w/6769?year=2008&price_id=2804778
[2026-03-16 17:59:02]  [365/1446] [!] 데이터 없음: https://www.vivino.com/en/peter-lehmann-stonewell-shiraz/w/2050?year=1999&price_id=2754265
[2026-03-16 17:59:02]  [364/1446] [!] 데이터 없음: https://www.vivino.com/en/domaines-ott-clos-mireille-rose-coeur-de-grain/w/1382222?year=2023&price_id=39616193
[2026-03-16 17:59:03]  [367/1446] [!] 데이터 없음: https://www.vivino.com/en/dom-bella-dao-tinto/w/1548076?year=2012&price_id=17601239
[2026-03-16 17:59:03]  [366/1446] [!] 데이터 없음: https://www.vivino.com/en/leveret-estate-leveret-hawkes-bay-reserve-chardonnay/w/2734742?year=2024&price_id=39913993
[2026-03-16 17:59:03]  [368/1446] [!] 데이터 없음: https://www.vivino.com/en/rosenhof-riesling-spatlese/w/1799936?year=2012&price_id=14650548
[2026-03-16 17:59:03]  [369/1446] [!] 데이터 없음: https://www.vivino.com/en/a-et-p-de-villaine-les-montots-mercurey/w/80283?year=2022&price_id=37843970
[2026-03-16 17:59:03]  [370/1446] [!] 데이터 없음: https://www.vivino.com/en/montes-montes-alpha-merlot/w/71324?year=2007&price_id=2754539
[2026-03-16 17:59:03]  [371/1446] [!] 데이터 없음: https://www.vivino.com/en/terra-sancta-mysterious-diggings-pinot-gris/w/1435815?year=2024&price_id=41084700
[2026-03-16 17:59:03]  [372/1446] [!] 데이터 없음: https://www.vivino.com/en/zuccardi-q-malbec/w/19429?year=2007&price_id=14650355
[2026-03-16 17:59:03]  [373/1446] [!] 데이터 없음: https://www.vivino.com/en/bernhard-huber-alte-reben-spatburgunder/w/63914?year=2003&price_id=2754446
[2026-03-16 17:59:03]  [374/1446] [!] 데이터 없음: https://www.vivino.com/en/mudbrick-reserve-viognier/w/1428773?year=2023&price_id=35966655
[2026-03-16 17:59:03]  [375/1446] [!] 데이터 없음: https://www.vivino.com/en/pj-valckenberg-gmbh-madonna-kabinett/w/65644?year=2004&price_id=10940308
[2026-03-16 17:59:03]  [386/1446] [!] 데이터 없음: https://www.vivino.com/en/barkan-classic-shiraz-rose/w/80203?year=2006&price_id=2804848
[2026-03-16 17:59:03]  [376/1446] [!] 데이터 없음: https://www.vivino.com/en/rosemount-diamond-label-shiraz/w/67884?year=2004&price_id=14539665
[2026-03-16 17:59:03]  [377/1446] [!] 데이터 없음: https://www.vivino.com/en/alto-wine-estate-rouge/w/23064?year=2013&price_id=8024983
[2026-03-16 17:59:03]  [378/1446] [!] 데이터 없음: https://www.vivino.com/en/perez-cruz-cabernet-sauvignon-reserva/w/1129285?year=2010&price_id=14650360
[2026-03-16 17:59:03]  [379/1446] [!] 데이터 없음: https://www.vivino.com/en/pelee-island-winery-cabernet-franc/w/13029?year=2012&price_id=14550031
[2026-03-16 17:59:03]  [380/1446] [!] 데이터 없음: https://www.vivino.com/en/sato-riesling/w/1576731?year=2024&price_id=40970666
[2026-03-16 17:59:03]  [381/1446] [!] 데이터 없음: https://www.vivino.com/en/vigneron-firmin-dezat-sancerre-blanc/w/10992843?year=2024&price_id=40577448
[2026-03-16 17:59:03]  [382/1446] [!] 데이터 없음: https://www.vivino.com/en/meo-camuzet-vosne-romanee-1er-cru-aux-brulees/w/1240540?year=2019&price_id=38459307
[2026-03-16 17:59:03]  [383/1446] [!] 데이터 없음: https://www.vivino.com/en/robert-denogent-vieilles-vignes-pouilly-fuisse-1er-cru-vers-cras/w/11508539?year=2022&price_id=39117955
[2026-03-16 17:59:03]  [384/1446] [!] 데이터 없음: https://www.vivino.com/en/e-guigal-cotes-du-rhone-blanc/w/7775?year=2011&price_id=7953771
[2026-03-16 17:59:04]  [385/1446] [!] 데이터 없음: https://www.vivino.com/en/ottella-le-creete/w/1239926?year=2015&price_id=36485597
[2026-03-16 17:59:04]  [387/1446] [!] 데이터 없음: https://www.vivino.com/en/domaine-marquis-d-angerville-volnay-1er-cru-clos-des-ducs-monopole/w/1595135?year=2020&price_id=37843641
[2026-03-16 17:59:04]  [388/1446] [!] 데이터 없음: https://www.vivino.com/en/penfolds-bin-28-shiraz-south-australia/w/1244?year=2017&price_id=21003502
[2026-03-16 17:59:04]  [389/1446] [!] 데이터 없음: https://www.vivino.com/en/domaine-vacheron-sancerre-le-paradis/w/1856143?year=2022&price_id=37844072
[2026-03-16 17:59:04]  [390/1446] [!] 데이터 없음: https://www.vivino.com/en/domaine-marquis-d-angerville-meursault-santenots-1er-cru/w/76341?year=2020&price_id=37844044
[2026-03-16 17:59:05] --- 중간 저장: 누적 2349건 ---
[2026-03-16 17:59:14]  [391/1446] [!] 데이터 없음: https://www.vivino.com/en/chateau-topolcianky-palava-vyber-z-hrozna/w/1230104?year=2013&price_id=28072558
[2026-03-16 17:59:14]  [392/1446] [!] 데이터 없음: https://www.vivino.com/en/aitken-s-folly-riverbank-road-chardonnay/w/2736599?year=2023&price_id=40604947
[2026-03-16 17:59:14]  [393/1446] [!] 데이터 없음: https://www.vivino.com/en/domaine-marquis-d-angerville-volnay-champans-1er-cru/w/76333?year=2014&price_id=9998692
[2026-03-16 17:59:14]  [394/1446] [!] 데이터 없음: https://www.vivino.com/en/penfolds-max-s-shiraz-cabernet-south-australia/w/4379150?year=2015&price_id=15888807
[2026-03-16 17:59:14]  [395/1446] [!] 데이터 없음: https://www.vivino.com/en/chateau-mercier-cuvee-prestige-cotes-de-bourg/w/1492600?year=2010&price_id=14650561
[2026-03-16 17:59:14]  [396/1446] [!] 데이터 없음: https://www.vivino.com/en/donnhoff-oberhauser-brucke-riesling-auslese-goldkapsel/w/1155439?year=2021&price_id=37843674
[2026-03-16 17:59:14]  [397/1446] [!] 데이터 없음: https://www.vivino.com/en/ravanal-limited-selection-syrah-carmenere-cabernet-sauvignon/w/74944?year=2005&price_id=2895131
[2026-03-16 17:59:14]  [398/1446] [!] 데이터 없음: https://www.vivino.com/en/chateau-pichon-baron-pauillac-grand-cru-classe-pauillac-red-wine/w/79762?year=2001&price_id=38244529
[2026-03-16 17:59:14]  [399/1446] [!] 데이터 없음: https://www.vivino.com/en/forward-crisp-pinot-grigio-riesling/w/3691350?year=2012&price_id=14550420
[2026-03-16 17:59:14]  [400/1446] [!] 데이터 없음: https://www.vivino.com/en/weingut-carl-loewen-alte-reben-riesling-trocken/w/1175944?year=2024&price_id=39278739
[2026-03-16 17:59:14]  [401/1446] [!] 데이터 없음: https://www.vivino.com/en/penfolds-bin-28-shiraz-south-australia/w/1244?year=2003&price_id=2895186
[2026-03-16 17:59:14]  [402/1446] [!] 데이터 없음: https://www.vivino.com/en/bodega-norton-barrel-select-cabernet-sauvignon/w/1141075?year=2018&price_id=21687574
[2026-03-16 17:59:14]  [403/1446] [!] 데이터 없음: https://www.vivino.com/en/beringer-founders-estate-chardonnay/w/1133291?year=2005&price_id=2754642
[2026-03-16 17:59:14]  [407/1446] [!] 데이터 없음: https://www.vivino.com/en/mitolo-jester-cabernet-sauvignon/w/79008?year=2006&price_id=2895274
[2026-03-16 17:59:14]  [406/1446] [!] 데이터 없음: https://www.vivino.com/en/st-michael-eppan-sanct-valentin-gewurztraminer/w/10107?year=2023&price_id=38410663
[2026-03-16 17:59:15]  [404/1446] [!] 데이터 없음: https://www.vivino.com/en/kressmann-grande-reserve-medoc/w/1141604?year=2008&price_id=7944198
[2026-03-16 17:59:15]  [405/1446] [!] 데이터 없음: https://www.vivino.com/en/mas-de-daumas-gassac-haut-vallee-du-gassac-rouge/w/11079?year=2023&price_id=38620779
[2026-03-16 17:59:15]  [408/1446] [!] 데이터 없음: https://www.vivino.com/en/masi-veneto-campofiorin-rosso-veronese/w/21948?year=2004&price_id=2805033
[2026-03-16 17:59:15]  [409/1446] [!] 데이터 없음: https://www.vivino.com/en/kaesler-stonehorse-shiraz/w/87516?year=2004&price_id=2754191
[2026-03-16 17:59:15]  [411/1446] [!] 데이터 없음: https://www.vivino.com/en/nederburg-estate-private-bin-cabernet-sauvignon/w/1160367?year=2015&price_id=16860255
[2026-03-16 17:59:15]  [410/1446] [!] 데이터 없음: https://www.vivino.com/en/pio-cesare-nebbiolo/w/22549?year=2016&price_id=23905358
[2026-03-16 17:59:15]  [412/1446] [!] 데이터 없음: https://www.vivino.com/en/aromo-chardonnay/w/42404?year=2015&price_id=7944108
[2026-03-16 17:59:15]  [413/1446] [!] 데이터 없음: https://www.vivino.com/en/wolf-blass-eaglehawk-chardonnay/w/1130007?year=2007&price_id=2754245
[2026-03-16 17:59:15]  [414/1446] [!] 데이터 없음: https://www.vivino.com/en/rockburn-chardonnay/w/1374573?year=2023&price_id=38032878
[2026-03-16 17:59:15]  [415/1446] [!] 데이터 없음: https://www.vivino.com/en/chateau-de-cancerilles-l-ambroisie-du-terroir/w/2455304?year=2000&price_id=14549835
[2026-03-16 17:59:15]  [419/1446] [!] 데이터 없음: https://www.vivino.com/en/it-fattoria-del-cerro-antica-chiusina-vino-nobile-di-montepulciano/w/1102060?year=2012&price_id=7944180
[2026-03-16 17:59:15]  [416/1446] [!] 데이터 없음: https://www.vivino.com/en/vina-maipo-vitral-reserva-syrah/w/1978421?year=2016&price_id=15636971
[2026-03-16 17:59:15]  [417/1446] [!] 데이터 없음: https://www.vivino.com/en/von-winning-ozyetra/w/7641612?year=2023&price_id=40908357
[2026-03-16 17:59:15]  [418/1446] [!] 데이터 없음: https://www.vivino.com/en/ubertas-single-vineyard-shiraz-cabernet-sauvignon/w/5946614?year=2018&price_id=31798784
[2026-03-16 17:59:15]  [420/1446] [!] 데이터 없음: https://www.vivino.com/en/gibbston-valley-le-maitre-pinot-noir/w/1145544?year=2022&price_id=35488254
[2026-03-16 17:59:16] --- 중간 저장: 누적 2349건 ---
[2026-03-16 17:59:25]  [421/1446] [!] 데이터 없음: https://www.vivino.com/en/livio-felluga-pinot-grigio/w/15098?year=2022&price_id=36485665
[2026-03-16 17:59:25]  [422/1446] [!] 데이터 없음: https://www.vivino.com/en/livio-felluga-sosso-riserva/w/15085?year=2016&price_id=36485587
[2026-03-16 17:59:25]  [423/1446] [!] 데이터 없음: https://www.vivino.com/en/kimura-cellars-sauvignon-blanc/w/1530663?year=2024&price_id=38032867
[2026-03-16 17:59:25]  [424/1446] [!] 데이터 없음: https://www.vivino.com/en/hugo-casanova-merlot-reserva/w/1166872?year=2006&price_id=2873726
[2026-03-16 17:59:25]  [425/1446] [!] 데이터 없음: https://www.vivino.com/en/clos-de-la-vieille-eglise-castillon-cotes-de-bordeaux/w/1416680?year=2006&price_id=14549790
[2026-03-16 17:59:25]  [427/1446] [!] 데이터 없음: https://www.vivino.com/en/twomey-sauvignon-blanc/w/14902?year=2017&price_id=17957571
[2026-03-16 17:59:25]  [426/1446] [!] 데이터 없음: https://www.vivino.com/en/joseph-cattin-pinot-gris/w/1160783?year=2017&price_id=24499688
[2026-03-16 17:59:25]  [428/1446] [!] 데이터 없음: https://www.vivino.com/en/louis-jadot-beaujolais-villages-primeur/w/2787?year=2016&price_id=14650452
[2026-03-16 17:59:26]  [429/1446] [!] 데이터 없음: https://www.vivino.com/en/domaines-schlumberger-les-princes-abbes-pinot-gris-alsace/w/12329?year=2014&price_id=10282874
[2026-03-16 17:59:26]  [430/1446] [!] 데이터 없음: https://www.vivino.com/en/felton-road-dry-riesling/w/88312?year=2024&price_id=37530273
[2026-03-16 17:59:26]  [431/1446] [!] 데이터 없음: https://www.vivino.com/en/egon-muller-scharzhof-riesling-le-gallais-wiltinger-braune-kupp-kabinett/w/86691?year=2023&price_id=37843975
[2026-03-16 17:59:26]  [432/1446] [!] 데이터 없음: https://www.vivino.com/en/cavalleri-franciacorta-pas-dose/w/2665298?year=2017&price_id=36736901
[2026-03-16 17:59:26]  [440/1446] [!] 데이터 없음: https://www.vivino.com/en/la-ferme-du-mont-les-marnes-bleues-rasteau/w/12992581?year=2022&price_id=39897174
[2026-03-16 17:59:26]  [443/1446] [!] 데이터 없음: https://www.vivino.com/en/furst-franken-pur-mineral-riesling/w/1117563?year=2016&price_id=17623606
[2026-03-16 17:59:26]  [433/1446] [!] 데이터 없음: https://www.vivino.com/en/rutini-malbec/w/16504?year=2013&price_id=15636965
[2026-03-16 17:59:26]  [434/1446] [!] 데이터 없음: https://www.vivino.com/en/domaine-anne-et-herve-sigaut-morey-saint-denis-1er-cru-les-millandes/w/1503256?year=2021&price_id=33059125
[2026-03-16 17:59:26]  [435/1446] [!] 데이터 없음: https://www.vivino.com/en/arnaldo-caprai-montefalco-vigna-flaminia-maremmana-rosso/w/1851188?year=2018&price_id=36485600
[2026-03-16 17:59:26]  [436/1446] [!] 데이터 없음: https://www.vivino.com/en/folding-hill-chardonnay/w/11485779?year=2023&price_id=40124773
[2026-03-16 17:59:26]  [437/1446] [!] 데이터 없음: https://www.vivino.com/en/michele-chiarlo-barbaresco-reyna/w/86557?year=2007&price_id=7944078
[2026-03-16 17:59:26]  [438/1446] [!] 데이터 없음: https://www.vivino.com/en/weingut-josef-pockl-admiral/w/1117099?year=2020&price_id=37843820
[2026-03-16 17:59:26]  [439/1446] [!] 데이터 없음: https://www.vivino.com/en/domaine-de-leyre-loup-reserve-louis-leyre-loup-fleurie/w/5985714?year=2014&price_id=39212479
[2026-03-16 17:59:26]  [445/1446] [!] 데이터 없음: https://www.vivino.com/en/hans-herzog-hans-family-estate-spirit-of-marlborough-merlot-cabernet/w/1362057?year=2017&price_id=38262014
[2026-03-16 17:59:26]  [441/1446] [!] 데이터 없음: https://www.vivino.com/en/quinta-do-noval-twenty-year-old-tawny-port/w/81321?price_id=18044680
[2026-03-16 17:59:26]  [442/1446] [!] 데이터 없음: https://www.vivino.com/en/destiny-bay-vineyards-magna-praemia/w/1601698?year=2005&price_id=34982135
[2026-03-16 17:59:26]  [444/1446] [!] 데이터 없음: https://www.vivino.com/en/firesteed-cellars-cayalla-rtw/w/1242485?year=2005&price_id=14650530
[2026-03-16 17:59:27]  [446/1446] [!] 데이터 없음: https://www.vivino.com/en/schafer-frohlich-vulkangestein-riesling-trocken/w/1873211?year=2022&price_id=37843841
[2026-03-16 17:59:27]  [447/1446] [!] 데이터 없음: https://www.vivino.com/en/brookfields-ohiti-estate-cabernet-sauvignon-hawkes-bay-red-wine/w/2540209?year=2021&price_id=34767992
[2026-03-16 17:59:27]  [448/1446] [!] 데이터 없음: https://www.vivino.com/en/weingut-josef-pockl-mystique/w/1117104?year=2020&price_id=37843803
[2026-03-16 17:59:27]  [449/1446] [!] 데이터 없음: https://www.vivino.com/en/tony-bish-zen-chardonnay/w/7203338?year=2020&price_id=31198173
[2026-03-16 17:59:27]  [450/1446] [!] 데이터 없음: https://www.vivino.com/en/veuve-clicquot-brut-rose-champagne/w/23051?price_id=5299132
[2026-03-16 17:59:28] --- 중간 저장: 누적 2349건 ---
[2026-03-16 17:59:37]  [451/1446] [!] 데이터 없음: https://www.vivino.com/en/alto-wine-estate-mphs/w/4830045?year=2011&price_id=14650560
[2026-03-16 17:59:37]  [452/1446] [!] 데이터 없음: https://www.vivino.com/en/von-winning-pechstein-gg/w/1834194?year=2022&price_id=37843943
[2026-03-16 17:59:37]  [453/1446] [!] 데이터 없음: https://www.vivino.com/en/chateau-petit-bocq-saint-estephe/w/1170491?year=2002&price_id=7944080
[2026-03-16 17:59:37]  [454/1446] [!] 데이터 없음: https://www.vivino.com/en/san-pedro-central-valley-cabo-de-hornos-special-reserve/w/1222251?year=2000&price_id=2804838
[2026-03-16 17:59:37]  [455/1446] [!] 데이터 없음: https://www.vivino.com/en/casa-mayor-old-vines-chardonnay/w/2231146?year=2019&price_id=24449273
[2026-03-16 17:59:37]  [457/1446] [!] 데이터 없음: https://www.vivino.com/en/stephane-montez-la-syrah-a-papa/w/1162582?year=2024&price_id=41140142
[2026-03-16 17:59:37]  [456/1446] [!] 데이터 없음: https://www.vivino.com/en/sato-l-atypique-pinot-gris/w/4896082?year=2023&price_id=39484243
[2026-03-16 17:59:37]  [458/1446] [!] 데이터 없음: https://www.vivino.com/en/terra-sancta-estate-pinot-noir/w/5278823?year=2024&price_id=40564078
[2026-03-16 17:59:37]  [459/1446] [!] 데이터 없음: https://www.vivino.com/en/tramier-l-and-fils-julienas/w/1108468?year=2017&price_id=21625806
[2026-03-16 17:59:37]  [460/1446] [!] 데이터 없음: https://www.vivino.com/en/bellene-savigny-les-beaune/w/1555203?year=2020&price_id=33035113
[2026-03-16 17:59:37]  [461/1446] [!] 데이터 없음: https://www.vivino.com/en/didier-morion-cranilles-saint-joseph/w/2172007?year=2024&price_id=40914469
[2026-03-16 17:59:37]  [462/1446] [!] 데이터 없음: https://www.vivino.com/en/veyder-malberg-bruck-riesling/w/1174570?year=2022&price_id=37843746
[2026-03-16 17:59:37]  [463/1446] [!] 데이터 없음: https://www.vivino.com/en/kendall-jackson-jackson-estate-outland-ridge-pinot-noir-anderson-valley/w/5402563?year=2017&price_id=24839154
[2026-03-16 17:59:37]  [464/1446] [!] 데이터 없음: https://www.vivino.com/en/kaiken-malbec-reserva/w/1152375?year=2005&price_id=2895313
[2026-03-16 17:59:38]  [467/1446] [!] 데이터 없음: https://www.vivino.com/en/lapostolle-cuvee-alexandre-cabernet-sauvignon/w/13751?year=2005&price_id=2895237
[2026-03-16 17:59:38]  [468/1446] [!] 데이터 없음: https://www.vivino.com/en/bodegas-tintoralba-higueruela-crianza/w/1383464?year=2010&price_id=7953650
[2026-03-16 17:59:38]  [469/1446] [!] 데이터 없음: https://www.vivino.com/en/michel-fonne-tradition-pinot-blanc/w/1991936?year=2011&price_id=14650531
[2026-03-16 17:59:38]  [465/1446] [!] 데이터 없음: https://www.vivino.com/en/torre-cenaia-dolce-peccato/w/1248440?year=2005&price_id=13579432
[2026-03-16 17:59:38]  [466/1446] [!] 데이터 없음: https://www.vivino.com/en/pol-roger-reserve-brut-champagne/w/1884610?price_id=275343
[2026-03-16 17:59:38]  [470/1446] [!] 데이터 없음: https://www.vivino.com/en/st-michael-eppan-pinot-grigio/w/10086?year=2017&price_id=36485649
[2026-03-16 17:59:38]  [471/1446] [!] 데이터 없음: https://www.vivino.com/en/two-paddocks-pinot-noir-rose/w/7002989?year=2025&price_id=40561257
[2026-03-16 17:59:38]  [472/1446] [!] 데이터 없음: https://www.vivino.com/en/pj-valckenberg-gmbh-madonna-liebfraumilch/w/1735621?year=2010&price_id=14650415
[2026-03-16 17:59:38]  [474/1446] [!] 데이터 없음: https://www.vivino.com/en/vietti-moscato-d-asti-moscato-dasti/w/1172215?year=2018&price_id=19011284
[2026-03-16 17:59:38]  [473/1446] [!] 데이터 없음: https://www.vivino.com/en/a-et-p-de-villaine-les-montots-mercurey/w/80283?year=2023&price_id=38344204
[2026-03-16 17:59:38]  [475/1446] [!] 데이터 없음: https://www.vivino.com/en/glaetzer-anaperenna/w/1165293?year=2006&price_id=2895006
[2026-03-16 17:59:38]  [476/1446] [!] 데이터 없음: https://www.vivino.com/en/lascar-merlot-classic/w/2739098?year=2009&price_id=15466485
[2026-03-16 17:59:38]  [480/1446] [!] 데이터 없음: https://www.vivino.com/en/craggy-range-gimblett-gravels-vineyard-te-kahu/w/1917632?year=2023&price_id=40802958
[2026-03-16 17:59:38]  [477/1446] [!] 데이터 없음: https://www.vivino.com/en/weingut-richard-ostreicher-rossbach-chardonnay/w/6878678?year=2022&price_id=37843802
[2026-03-16 17:59:38]  [478/1446] [!] 데이터 없음: https://www.vivino.com/en/san-pedro-central-valley-gato-blanco-sauvignon-blanc-lontue-valley/w/4384769?year=2005&price_id=15291849
[2026-03-16 17:59:38]  [479/1446] [!] 데이터 없음: https://www.vivino.com/en/a-et-p-de-villaine-rully-1er-cru-rabource/w/9544858?year=2023&price_id=41141494
[2026-03-16 17:59:39] --- 중간 저장: 누적 2349건 ---
[2026-03-16 17:59:48]  [481/1446] [!] 데이터 없음: https://www.vivino.com/en/biondi-santi-brunello-di-montalcino/w/1558589?year=2017&price_id=36738527
[2026-03-16 17:59:48]  [482/1446] [!] 데이터 없음: https://www.vivino.com/en/robert-weil-riesling-kabinett/w/1476551?year=2005&price_id=16156677
[2026-03-16 17:59:48]  [484/1446] [!] 데이터 없음: https://www.vivino.com/en/chateau-poujeaux-moulis-en-medoc/w/86373?year=2018&price_id=37843846
[2026-03-16 17:59:48]  [483/1446] [!] 데이터 없음: https://www.vivino.com/en/albinea-canali-ottocentonero-lambrusco/w/2063574?price_id=275529
[2026-03-16 17:59:48]  [485/1446] [!] 데이터 없음: https://www.vivino.com/en/starmont-cabernet-sauvignon/w/3082?year=2001&price_id=2894939
[2026-03-16 17:59:48]  [489/1446] [!] 데이터 없음: https://www.vivino.com/en/f-x-pichler-ried-kellerberg-riesling-smaragd-wachau/w/6266434?year=2022&price_id=37843999
[2026-03-16 17:59:48]  [488/1446] [!] 데이터 없음: https://www.vivino.com/en/carlo-hauner-malvasia-delle-lipari-passito/w/92949?year=2021&price_id=38314783
[2026-03-16 17:59:49]  [486/1446] [!] 데이터 없음: https://www.vivino.com/en/villa-sandi-prosecco-il-fresco-spumante/w/1136903?price_id=1570733
[2026-03-16 17:59:49]  [490/1446] [!] 데이터 없음: https://www.vivino.com/en/bouchard-aine-et-fils-beaujolais-villages-primeur/w/1584239?year=2013&price_id=7953670
[2026-03-16 17:59:49]  [487/1446] [!] 데이터 없음: https://www.vivino.com/en/jean-marc-brocard-domaine-sainte-claire-chablis/w/1180709?year=2013&price_id=7944026
[2026-03-16 17:59:49]  [492/1446] [!] 데이터 없음: https://www.vivino.com/en/weingut-knoll-ried-kreutles-loibner-gruner-veltliner-federspiel/w/1102923?year=2024&price_id=38867218
[2026-03-16 17:59:49]  [491/1446] [!] 데이터 없음: https://www.vivino.com/en/fortyseven-anno-domini-sottovoce-pinot-nero/w/6518647?year=2015&price_id=40053394
[2026-03-16 17:59:49]  [493/1446] [!] 데이터 없음: https://www.vivino.com/en/von-winning-ozyetra/w/7641612?year=2020&price_id=37843812
[2026-03-16 17:59:49]  [496/1446] [!] 데이터 없음: https://www.vivino.com/en/royal-oporto-white-porto/w/1235547?price_id=34692543
[2026-03-16 17:59:49]  [494/1446] [!] 데이터 없음: https://www.vivino.com/en/jaffelin-rully-rouge/w/5946885?year=2009&price_id=28089294
[2026-03-16 17:59:49]  [495/1446] [!] 데이터 없음: https://www.vivino.com/en/epc-champagne-blanc-de-noirs-brut-champagne/w/10058523?price_id=39759268
[2026-03-16 17:59:49]  [497/1446] [!] 데이터 없음: https://www.vivino.com/en/dourthe-grands-terroirs-sauternes/w/1135866?year=2005&price_id=7953743
[2026-03-16 17:59:49]  [498/1446] [!] 데이터 없음: https://www.vivino.com/en/donnhoff-kahlenberg-riesling-trocken/w/1152841?year=2022&price_id=37843557
[2026-03-16 17:59:49]  [499/1446] [!] 데이터 없음: https://www.vivino.com/en/chateau-clarke-listrac-medoc/w/1148646?year=1988&price_id=38183111
[2026-03-16 17:59:49]  [500/1446] [!] 데이터 없음: https://www.vivino.com/en/chard-farm-closeburn-chardonnay/w/83458?year=2024&price_id=39654433
[2026-03-16 17:59:49]  [501/1446] [!] 데이터 없음: https://www.vivino.com/en/zonin-chianti-classico/w/1304684?year=2001&price_id=14650429
[2026-03-16 17:59:49]  [502/1446] [!] 데이터 없음: https://www.vivino.com/en/nederburg-estate-manor-house-shiraz/w/61434?year=2004&price_id=2895241
[2026-03-16 17:59:49]  [503/1446] [!] 데이터 없음: https://www.vivino.com/en/carchelo-altico-a-jumilla/w/2431421?year=2008&price_id=28522928
[2026-03-16 17:59:49]  [505/1446] [!] 데이터 없음: https://www.vivino.com/en/ornellaia-le-serre-nuove/w/22448?year=2023&price_id=41144053
[2026-03-16 17:59:49]  [504/1446] [!] 데이터 없음: https://www.vivino.com/en/aromo-cabernet-sauvignon-private-reserve/w/42234?year=2010&price_id=2754560
[2026-03-16 17:59:50]  [506/1446] [!] 데이터 없음: https://www.vivino.com/en/donnafugata-sul-vulcano-etna-bianco-etna/w/6334373?year=2017&price_id=24839155
[2026-03-16 17:59:50]  [508/1446] [!] 데이터 없음: https://www.vivino.com/en/dona-paula-el-alto-parcel-malbec/w/1721154?year=2011&price_id=7953776
[2026-03-16 17:59:50]  [507/1446] [!] 데이터 없음: https://www.vivino.com/en/alessio-dorigo-refosco-dal-peduncolo-rosso-vigneto-montsclapade/w/6328100?year=2000&price_id=15490918
[2026-03-16 17:59:50]  [509/1446] [!] 데이터 없음: https://www.vivino.com/en/jacky-blot-montlouis/w/2403559?year=2023&price_id=38566701
[2026-03-16 17:59:50]  [510/1446] [!] 데이터 없음: https://www.vivino.com/en/domaine-comte-georges-de-vogue-musigny-grand-cru-cuvee-vieilles-vignes/w/1187200?year=2023&price_id=40237679
[2026-03-16 17:59:51] --- 중간 저장: 누적 2349건 ---
[2026-03-16 18:00:03]  [512/1446] [성공] Planeta Santa Cecilia Ner... | 분포:True
[2026-03-16 18:00:03]  [521/1446] [성공] Chalk Hill Moscato 2012... | 분포:True
[2026-03-16 18:00:03]  [514/1446] [성공] Feudi di San Gregorio Ser... | 분포:True
[2026-03-16 18:00:04]  [515/1446] [성공] Donna Laura Bramosia Chia... | 분포:True
[2026-03-16 18:00:04]  [519/1446] [성공] Agusti Torello Mata Cava ... | 분포:True
[2026-03-16 18:00:04]  [518/1446] [성공] Gallo Family Vineyards Ca... | 분포:True
[2026-03-16 18:00:04]  [517/1446] [성공] Cantina Tollo Colle Secco... | 분포:True
[2026-03-16 18:00:04]  [511/1446] [성공] Domaine A. et P. de Villa... | 분포:False
[2026-03-16 18:00:04]  [520/1446] [성공] Paritua Syrah 2024... | 분포:True
[2026-03-16 18:00:04]  [513/1446] [성공] El Emperador Cabernet - C... | 분포:True
[2026-03-16 18:00:05]  [516/1446] [성공] Aromo Malbec Private Rese... | 분포:True
[2026-03-16 18:00:05]  [522/1446] [성공] Sartarelli Classico 2021... | 분포:True
[2026-03-16 18:00:05]  [523/1446] [성공] Woodbridge by Robert Mond... | 분포:True
[2026-03-16 18:00:05]  [524/1446] [성공] Domaine Vacheron Sancerre... | 분포:True
[2026-03-16 18:00:06]  [529/1446] [성공] House of Hafner Family Es... | 분포:True
[2026-03-16 18:00:06]  [525/1446] [성공] Little Beauty Pinot Gris ... | 분포:True
[2026-03-16 18:00:07]  [530/1446] [성공] Château Calon-Ségur Saint... | 분포:True
[2026-03-16 18:00:07]  [531/1446] [성공] Argiano Brunello di Monta... | 분포:True
[2026-03-16 18:00:07]  [532/1446] [성공] Dönnhoff Weissburgunder T... | 분포:True
[2026-03-16 18:00:07]  [526/1446] [성공] Tyrrell's Brookdale Sémil... | 분포:True
[2026-03-16 18:00:07]  [533/1446] [성공] Peter Lehmann Merlot 2004... | 분포:False
[2026-03-16 18:00:07]  [528/1446] [성공] Graffigna Grand Reserve C... | 분포:True
[2026-03-16 18:00:08]  [527/1446] [성공] Wolf Blass Gold Label Bar... | 분포:True
[2026-03-16 18:00:08]  [534/1446] [성공] Maison Kieffer Jean-Charl... | 분포:True
[2026-03-16 18:00:08]  [535/1446] [성공] Bodega Norton Malbec D.O.... | 분포:True
[2026-03-16 18:00:08]  [536/1446] [성공] St Hallett Old Block Shir... | 분포:True
[2026-03-16 18:00:09]  [540/1446] [성공] Robert Mondavi Winery Res... | 분포:True
[2026-03-16 18:00:09]  [539/1446] [성공] Stellenzicht Shiraz Golde... | 분포:True
[2026-03-16 18:00:09]  [537/1446] [성공] Garofoli Monte Reale Sang... | 분포:False
[2026-03-16 18:00:09]  [538/1446] [성공] Wolfberger Riesling Alsac... | 분포:True
[2026-03-16 18:00:10] --- 중간 저장: 누적 2379건 ---
[2026-03-16 18:00:22]  [541/1446] [성공] Feudi di San Gregorio Tau... | 분포:True
[2026-03-16 18:00:22]  [543/1446] [성공] Château Musar Rouge (Gast... | 분포:True
[2026-03-16 18:00:22]  [547/1446] [성공] Bisquertt Family Vineyard... | 분포:True
[2026-03-16 18:00:22]  [546/1446] [성공] St Hugo Cabernet Sauvigno... | 분포:True
[2026-03-16 18:00:22]  [549/1446] [성공] Domaine Peter Sichel Cucu... | 분포:True
[2026-03-16 18:00:22]  [542/1446] [성공] Paul Jaboulet Aîné Le Pet... | 분포:True
[2026-03-16 18:00:22]  [548/1446] [성공] Domaine du Clos des Fées ... | 분포:True
[2026-03-16 18:00:22]  [544/1446] [성공] Handpicked Regional Selec... | 분포:True
[2026-03-16 18:00:22]  [545/1446] [성공] Donnafugata Moscato di Pa... | 분포:True
[2026-03-16 18:00:22]  [550/1446] [성공] Ca' del Bosco Cuvée Annam... | 분포:True
[2026-03-16 18:00:23]  [551/1446] [성공] Ornellaia Bolgheri Superi... | 분포:True
[2026-03-16 18:00:23]  [552/1446] [성공] Mills Reef Elspeth Syrah ... | 분포:True
[2026-03-16 18:00:24]  [554/1446] [성공] Kim Crawford Sauvignon Bl... | 분포:True
[2026-03-16 18:00:24]  [553/1446] [성공] Mouton Cadet Réserve Saut... | 분포:True
[2026-03-16 18:00:25]  [556/1446] [성공] Tenuta CastelGiocondo Bru... | 분포:True
[2026-03-16 18:00:25]  [562/1446] [성공] Château d'Arche Haut-Médo... | 분포:True
[2026-03-16 18:00:25]  [558/1446] [성공] Velich Darscho 2022... | 분포:True
[2026-03-16 18:00:25]  [555/1446] [성공] Beringer Chardonnay 2005... | 분포:True
[2026-03-16 18:00:25]  [559/1446] [성공] Ippolito 1845 Gemma del S... | 분포:True
[2026-03-16 18:00:26]  [560/1446] [성공] Deinhard Piesporter Riesl... | 분포:True
[2026-03-16 18:00:26]  [561/1446] [성공] Château Clarke Listrac-Mé... | 분포:True
[2026-03-16 18:00:26]  [557/1446] [성공] Ruca Malen Kinién Caberne... | 분포:True
[2026-03-16 18:00:26]  [565/1446] [성공] Vistamar Moscato Brisa 20... | 분포:True
[2026-03-16 18:00:26]  [563/1446] [성공] Didier Morion Sarments Ro... | 분포:False
[2026-03-16 18:00:27]  [566/1446] [성공] Tenuta San Guido Le Difes... | 분포:True
[2026-03-16 18:00:27]  [567/1446] [성공] Black Quail Pinot Noir 20... | 분포:True
[2026-03-16 18:00:27]  [564/1446] [성공] Robert Mondavi Winery To ... | 분포:True
[2026-03-16 18:00:27]  [569/1446] [성공] Waterfalls Road The Eddy ... | 분포:True
[2026-03-16 18:00:27]  [568/1446] [성공] Domaine des Comtes Lafon ... | 분포:True
[2026-03-16 18:00:27]  [570/1446] [성공] Trinity Hill Gimblett Gra... | 분포:True
[2026-03-16 18:00:28] --- 중간 저장: 누적 2409건 ---
[2026-03-16 18:00:39]  [581/1446] [성공] Mantlerhof Neuburger Homm... | 분포:True
[2026-03-16 18:00:39]  [574/1446] [성공] Kaiken Ultra Malbec 2013... | 분포:True
[2026-03-16 18:00:39]  [572/1446] [성공] Prunotto Barolo 2019... | 분포:True
[2026-03-16 18:00:40]  [575/1446] [성공] Donnafugata Sul Vulcano E... | 분포:True
[2026-03-16 18:00:40]  [576/1446] [성공] Domaine Comte Georges de ... | 분포:True
[2026-03-16 18:00:40]  [578/1446] [성공] Stone Cellars Merlot 2005... | 분포:True
[2026-03-16 18:00:40]  [579/1446] [성공] Château Hostens-Picant Ch... | 분포:True
[2026-03-16 18:00:40]  [573/1446] [성공] Beringer Napa Valley Merl... | 분포:True
[2026-03-16 18:00:40]  [582/1446] [성공] Pyramid Valley Vineyards ... | 분포:True
[2026-03-16 18:00:40]  [580/1446] [성공] Château La Marzelle Châte... | 분포:True
[2026-03-16 18:00:41]  [577/1446] [성공] Chapel Hill Parson’s Nose... | 분포:True
[2026-03-16 18:00:41]  [571/1446] [성공] Michel Fonné Tradition Ri... | 분포:True
[2026-03-16 18:00:42]  [584/1446] [성공] Di Majo Norante Tintilia ... | 분포:True
[2026-03-16 18:00:42]  [588/1446] [성공] Mount Edward Pinot Noir 2... | 분포:True
[2026-03-16 18:00:42]  [583/1446] [성공] Hogue Reserve Merlot 2002... | 분포:False
[2026-03-16 18:00:43]  [590/1446] [성공] Weingut Knoll Ried Loiben... | 분포:True
[2026-03-16 18:00:43]  [592/1446] [성공] Montevetrano Core Campani... | 분포:True
[2026-03-16 18:00:43]  [585/1446] [성공] Gut Oggau Timotheus Weiss... | 분포:True
[2026-03-16 18:00:43]  [589/1446] [성공] Pelee Island Winery Monar... | 분포:True
[2026-03-16 18:00:43]  [587/1446] [성공] Grabenwerkstatt Ried Bruc... | 분포:True
[2026-03-16 18:00:43]  [586/1446] [성공] Robert Mondavi Winery Twi... | 분포:False
[2026-03-16 18:00:43]  [591/1446] [성공] Castello di Ama Chianti C... | 분포:True
[2026-03-16 18:00:43]  [593/1446] [성공] Domaine de Chevalier L'Es... | 분포:True
[2026-03-16 18:00:44]  [594/1446] [성공] Terrazas de los Andes Res... | 분포:True
[2026-03-16 18:00:45]  [595/1446] [성공] Wolf Blass Gold Label Rie... | 분포:True
[2026-03-16 18:00:45]  [597/1446] [성공] Joseph Phelps Vineyards I... | 분포:True
[2026-03-16 18:00:45]  [600/1446] [성공] Domaine Marquis d'Angervi... | 분포:True
[2026-03-16 18:00:45]  [596/1446] [성공] Château Vartely Pinot Noi... | 분포:True
[2026-03-16 18:00:45]  [599/1446] [성공] Stonyridge Vineyard Pilgr... | 분포:True
[2026-03-16 18:00:45]  [598/1446] [성공] Hannes Sabathi Steirische... | 분포:True
[2026-03-16 18:00:46] --- 중간 저장: 누적 2439건 ---
[2026-03-16 18:00:54]  [601/1446] [성공] Man O' War Kulta Tytti 20... | 분포:True
[2026-03-16 18:00:54]  [603/1446] [성공] Domaine Bonnardot Bourgog... | 분포:True
[2026-03-16 18:00:55]  [610/1446] [성공] Laurent-Perrier Alexandra... | 분포:True
[2026-03-16 18:00:55]  [608/1446] [성공] Bodegas Muga Prado Enea G... | 분포:True
[2026-03-16 18:00:55]  [611/1446] [성공] Arnozan Réserve des Chart... | 분포:False
[2026-03-16 18:00:55]  [607/1446] [성공] Château Canon Saint-Émili... | 분포:True
[2026-03-16 18:00:55]  [604/1446] [성공] Cérvoles Colors Tinto 201... | 분포:True
[2026-03-16 18:00:56]  [602/1446] [성공] Domaine des Beaumont More... | 분포:False
[2026-03-16 18:00:56]  [606/1446] [성공] Schäfer-Fröhlich Weisser ... | 분포:True
[2026-03-16 18:00:56]  [605/1446] [성공] Sartarelli Tralivio 2020... | 분포:True
[2026-03-16 18:00:56]  [612/1446] [성공] Tabali Reserva Merlot 201... | 분포:True
[2026-03-16 18:00:56]  [609/1446] [성공] Domaine Mucyn Crozes-Herm... | 분포:True
[2026-03-16 18:00:56]  [613/1446] [성공] Château des Laurets Puiss... | 분포:True
[2026-03-16 18:00:57]  [614/1446] [성공] Domaine Marquis d'Angervi... | 분포:True
[2026-03-16 18:00:57]  [615/1446] [성공] Hétszölö Tokaji Aszú 6 Pu... | 분포:True
[2026-03-16 18:00:57]  [616/1446] [성공] Estancia Mendoza Malbec R... | 분포:True
[2026-03-16 18:00:57]  [617/1446] [성공] Argiolas Iselis Bianco 20... | 분포:True
[2026-03-16 18:00:58]  [619/1446] [성공] Les Producteurs Réunis Ma... | 분포:True
[2026-03-16 18:00:58]  [620/1446] [성공] A.F. Gros Gevrey-Chambert... | 분포:False
[2026-03-16 18:00:58]  [618/1446] [성공] Nederburg Manor House Cab... | 분포:True
[2026-03-16 18:00:58]  [621/1446] [성공] Château Clinet Ronan by C... | 분포:True
[2026-03-16 18:00:58]  [622/1446] [성공] Casa Silva Altura 2008... | 분포:True
[2026-03-16 18:00:59]  [623/1446] [성공] Barranco Oscuro 1368 Cerr... | 분포:True
[2026-03-16 18:00:59]  [625/1446] [성공] Kopke Quinta São Luiz Vin... | 분포:True
[2026-03-16 18:00:59]  [624/1446] [성공] Von Winning Paradiesgarte... | 분포:True
[2026-03-16 18:00:59]  [626/1446] [성공] Alain Graillot Crozes-Her... | 분포:True
[2026-03-16 18:00:59]  [629/1446] [성공] Domaine Thomson Surveyor ... | 분포:True
[2026-03-16 18:01:00]  [630/1446] [성공] Château Margaux Château M... | 분포:True
[2026-03-16 18:01:00]  [628/1446] [성공] Château Les Combes Lussac... | 분포:True
[2026-03-16 18:01:00]  [627/1446] [성공] Wente Family Vineyards Lo... | 분포:True
[2026-03-16 18:01:01] --- 중간 저장: 누적 2469건 ---
[2026-03-16 18:01:08]  [633/1446] [성공] Justino's Madeira Malvasi... | 분포:True
[2026-03-16 18:01:09]  [635/1446] [성공] Domaine Poisot Père & Fil... | 분포:True
[2026-03-16 18:01:09]  [637/1446] [성공] Bernhard Ott Fass 4 2024... | 분포:True
[2026-03-16 18:01:09]  [634/1446] [성공] Parker Coonawarra Estate ... | 분포:True
[2026-03-16 18:01:09]  [631/1446] [성공] Peregrine Chardonnay 2024... | 분포:True
[2026-03-16 18:01:09]  [636/1446] [성공] Ferrari Riserva Lunelli 2... | 분포:True
[2026-03-16 18:01:09]  [640/1446] [성공] Marina Cvetić Montepulcia... | 분포:True
[2026-03-16 18:01:09]  [632/1446] [성공] Château Batailley Pauilla... | 분포:True
[2026-03-16 18:01:09]  [638/1446] [성공] Zenato Valpolicella Class... | 분포:True
[2026-03-16 18:01:10]  [639/1446] [성공] Von Winning Paradiesgarte... | 분포:True
[2026-03-16 18:01:10]  [641/1446] [성공] Peregrine Pinot Noir Rosé... | 분포:True
[2026-03-16 18:01:10]  [642/1446] [성공] Rockburn The Art Pinot No... | 분포:True
[2026-03-16 18:01:11]  [643/1446] [성공] Mas de Daumas Gassac Haut... | 분포:True
[2026-03-16 18:01:11]  [645/1446] [성공] Louis Roederer Cristal Br... | 분포:True
[2026-03-16 18:01:11]  [646/1446] [성공] Trinity Hill Gimblett Gra... | 분포:True
[2026-03-16 18:01:11]  [647/1446] [성공] Moric Reserve Blaufränkis... | 분포:True
[2026-03-16 18:01:12]  [644/1446] [성공] Biancospino Vento di Lang... | 분포:True
[2026-03-16 18:01:12]  [651/1446] [성공] Pegasus Bay Prima Donna P... | 분포:True
[2026-03-16 18:01:12]  [653/1446] [성공] Mantlerhof Roter Veltline... | 분포:True
[2026-03-16 18:01:12]  [652/1446] [성공] Château de Beaucastel Hom... | 분포:True
[2026-03-16 18:01:12]  [654/1446] [성공] Tenuta CastelGiocondo Cam... | 분포:True
[2026-03-16 18:01:13]  [655/1446] [성공] Le Coste Litrozzo Rosato ... | 분포:True
[2026-03-16 18:01:13]  [649/1446] [성공] Di Majo Norante Apianae 2... | 분포:True
[2026-03-16 18:01:13]  [650/1446] [성공] Konyári Kékfrankos 2011... | 분포:True
[2026-03-16 18:01:13]  [648/1446] [성공] Deinhard 1794 Riesling - ... | 분포:True
[2026-03-16 18:01:13]  [657/1446] [성공] Maison de Grand Esprit L'... | 분포:True
[2026-03-16 18:01:14]  [659/1446] [성공] Balthasar Ress Hattenheim... | 분포:True
[2026-03-16 18:01:14]  [656/1446] [성공] Neleman 30 Wishes Dear 20... | 분포:False
[2026-03-16 18:01:14]  [658/1446] [성공] Aromo Winemaker's Selecti... | 분포:True
[2026-03-16 18:01:15]  [660/1446] [성공] Bree Riesling 2014... | 분포:True
[2026-03-16 18:01:15] --- 중간 저장: 누적 2499건 ---
[2026-03-16 18:01:26]  [664/1446] [성공] Franz Hirtzberger Rotes T... | 분포:True
[2026-03-16 18:01:26]  [669/1446] [성공] Rutini Trumpeter Cabernet... | 분포:True
[2026-03-16 18:01:26]  [663/1446] [성공] Immich-Batterieberg Esche... | 분포:True
[2026-03-16 18:01:26]  [671/1446] [성공] Felton Road Cornish Point... | 분포:True
[2026-03-16 18:01:26]  [666/1446] [성공] L . Tramier & Fils Coteau... | 분포:True
[2026-03-16 18:01:27]  [662/1446] [성공] Didier Morion Lléandre Sa... | 분포:True
[2026-03-16 18:01:27]  [661/1446] [성공] Attila Homonna Tokaji Fur... | 분포:True
[2026-03-16 18:01:27]  [668/1446] [성공] Jermann Where Dreams have... | 분포:True
[2026-03-16 18:01:27]  [667/1446] [성공] Ruffino Chianti 1877 2004... | 분포:True
[2026-03-16 18:01:27]  [670/1446] [성공] Chapel Hill Shiraz 2016... | 분포:True
[2026-03-16 18:01:27]  [672/1446] [성공] Quinta da Pedra Longos Va... | 분포:True
[2026-03-16 18:01:27]  [665/1446] [성공] Cloudy Bay Pinot Noir 201... | 분포:True
[2026-03-16 18:01:28]  [673/1446] [성공] Felton Road Block 5 Pinot... | 분포:True
[2026-03-16 18:01:28]  [674/1446] [성공] Tarapacá Leon de Tarapacá... | 분포:True
[2026-03-16 18:01:28]  [675/1446] [성공] Duette Premium Pinot Noir... | 분포:True
[2026-03-16 18:01:28]  [677/1446] [성공] Bouvet Ladubay Saphir Sau... | 분포:True
[2026-03-16 18:01:29]  [676/1446] [성공] Wente Family Vineyards Cr... | 분포:False
[2026-03-16 18:01:29]  [680/1446] [성공] Pago de Los Capellanes Cr... | 분포:True
[2026-03-16 18:01:29]  [678/1446] [성공] Château Nénin Pomerol 197... | 분포:True
[2026-03-16 18:01:30]  [681/1446] [성공] Gróf Degenfeld Tokaji Fur... | 분포:True
[2026-03-16 18:01:30]  [682/1446] [성공] Porto Cruz Tawny Port... | 분포:True
[2026-03-16 18:01:30]  [683/1446] [성공] Dom Pérignon P2 Plénitude... | 분포:True
[2026-03-16 18:01:30]  [679/1446] [성공] Reichsrat von Buhl Von Bu... | 분포:True
[2026-03-16 18:01:30]  [685/1446] [성공] Prophet's Rock Olearia Pi... | 분포:True
[2026-03-16 18:01:31]  [688/1446] [성공] Partida Creus SP (Subirat... | 분포:True
[2026-03-16 18:01:31]  [684/1446] [성공] Feudi di San Gregorio Fal... | 분포:True
[2026-03-16 18:01:31]  [687/1446] [성공] Bodegas Marqués de Cácere... | 분포:True
[2026-03-16 18:01:31]  [686/1446] [성공] Antinori Pèppoli Chianti ... | 분포:True
[2026-03-16 18:01:32]  [690/1446] [성공] Ciacci Piccolomini d'Arag... | 분포:True
[2026-03-16 18:01:32]  [689/1446] [성공] Firesteed Pinot Gris 2007... | 분포:True
[2026-03-16 18:01:32] --- 중간 저장: 누적 2529건 ---
[2026-03-16 18:01:43]  [695/1446] [성공] Caliterra Reserva Carmenè... | 분포:True
[2026-03-16 18:01:43]  [696/1446] [성공] Emilio Moro Emilio Moro 2... | 분포:True
[2026-03-16 18:01:43]  [702/1446] [성공] Seña Aconcagua Valley 200... | 분포:True
[2026-03-16 18:01:43]  [701/1446] [성공] Château Les Graves de Bar... | 분포:True
[2026-03-16 18:01:44]  [692/1446] [성공] Prinz Salm Two Princes Ri... | 분포:True
[2026-03-16 18:01:44]  [694/1446] [성공] Cérvoles Tinto 2014... | 분포:True
[2026-03-16 18:01:44]  [697/1446] [성공] Maison Roche de Bellene S... | 분포:True
[2026-03-16 18:01:44]  [691/1446] [성공] Finca La Estacada 6 Meses... | 분포:True
[2026-03-16 18:01:44]  [699/1446] [성공] Château du Breuil Savenni... | 분포:True
[2026-03-16 18:01:44]  [693/1446] [성공] Doña Paula Altitude Serie... | 분포:True
[2026-03-16 18:01:45]  [700/1446] [성공] Cooper Mountain Vin Glacé... | 분포:True
[2026-03-16 18:01:45]  [706/1446] [성공] Principal Reserva Bairrad... | 분포:True
[2026-03-16 18:01:45]  [698/1446] [성공] Roger Pouillon & Fils Sol... | 분포:True
[2026-03-16 18:01:46]  [707/1446] [성공] Bodega Lanzaga LZ Rioja 2... | 분포:True
[2026-03-16 18:01:46]  [704/1446] [성공] Bastianich Sauvignon B 20... | 분포:False
[2026-03-16 18:01:46]  [705/1446] [성공] Powers Cabernet Sauvignon... | 분포:True
[2026-03-16 18:01:46]  [703/1446] [성공] Kalleske Florentine Cheni... | 분포:True
[2026-03-16 18:01:46]  [708/1446] [성공] Poggio Landi Brunello di ... | 분포:True
[2026-03-16 18:01:47]  [710/1446] [성공] Ruffino Riserva Ducale Ch... | 분포:True
[2026-03-16 18:01:47]  [711/1446] [성공] Salentein Portillo Malbec... | 분포:True
[2026-03-16 18:01:47]  [712/1446] [성공] Les Producteurs Réunis Co... | 분포:True
[2026-03-16 18:01:47]  [715/1446] [성공] Soleca Reserva Cabernet S... | 분포:True
[2026-03-16 18:01:48]  [709/1446] [성공] Raoul Clerget Clerget Ter... | 분포:True
[2026-03-16 18:01:48]  [716/1446] [성공] Firesteed Pinot Noir Oreg... | 분포:True
[2026-03-16 18:01:48]  [713/1446] [성공] Man O' War Pinque Rosé 20... | 분포:True
[2026-03-16 18:01:48]  [720/1446] [성공] La Ferme du Mont Vendange... | 분포:True
[2026-03-16 18:01:48]  [719/1446] [성공] Weinbau Christoph Polz Ri... | 분포:True
[2026-03-16 18:01:48]  [714/1446] [성공] Barone Pizzini Curtefranc... | 분포:True
[2026-03-16 18:01:48]  [718/1446] [성공] Amisfield Breakneck Reser... | 분포:True
[2026-03-16 18:01:49]  [717/1446] [성공] Robert Mondavi Winery Mer... | 분포:True
[2026-03-16 18:01:50] --- 중간 저장: 누적 2559건 ---
[2026-03-16 18:01:59]  [729/1446] [!] 데이터 없음: https://www.vivino.com/en/aromo-reserva-privada-syrah/w/7354162?year=2009&price_id=2895328
[2026-03-16 18:01:59]  [730/1446] [!] 데이터 없음: https://www.vivino.com/en/fallbrook-winery-chardonnay/w/1989475?year=2008&price_id=2873792
[2026-03-16 18:01:59]  [731/1446] [!] 데이터 없음: https://www.vivino.com/en/fr-huguenot-marsannay-blanc/w/1441542?year=2022&price_id=36972690
[2026-03-16 18:01:59]  [732/1446] [!] 데이터 없음: https://www.vivino.com/en/carobbio-leone-sangiovese/w/1634420?year=1995&price_id=2873783
[2026-03-16 18:01:59]  [733/1446] [!] 데이터 없음: https://www.vivino.com/en/terrazas-de-los-andes-reserva-cabernet-sauvignon/w/3481?year=2005&price_id=2895088
[2026-03-16 18:01:59]  [734/1446] [!] 데이터 없음: https://www.vivino.com/en/becker-landgraf-muschelkalk-spatburgunder/w/1232367?year=2019&price_id=39108200
[2026-03-16 18:01:59]  [735/1446] [!] 데이터 없음: https://www.vivino.com/en/bodega-ruca-malen-malbec-mendoza-red-wine-v-d3ctl/w/5441055?year=2005&price_id=28696231
[2026-03-16 18:02:00]  [736/1446] [!] 데이터 없음: https://www.vivino.com/en/dulong-bordeaux-blanc-sec/w/1444618?year=2003&price_id=14550184
[2026-03-16 18:02:00]  [738/1446] [!] 데이터 없음: https://www.vivino.com/en/o-fournier-spiga-ribera-del-duero/w/11393?year=2004&price_id=2804616
[2026-03-16 18:02:00]  [737/1446] [!] 데이터 없음: https://www.vivino.com/en/stiphane-vedeau-j-boutin-bonnevaux-cote-rotie/w/1415647?year=2021&price_id=34223763
[2026-03-16 18:02:00]  [724/1446] [성공] Antoine et Laurent Robin ... | 분포:True
[2026-03-16 18:02:00]  [722/1446] [성공] Domaine Rapet Bourgogne C... | 분포:True
[2026-03-16 18:02:00]  [726/1446] [성공] Domaines Schlumberger Les... | 분포:True
[2026-03-16 18:02:00]  [725/1446] [성공] Tenuta San Guido Guidalbe... | 분포:True
[2026-03-16 18:02:00]  [739/1446] [!] 데이터 없음: https://www.vivino.com/en/domaine-marquis-d-angerville-fremiet-volnay-1er-cru/w/76334?year=2022&price_id=40825903
[2026-03-16 18:02:00]  [740/1446] [!] 데이터 없음: https://www.vivino.com/en/chateau-sainte-marie-reserve-entre-deux-mers/w/735838?year=2004&price_id=15108244
[2026-03-16 18:02:01]  [743/1446] [!] 데이터 없음: https://www.vivino.com/en/clearview-estate-reserve-chardonnay/w/1123269?year=2023&price_id=38032864
[2026-03-16 18:02:01]  [744/1446] [!] 데이터 없음: https://www.vivino.com/en/malandes-chablis/w/1164827?year=2023&price_id=39624697
[2026-03-16 18:02:01]  [741/1446] [!] 데이터 없음: https://www.vivino.com/en/black-stallion-cabernet-sauvignon/w/1166077?year=2016&price_id=21653539
[2026-03-16 18:02:01]  [742/1446] [!] 데이터 없음: https://www.vivino.com/en/pares-balta-indigena-garnatxa-tinto/w/1124671?year=2010&price_id=16245125
[2026-03-16 18:02:01]  [745/1446] [!] 데이터 없음: https://www.vivino.com/en/gibbston-valley-gv-collecion-pinot-gris/w/1145555?year=2024&price_id=39388064
[2026-03-16 18:02:01]  [746/1446] [!] 데이터 없음: https://www.vivino.com/en/taittinger-comtes-de-champagne-blanc-de-blancs/w/1136950?year=2011&price_id=27434634
[2026-03-16 18:02:01]  [747/1446] [!] 데이터 없음: https://www.vivino.com/en/poliziano-asinone-vino-nobile-di-montepulciano/w/18795?year=2018&price_id=36736890
[2026-03-16 18:02:01]  [721/1446] [성공] Balbas Gran Reserva 1996... | 분포:True
[2026-03-16 18:02:01]  [748/1446] [!] 데이터 없음: https://www.vivino.com/en/oldenburg-vineyards-cabernet-sauvignon/w/1468357?year=2015&price_id=21678406
[2026-03-16 18:02:01]  [723/1446] [성공] Eos Estate Chardonnay 200... | 분포:False
[2026-03-16 18:02:01]  [727/1446] [성공] Callia Grand Blend 2004... | 분포:True
[2026-03-16 18:02:01]  [749/1446] [!] 데이터 없음: https://www.vivino.com/en/pilandro-lugana-terecrea/w/1177372?year=2023&price_id=37647622
[2026-03-16 18:02:01]  [750/1446] [!] 데이터 없음: https://www.vivino.com/en/mas-de-daumas-gassac-haut-vallee-du-gassac-rouge/w/11079?year=2020&price_id=37843781
[2026-03-16 18:02:01]  [728/1446] [성공] Nederburg Private Bin R12... | 분포:True
[2026-03-16 18:02:02] --- 중간 저장: 누적 2567건 ---
[2026-03-16 18:02:08]  [752/1446] [!] 데이터 없음: https://www.vivino.com/en/pecchenino-san-luigi-dogliani/w/1109281?year=2022&price_id=38300584
[2026-03-16 18:02:08]  [753/1446] [!] 데이터 없음: https://www.vivino.com/en/chateau-sociando-mallet-la-demoiselle-de-sociando-mallet-haut-medoc/w/1183720?year=1998&price_id=37696770
[2026-03-16 18:02:08]  [751/1446] [!] 데이터 없음: https://www.vivino.com/en/taittinger-comtes-de-champagne-blanc-de-blancs/w/1136950?year=2013&price_id=37845102
[2026-03-16 18:02:08]  [754/1446] [!] 데이터 없음: https://www.vivino.com/en/chateau-montrose-saint-estephe-grand-cru-classe/w/80472?year=2017&price_id=21483485
[2026-03-16 18:02:08]  [755/1446] [!] 데이터 없음: https://www.vivino.com/en/casa-silva-chardonnay-semillon/w/1296652?year=2017&price_id=34060981
[2026-03-16 18:02:08]  [756/1446] [!] 데이터 없음: https://www.vivino.com/en/bruno-paillard-premiere-cuvee-rose-extra-brut-champagne-champagne/w/1381001?price_id=4748360
[2026-03-16 18:02:08]  [757/1446] [!] 데이터 없음: https://www.vivino.com/en/errazuriz-max-reserva-carmenere/w/1150101?year=2015&price_id=15763723
[2026-03-16 18:02:08]  [758/1446] [!] 데이터 없음: https://www.vivino.com/en/oremus-tokaji-aszu-5-puttonyos-tokaj/w/1913596?year=2005&price_id=28072544
[2026-03-16 18:02:08]  [760/1446] [!] 데이터 없음: https://www.vivino.com/en/eos-estate-winery-zinfandel-port/w/1360526?year=2003&price_id=2894906
[2026-03-16 18:02:08]  [759/1446] [!] 데이터 없음: https://www.vivino.com/en/j-lohr-vineyards-wines-hilltop-cabernet-sauvignon/w/4327?year=2009&price_id=2873831
[2026-03-16 18:02:08]  [761/1446] [!] 데이터 없음: https://www.vivino.com/en/domaine-du-pelican-loire-valley-arbois-savagnin-ouille/w/2172731?year=2022&price_id=38126626
[2026-03-16 18:02:08]  [762/1446] [!] 데이터 없음: https://www.vivino.com/en/la-pirouette-medoc/w/1158568?year=2011&price_id=7953970
[2026-03-16 18:02:08]  [763/1446] [!] 데이터 없음: https://www.vivino.com/en/prunotto-dolcetto-d-alba-classici/w/61164?year=2023&price_id=38320587
[2026-03-16 18:02:08]  [764/1446] [!] 데이터 없음: https://www.vivino.com/en/domaine-boris-champy-altitude-bourgogne-hautes-cotes-de-beaune/w/8902857?year=2021&price_id=37843693
[2026-03-16 18:02:09]  [765/1446] [!] 데이터 없음: https://www.vivino.com/en/chateau-sociando-mallet-haut-medoc/w/1161268?year=2014&price_id=37843564
[2026-03-16 18:02:09]  [766/1446] [!] 데이터 없음: https://www.vivino.com/en/mantellassi-querciolaia-maremma-toscana-alicante/w/1819282?year=2002&price_id=2895291
[2026-03-16 18:02:09]  [767/1446] [!] 데이터 없음: https://www.vivino.com/en/michele-chiarlo-barbaresco-asili/w/86560?year=1996&price_id=2895331
[2026-03-16 18:02:09]  [768/1446] [!] 데이터 없음: https://www.vivino.com/en/gibbston-valley-pinot-noir/w/1142375?year=2005&price_id=2804599
[2026-03-16 18:02:09]  [769/1446] [!] 데이터 없음: https://www.vivino.com/en/jean-buscher-rheinhessen-spatburgunder-rose/w/1610516?year=2011&price_id=15821832
[2026-03-16 18:02:09]  [771/1446] [!] 데이터 없음: https://www.vivino.com/en/bethany-gr-reserve-shiraz/w/32884?year=2006&price_id=2895158
[2026-03-16 18:02:09]  [772/1446] [!] 데이터 없음: https://www.vivino.com/en/el-descanso-estate-cabernet-sauvignon/w/1517986?year=2005&price_id=2895105
[2026-03-16 18:02:09]  [775/1446] [!] 데이터 없음: https://www.vivino.com/en/kakhetian-traditional-winemaking-royal-mukuzani-special-collection/w/4986113?year=2009&price_id=14549801
[2026-03-16 18:02:09]  [776/1446] [!] 데이터 없음: https://www.vivino.com/en/tommasi-crearo-della-conca-d-oro/w/7109?year=2003&price_id=2895047
[2026-03-16 18:02:09]  [777/1446] [!] 데이터 없음: https://www.vivino.com/en/arpepe-rosso-di-valtellina/w/1103223?year=2021&price_id=33920012
[2026-03-16 18:02:09]  [778/1446] [!] 데이터 없음: https://www.vivino.com/en/tua-rita-keir-tuscany/w/6273800?year=2017&price_id=26106991
[2026-03-16 18:02:09]  [780/1446] [!] 데이터 없음: https://www.vivino.com/en/casa-vinicola-bennati-cersum-amarone-della-valpolicella-riserva/w/3113323?year=2011&price_id=37396940
[2026-03-16 18:02:09]  [770/1446] [!] 데이터 없음: https://www.vivino.com/en/casa-de-uco-el-salvaje-malbec/w/4898199?year=2019&price_id=35703204
[2026-03-16 18:02:09]  [773/1446] [!] 데이터 없음: https://www.vivino.com/en/xanadu-wines-dragon-shiraz/w/2230935?year=2010&price_id=2895221
[2026-03-16 18:02:09]  [774/1446] [!] 데이터 없음: https://www.vivino.com/en/valli-gibbston-vineyard-pinot-noir/w/1652144?year=2023&price_id=39663844
[2026-03-16 18:02:09]  [779/1446] [!] 데이터 없음: https://www.vivino.com/en/montes-classic-series-reserva-chardonnay-central-valley-white-wine/w/1151903?year=2008&price_id=14550249
[2026-03-16 18:02:10] --- 중간 저장: 누적 2567건 ---
[2026-03-16 18:02:18]  [781/1446] [!] 데이터 없음: https://www.vivino.com/en/avignonesi-vino-nobile-di-montepulciano/w/1154301?year=2019&price_id=36485599
[2026-03-16 18:02:18]  [783/1446] [!] 데이터 없음: https://www.vivino.com/en/casa-silva-cabernet-sauvignon-carmenere/w/1228056?year=2015&price_id=16698781
[2026-03-16 18:02:19]  [782/1446] [!] 데이터 없음: https://www.vivino.com/en/catabbo-petriera-rosso/w/6444917?year=2019&price_id=26666047
[2026-03-16 18:02:19]  [785/1446] [!] 데이터 없음: https://www.vivino.com/en/la-colombette-plume-chardonnay/w/3549888?year=2024&price_id=39084930
[2026-03-16 18:02:19]  [784/1446] [!] 데이터 없음: https://www.vivino.com/en/two-paddocks-riesling/w/3703852?year=2023&price_id=36378974
[2026-03-16 18:02:19]  [786/1446] [!] 데이터 없음: https://www.vivino.com/en/domaine-bonnardot-bourgogne-hautes-cotes-de-nuits-blanc/w/7137672?year=2023&price_id=36256746
[2026-03-16 18:02:19]  [787/1446] [!] 데이터 없음: https://www.vivino.com/en/maximin-grunhaus-maximin-grunhauser-abtsberg-riesling-auslese/w/736427?year=2005&price_id=14650474
[2026-03-16 18:02:19]  [788/1446] [!] 데이터 없음: https://www.vivino.com/en/casa-mayor-old-vines-cabernet-sauvignon/w/1997483?year=2015&price_id=16699095
[2026-03-16 18:02:19]  [789/1446] [!] 데이터 없음: https://www.vivino.com/en/domaine-marc-morey-fils-saint-aubin-1er-cru-le-charmois/w/1148057?year=2023&price_id=39191429
[2026-03-16 18:02:19]  [790/1446] [!] 데이터 없음: https://www.vivino.com/en/craggy-range-aroha-te-muna-road-vineyard-pinot-noir/w/1799825?year=2019&price_id=28411495
[2026-03-16 18:02:19]  [792/1446] [!] 데이터 없음: https://www.vivino.com/en/esk-valley-the-terraces-red-blend/w/1217970?year=2016&price_id=31851184
[2026-03-16 18:02:19]  [791/1446] [!] 데이터 없음: https://www.vivino.com/en/saxenburg-select-shiraz/w/1521195?year=2001&price_id=2754206
[2026-03-16 18:02:19]  [793/1446] [!] 데이터 없음: https://www.vivino.com/en/a-et-p-de-villaine-bouzeron/w/80279?year=2023&price_id=38344192
[2026-03-16 18:02:19]  [794/1446] [!] 데이터 없음: https://www.vivino.com/en/donnhoff-felsenberg-gg/w/1658423?year=2022&price_id=37843852
[2026-03-16 18:02:19]  [795/1446] [!] 데이터 없음: https://www.vivino.com/en/rippon-tinker-s-field-mature-vine-pinot-noir/w/1117018?year=2021&price_id=38617048
[2026-03-16 18:02:19]  [798/1446] [!] 데이터 없음: https://www.vivino.com/en/fr-domaine-les-aurelles-solen/w/1470329?year=2016&price_id=35429544
[2026-03-16 18:02:19]  [800/1446] [!] 데이터 없음: https://www.vivino.com/en/schloss-gobelsburg-domaene-gobelsburg-riesling/w/20132?year=2018&price_id=24742558
[2026-03-16 18:02:19]  [804/1446] [!] 데이터 없음: https://www.vivino.com/en/egon-muller-scharzhof-scharzhofberger-riesling-spatlese/w/86686?year=2023&price_id=37843766
[2026-03-16 18:02:20]  [796/1446] [!] 데이터 없음: https://www.vivino.com/en/perez-cruz-liguai/w/96488?year=2005&price_id=2895220
[2026-03-16 18:02:20]  [797/1446] [!] 데이터 없음: https://www.vivino.com/en/domaine-de-pieblanc-la-tuiliere-rouge/w/1136690?year=2023&price_id=39273197
[2026-03-16 18:02:20]  [799/1446] [!] 데이터 없음: https://www.vivino.com/en/alexandre-bain-spring-pouilly-fume/w/1131213?year=2022&price_id=38941106
[2026-03-16 18:02:20]  [802/1446] [!] 데이터 없음: https://www.vivino.com/en/kollwentz-gloria/w/96779?year=2023&price_id=39428345
[2026-03-16 18:02:20]  [801/1446] [!] 데이터 없음: https://www.vivino.com/en/champagne-paul-bara-champagne-grand-cru-millesime-brut/w/1233467?year=2014&price_id=38459336
[2026-03-16 18:02:20]  [803/1446] [!] 데이터 없음: https://www.vivino.com/en/the-big-top-white-zinfandel/w/1173261?price_id=25740254
[2026-03-16 18:02:22]  [807/1446] [!] 데이터 없음: https://www.vivino.com/en/tenuta-ulisse-pecorino-unico/w/1208156?year=2025&price_id=41010755
[2026-03-16 18:02:22]  [810/1446] [!] 데이터 없음: https://www.vivino.com/en/beau-rivage-bordeaux-rouge/w/1165023?year=2005&price_id=7944024
[2026-03-16 18:02:22]  [808/1446] [!] 데이터 없음: https://www.vivino.com/en/schafer-frohlich-felseneck-riesling-gg/w/1204826?year=2022&price_id=37844086
[2026-03-16 18:02:22]  [805/1446] [!] 데이터 없음: https://www.vivino.com/en/schloss-johannisberg-silberlack-riesling-trocken-gg/w/1880377?year=2022&price_id=39553099
[2026-03-16 18:02:22]  [806/1446] [!] 데이터 없음: https://www.vivino.com/en/tement-kalk-kreide-sauvignon-blanc-sudsteiermark/w/5279407?year=2024&price_id=38650466
[2026-03-16 18:02:22]  [809/1446] [!] 데이터 없음: https://www.vivino.com/en/michelas-saint-jemms-syrah-de-saint-jemms-rouge/w/5282082?year=2022&price_id=33637874
[2026-03-16 18:02:23] --- 중간 저장: 누적 2567건 ---
[2026-03-16 18:15:06] [*] 기존 데이터 2567건 로드됨.
[2026-03-16 18:15:06] [*] 울트라 패스트 수집 시작: 대상 1007건 (병렬:12)
[2026-03-16 18:15:11]  [7/1007] [성공] Château Franc-Cardinal Fr... | 분포:True
[2026-03-16 18:15:12]  [2/1007] [!] 데이터 없음: https://www.vivino.com/en/contadi-castaldi-franciacorta-rose/w/1309984?price_id=3433419
[2026-03-16 18:15:12]  [1/1007] [!] 데이터 없음: https://www.vivino.com/en/barefoot-moscato/w/1201651?price_id=7943990
[2026-03-16 18:15:12]  [3/1007] [!] 데이터 없음: https://www.vivino.com/en/masi-veneto-fresco-di-masi-organic-bianco-verona/w/9445166?price_id=36904704
[2026-03-16 18:15:12]  [9/1007] [성공] Bindi Sergardi Simbiosi T... | 분포:True
[2026-03-16 18:15:12]  [6/1007] [성공] Bernhard Ott Am Berg 2025... | 분포:True
[2026-03-16 18:15:12]  [11/1007] [성공] Three Bridges Durif 2016... | 분포:True
[2026-03-16 18:15:13]  [12/1007] [성공] Dobogó Tokaji Furmint 201... | 분포:True
[2026-03-16 18:15:13]  [5/1007] [성공] Terra Andina Malbec - Pet... | 분포:True
[2026-03-16 18:15:13]  [10/1007] [성공] Mitchelton Shiraz 2004... | 분포:True
[2026-03-16 18:15:13]  [4/1007] [성공] Elena Walch Pinot Bianco ... | 분포:True
[2026-03-16 18:15:14]  [8/1007] [성공] Cape of Good Hope Basson ... | 분포:True
[2026-03-16 18:15:14]  [17/1007] [성공] Duette Gran Reserva Pinot... | 분포:False
[2026-03-16 18:15:14]  [13/1007] [성공] House of Hafner Family Es... | 분포:True
[2026-03-16 18:15:15]  [18/1007] [성공] Méo-Camuzet Chambolle-Mus... | 분포:True
[2026-03-16 18:15:15]  [19/1007] [성공] Veuve Clicquot Privée Ros... | 분포:True
[2026-03-16 18:15:15]  [20/1007] [성공] Domaine Tortochot Morey-S... | 분포:True
[2026-03-16 18:15:15]  [21/1007] [성공] Argiano Brunello di Monta... | 분포:True
[2026-03-16 18:15:15]  [16/1007] [성공] Borgo Magredo Pinot Nero ... | 분포:True
[2026-03-16 18:15:15]  [15/1007] [성공] Sato L' Atypique Riesling... | 분포:True
[2026-03-16 18:15:15]  [22/1007] [성공] Famille Lieubeau Bel Abor... | 분포:True
[2026-03-16 18:15:16]  [24/1007] [성공] Porta Cabernet Sauvignon ... | 분포:True
[2026-03-16 18:15:16]  [23/1007] [성공] Grant Burge Wines 5th Gen... | 분포:True
[2026-03-16 18:15:16]  [14/1007] [성공] Juliusspital Würzburger S... | 분포:True
[2026-03-16 18:15:16]  [25/1007] [성공] Quails' Gate Optima Late ... | 분포:True
[2026-03-16 18:15:17]  [26/1007] [성공] Bava Stradivario Barbera ... | 분포:True
[2026-03-16 18:15:17]  [28/1007] [성공] Umberto Cesari Sangiovese... | 분포:True
[2026-03-16 18:15:17]  [29/1007] [성공] Te Mata Woodthorpe Vineya... | 분포:True
[2026-03-16 18:15:17]  [27/1007] [성공] Sauska Late Harvest Cuvée... | 분포:True
[2026-03-16 18:15:17]  [30/1007] [성공] Best's VIC Cabernet - Mer... | 분포:False
[2026-03-16 18:15:18] --- 중간 저장: 누적 2594건 ---
[2026-03-16 18:15:26]  [36/1007] [성공] Destiny Bay Vineyards Mys... | 분포:True
[2026-03-16 18:15:27]  [31/1007] [성공] Arboleda Sauvignon Blanc ... | 분포:True
[2026-03-16 18:15:27]  [37/1007] [성공] Ernest & Julio Gallo Frei... | 분포:True
[2026-03-16 18:15:27]  [32/1007] [성공] Domaine G. Roumier Morey-... | 분포:True
[2026-03-16 18:15:27]  [34/1007] [성공] Forrest Wines Sauvignon B... | 분포:True
[2026-03-16 18:15:27]  [42/1007] [성공] Domaine des Marnes Blanch... | 분포:True
[2026-03-16 18:15:27]  [38/1007] [성공] Carpineto Brunello di Mon... | 분포:True
[2026-03-16 18:15:27]  [39/1007] [성공] Henri Kieffer Fils Riesli... | 분포:True
[2026-03-16 18:15:28]  [35/1007] [성공] Damilano Barolo Lecinquev... | 분포:True
[2026-03-16 18:15:28]  [41/1007] [성공] Anvers Cabernet Sauvignon... | 분포:True
[2026-03-16 18:15:29]  [33/1007] [성공] Terrazas de los Andes Sin... | 분포:True
[2026-03-16 18:15:29]  [40/1007] [성공] Château de Brague Cuvée d... | 분포:False
[2026-03-16 18:15:29]  [49/1007] [성공] Tabali Reserva Especial P... | 분포:True
[2026-03-16 18:15:29]  [46/1007] [성공] Domaine des Marnes Blanch... | 분포:True
[2026-03-16 18:15:29]  [47/1007] [성공] Veyder-Malberg Liebedich ... | 분포:True
[2026-03-16 18:15:30]  [44/1007] [성공] Robert Mondavi Winery Res... | 분포:True
[2026-03-16 18:15:31]  [45/1007] [성공] Esk Valley Winemakers Res... | 분포:True
[2026-03-16 18:15:31]  [50/1007] [성공] Château du Courlat Lussac... | 분포:True
[2026-03-16 18:15:31]  [43/1007] [성공] Château Mangot Saint-Émil... | 분포:True
[2026-03-16 18:15:31]  [48/1007] [성공] Ariousios Chiotico Kraser... | 분포:True
[2026-03-16 18:15:31]  [56/1007] [성공] Lan Reserva Rioja 1999... | 분포:True
[2026-03-16 18:15:32]  [53/1007] [성공] Schloss Gobelsburg Zweige... | 분포:True
[2026-03-16 18:15:32]  [52/1007] [성공] Hogue Cabernet Sauvignon ... | 분포:True
[2026-03-16 18:15:32]  [58/1007] [성공] Esk Valley The Terraces R... | 분포:True
[2026-03-16 18:15:33]  [55/1007] [성공] Stellenzicht Cabernet Sau... | 분포:True
[2026-03-16 18:15:33]  [57/1007] [성공] Perez Cruz Quelen Special... | 분포:True
[2026-03-16 18:15:33]  [54/1007] [성공] Urban Uco Chardonnay 2011... | 분포:True
[2026-03-16 18:15:33]  [51/1007] [성공] Dom Bella Pinot Noir 2012... | 분포:True
[2026-03-16 18:15:33]  [60/1007] [성공] Argiolas Angialis Isola d... | 분포:True
[2026-03-16 18:15:33]  [59/1007] [성공] Ippolito 1845 160 Anni 20... | 분포:True
[2026-03-16 18:15:34] --- 중간 저장: 누적 2624건 ---
[2026-03-16 18:15:43]  [66/1007] [성공] Chalk Hill Vermentino 201... | 분포:False
[2026-03-16 18:15:43]  [69/1007] [성공] Puriri Hills Pope 2020... | 분포:True
[2026-03-16 18:15:43]  [64/1007] [성공] Saxenburg Private Collect... | 분포:True
[2026-03-16 18:15:44]  [71/1007] [성공] Château Sociando-Mallet H... | 분포:True
[2026-03-16 18:15:45]  [65/1007] [성공] Domaine du Colombier Chab... | 분포:True
[2026-03-16 18:15:45]  [67/1007] [성공] Kilikanoon Prodigal Grena... | 분포:True
[2026-03-16 18:15:45]  [75/1007] [성공] Weingut Richard Östreiche... | 분포:True
[2026-03-16 18:15:45]  [61/1007] [성공] Tabali Pedregoso Gran Res... | 분포:True
[2026-03-16 18:15:45]  [68/1007] [성공] Woodbridge by Robert Mond... | 분포:True
[2026-03-16 18:15:45]  [63/1007] [성공] Cooper Mountain Cooper Hi... | 분포:True
[2026-03-16 18:15:46]  [72/1007] [성공] Château Relais du Cheval ... | 분포:True
[2026-03-16 18:15:46]  [62/1007] [성공] Jidvei Premiat Dry Riesli... | 분포:True
[2026-03-16 18:15:46]  [74/1007] [성공] Baron Philippe de Rothsch... | 분포:True
[2026-03-16 18:15:46]  [73/1007] [성공] Alto Wine Estate Cabernet... | 분포:True
[2026-03-16 18:15:46]  [70/1007] [성공] Cloof Inkspot 2009... | 분포:True
[2026-03-16 18:15:46]  [76/1007] [성공] Eos Estate Sauvignon Blan... | 분포:False
[2026-03-16 18:15:47]  [77/1007] [성공] Shaw + Smith M3 Chardonna... | 분포:True
[2026-03-16 18:15:47]  [79/1007] [성공] Domaine Bailly Reverdy La... | 분포:True
[2026-03-16 18:15:47]  [78/1007] [성공] Joh. Jos. Prüm Wehlener S... | 분포:True
[2026-03-16 18:15:48]  [84/1007] [성공] F.X. Pichler Ried Loibenb... | 분포:True
[2026-03-16 18:15:48]  [83/1007] [성공] Von Winning Villa Niederb... | 분포:True
[2026-03-16 18:15:48]  [85/1007] [성공] Valli Bendigo Vineyard Pi... | 분포:True
[2026-03-16 18:15:48]  [88/1007] [성공] Sato La Ferme de Sato Sur... | 분포:True
[2026-03-16 18:15:48]  [80/1007] [성공] Béres Tokaji Aszú 5 Putto... | 분포:True
[2026-03-16 18:15:48]  [82/1007] [성공] Domaine Jean-Ernest Desco... | 분포:True
[2026-03-16 18:15:48]  [81/1007] [성공] Skoff Original Gelber Mus... | 분포:False
[2026-03-16 18:15:49]  [87/1007] [성공] Robert Mondavi Winery Res... | 분포:True
[2026-03-16 18:15:49]  [89/1007] [성공] Jacob's Creek Shiraz - Ca... | 분포:True
[2026-03-16 18:15:49]  [86/1007] [성공] Bouvet Ladubay Zéro Saumu... | 분포:False
[2026-03-16 18:15:49]  [90/1007] [성공] Stag's Leap Wine Cellars ... | 분포:True
[2026-03-16 18:15:50] --- 중간 저장: 누적 2654건 ---
[2026-03-16 18:16:00]  [92/1007] [성공] Villa Girardi Soave Class... | 분포:True
[2026-03-16 18:16:00]  [96/1007] [성공] Lunae Vermentino (Etichet... | 분포:True
[2026-03-16 18:16:00]  [98/1007] [성공] Egon Müller - Scharzhof S... | 분포:True
[2026-03-16 18:16:00]  [100/1007] [성공] La Chablisienne Chablis 1... | 분포:True
[2026-03-16 18:16:00]  [101/1007] [성공] Donnafugata Anthìlia 2023... | 분포:True
[2026-03-16 18:16:00]  [102/1007] [성공] Domaine Marquis d'Angervi... | 분포:True
[2026-03-16 18:16:01]  [94/1007] [성공] Domaine du Tunnel Cuvée P... | 분포:True
[2026-03-16 18:16:01]  [93/1007] [성공] Cos d'Estournel Cos d'Est... | 분포:True
[2026-03-16 18:16:01]  [95/1007] [성공] Bagueri Chardonnay 2008... | 분포:True
[2026-03-16 18:16:01]  [97/1007] [성공] P. J. Valckenberg Madonna... | 분포:True
[2026-03-16 18:16:01]  [91/1007] [성공] Beringer Napa Valley Char... | 분포:True
[2026-03-16 18:16:01]  [99/1007] [성공] Bodega Norton Colección d... | 분포:True
[2026-03-16 18:16:03]  [109/1007] [성공] Domaine Tortochot Gevrey-... | 분포:True
[2026-03-16 18:16:03]  [105/1007] [성공] Cooper Mountain Cooper Hi... | 분포:True
[2026-03-16 18:16:03]  [110/1007] [성공] Argiano Rosso di Montalci... | 분포:True
[2026-03-16 18:16:03]  [103/1007] [성공] Santa Rita Bougainville P... | 분포:True
[2026-03-16 18:16:04]  [108/1007] [성공] Hogue Genesis Merlot 2002... | 분포:True
[2026-03-16 18:16:04]  [114/1007] [성공] Château Montrose Saint-Es... | 분포:True
[2026-03-16 18:16:04]  [104/1007] [성공] Obikwa Cabernet Sauvignon... | 분포:True
[2026-03-16 18:16:04]  [111/1007] [성공] Planeta La Segreta Il Ros... | 분포:True
[2026-03-16 18:16:04]  [112/1007] [성공] Moët & Chandon Impérial B... | 분포:True
[2026-03-16 18:16:04]  [107/1007] [성공] Jané Ventura Finca Els Ca... | 분포:True
[2026-03-16 18:16:04]  [106/1007] [성공] Hawk Crest by SLWC Cabern... | 분포:True
[2026-03-16 18:16:04]  [116/1007] [성공] Taittinger Brut (Réserve)... | 분포:True
[2026-03-16 18:16:05]  [113/1007] [성공] Punters Corner Sovereign ... | 분포:True
[2026-03-16 18:16:05]  [115/1007] [성공] Alto Wine Estate Cabernet... | 분포:True
[2026-03-16 18:16:05]  [120/1007] [성공] Casa Vinicola Bennati Rec... | 분포:True
[2026-03-16 18:16:06]  [119/1007] [성공] Albert Grivault Clos Blan... | 분포:True
[2026-03-16 18:16:06]  [117/1007] [성공] Mitchelton Thomas Mitchel... | 분포:True
[2026-03-16 18:16:06]  [118/1007] [성공] Saltram Maker's Table Unw... | 분포:False
[2026-03-16 18:16:07] --- 중간 저장: 누적 2684건 ---
[2026-03-16 18:16:19]  [121/1007] [성공] Merryvale Sauvignon Blanc... | 분포:False
[2026-03-16 18:16:19]  [123/1007] [성공] Domaine Comte Georges de ... | 분포:True
[2026-03-16 18:16:20]  [127/1007] [성공] Masi Campofiorin Rosso Ve... | 분포:True
[2026-03-16 18:16:20]  [128/1007] [성공] Peter Lehmann Shiraz 2003... | 분포:True
[2026-03-16 18:16:20]  [130/1007] [성공] Domaine Vacheron Sancerre... | 분포:True
[2026-03-16 18:16:20]  [122/1007] [성공] HXM Inspiration Liebfraum... | 분포:True
[2026-03-16 18:16:20]  [125/1007] [성공] Eos Estate Petite Sirah R... | 분포:True
[2026-03-16 18:16:20]  [131/1007] [성공] Bodegas Muga Aro 2001... | 분포:True
[2026-03-16 18:16:20]  [129/1007] [성공] Viña Altamar Rueda Verdej... | 분포:True
[2026-03-16 18:16:20]  [126/1007] [성공] Domaine des Beaumont Gevr... | 분포:True
[2026-03-16 18:16:21]  [132/1007] [성공] Bernhard Ott Der Ott 2024... | 분포:True
[2026-03-16 18:16:21]  [124/1007] [성공] The Crusher Wilson Vineya... | 분포:False
[2026-03-16 18:16:22]  [133/1007] [성공] Donnafugata La Fuga Chard... | 분포:True
[2026-03-16 18:16:22]  [134/1007] [성공] Allegrini La Grola 2017... | 분포:True
[2026-03-16 18:16:22]  [141/1007] [성공] Von Winning Paradiesgarte... | 분포:True
[2026-03-16 18:16:23]  [142/1007] [성공] Beaucanon Longwood Cabern... | 분포:True
[2026-03-16 18:16:23]  [138/1007] [성공] San Marzano Tramari Rosé ... | 분포:True
[2026-03-16 18:16:23]  [140/1007] [성공] Franz Hirtzberger Honivog... | 분포:True
[2026-03-16 18:16:23]  [136/1007] [성공] Nederburg The Winemaster'... | 분포:True
[2026-03-16 18:16:23]  [137/1007] [성공] Estrella de Pascua Merlot... | 분포:True
[2026-03-16 18:16:24]  [143/1007] [성공] Domaines Ott Clos Mireill... | 분포:True
[2026-03-16 18:16:24]  [135/1007] [성공] Domaine A. et P. de Villa... | 분포:True
[2026-03-16 18:16:24]  [139/1007] [성공] Château Picque Caillou Pe... | 분포:True
[2026-03-16 18:16:24]  [144/1007] [성공] Peter Lehmann Stonewell S... | 분포:True
[2026-03-16 18:16:24]  [146/1007] [성공] Dom Bella Dão Tinto 2012... | 분포:True
[2026-03-16 18:16:24]  [145/1007] [성공] Leveret Estate Reserve Ch... | 분포:False
[2026-03-16 18:16:25]  [148/1007] [성공] Domaine A. et P. de Villa... | 분포:True
[2026-03-16 18:16:25]  [149/1007] [성공] Montes Montes Alpha Merlo... | 분포:True
[2026-03-16 18:16:25]  [147/1007] [성공] Rosenhof Riesling Spätles... | 분포:True
[2026-03-16 18:16:26]  [150/1007] [성공] Terra Sancta Mysterious D... | 분포:True
[2026-03-16 18:16:27] --- 중간 저장: 누적 2714건 ---
[2026-03-16 18:16:36]  [151/1007] [성공] Zuccardi Q Malbec 2007... | 분포:True
[2026-03-16 18:16:36]  [155/1007] [성공] Rosemount Diamond Label S... | 분포:True
[2026-03-16 18:16:36]  [153/1007] [성공] Mudbrick Vineyard Reserve... | 분포:True
[2026-03-16 18:16:36]  [161/1007] [성공] Méo-Camuzet Vosne-Romanée... | 분포:True
[2026-03-16 18:16:36]  [158/1007] [성공] Pelee Island Winery Caber... | 분포:True
[2026-03-16 18:16:37]  [160/1007] [성공] Vigneron Firmin Dezat San... | 분포:True
[2026-03-16 18:16:37]  [162/1007] [성공] Robert-Denogent Vieilles ... | 분포:True
[2026-03-16 18:16:37]  [152/1007] [성공] Bernhard Huber Alte Reben... | 분포:True
[2026-03-16 18:16:37]  [157/1007] [성공] Perez Cruz Cabernet Sauvi... | 분포:True
[2026-03-16 18:16:37]  [154/1007] [성공] P. J. Valckenberg Madonna... | 분포:True
[2026-03-16 18:16:38]  [156/1007] [성공] Alto Wine Estate Rouge 20... | 분포:True
[2026-03-16 18:16:38]  [159/1007] [성공] Sato Riesling 2024... | 분포:False
[2026-03-16 18:16:38]  [164/1007] [성공] Ottella Le Creete 2015... | 분포:True
[2026-03-16 18:16:38]  [163/1007] [성공] E. Guigal Côtes-du-Rhône ... | 분포:True
[2026-03-16 18:16:39]  [170/1007] [성공] Château Topoľčianky Pálav... | 분포:True
[2026-03-16 18:16:39]  [168/1007] [성공] Domaine Vacheron Sancerre... | 분포:True
[2026-03-16 18:16:39]  [166/1007] [성공] Domaine Marquis d'Angervi... | 분포:True
[2026-03-16 18:16:39]  [165/1007] [성공] Barkan Classic Shiraz Ros... | 분포:False
[2026-03-16 18:16:40]  [171/1007] [성공] Aitken's Folly Riverbank ... | 분포:True
[2026-03-16 18:16:40]  [169/1007] [성공] Domaine Marquis d'Angervi... | 분포:True
[2026-03-16 18:16:40]  [167/1007] [성공] Penfolds Bin 28 Shiraz 20... | 분포:True
[2026-03-16 18:16:40]  [172/1007] [성공] Domaine Marquis d'Angervi... | 분포:True
[2026-03-16 18:16:40]  [174/1007] [성공] Château Mercier Cuvée Pre... | 분포:True
[2026-03-16 18:16:41]  [173/1007] [성공] Penfolds Max's Shiraz - C... | 분포:True
[2026-03-16 18:16:41]  [175/1007] [성공] Dönnhoff Oberhäuser Brück... | 분포:True
[2026-03-16 18:16:41]  [176/1007] [성공] Ravanal Limited Selection... | 분포:True
[2026-03-16 18:16:42]  [180/1007] [성공] Penfolds Bin 28 Shiraz 20... | 분포:True
[2026-03-16 18:16:42]  [179/1007] [성공] Carl Loewen Alte Reben Ri... | 분포:True
[2026-03-16 18:16:42]  [177/1007] [성공] Château Pichon Baron Paui... | 분포:True
[2026-03-16 18:16:42]  [178/1007] [성공] Forward Crisp Pinot Grigi... | 분포:True
[2026-03-16 18:16:43] --- 중간 저장: 누적 2744건 ---
[2026-03-16 18:16:54]  [183/1007] [성공] Kressmann Grande Réserve ... | 분포:True
[2026-03-16 18:16:54]  [185/1007] [성공] St. Michael-Eppan Sanct V... | 분포:True
[2026-03-16 18:16:54]  [190/1007] [성공] Nederburg Private Bin Cab... | 분포:True
[2026-03-16 18:16:55]  [184/1007] [성공] Mas de Daumas Gassac Haut... | 분포:True
[2026-03-16 18:16:55]  [192/1007] [성공] Wolf Blass Eaglehawk Char... | 분포:True
[2026-03-16 18:16:55]  [181/1007] [성공] Bodega Norton Barrel Sele... | 분포:True
[2026-03-16 18:16:55]  [189/1007] [성공] Pio Cesare Nebbiolo 2016... | 분포:True
[2026-03-16 18:16:55]  [187/1007] [성공] Masi Campofiorin Rosso Ve... | 분포:True
[2026-03-16 18:16:55]  [188/1007] [성공] Kaesler Stonehorse Shiraz... | 분포:True
[2026-03-16 18:16:55]  [186/1007] [성공] Mitolo Jester Cabernet Sa... | 분포:True
[2026-03-16 18:16:56]  [191/1007] [성공] Aromo Chardonnay 2015... | 분포:True
[2026-03-16 18:16:56]  [182/1007] [성공] Beringer Founders' Estate... | 분포:True
[2026-03-16 18:16:56]  [194/1007] [성공] Château de Cancerilles L'... | 분포:False
[2026-03-16 18:16:57]  [193/1007] [성공] Rockburn Chardonnay 2023... | 분포:True
[2026-03-16 18:16:57]  [196/1007] [성공] Von Winning Ozyetra 2023... | 분포:True
[2026-03-16 18:16:57]  [197/1007] [성공] Ubertas Single Vineyard S... | 분포:True
[2026-03-16 18:16:57]  [198/1007] [성공] Fattoria del Cerro Antica... | 분포:True
[2026-03-16 18:16:58]  [199/1007] [성공] Gibbston Valley Le Maitre... | 분포:True
[2026-03-16 18:16:58]  [200/1007] [성공] Livio Felluga Pinot Grigi... | 분포:True
[2026-03-16 18:16:58]  [202/1007] [성공] Kimura Cellars Sauvignon ... | 분포:True
[2026-03-16 18:16:58]  [195/1007] [성공] Viña Maipo Vitral Reserva... | 분포:True
[2026-03-16 18:16:58]  [204/1007] [성공] Clos de la Vieille Eglise... | 분포:False
[2026-03-16 18:16:59]  [201/1007] [성공] Livio Felluga Sossó (Rise... | 분포:True
[2026-03-16 18:16:59]  [206/1007] [성공] Twomey Sauvignon Blanc 20... | 분포:True
[2026-03-16 18:16:59]  [207/1007] [성공] Louis Jadot Beaujolais-Vi... | 분포:True
[2026-03-16 18:16:59]  [203/1007] [성공] Hugo Casanova Merlot Rese... | 분포:True
[2026-03-16 18:16:59]  [208/1007] [성공] Domaines Schlumberger Les... | 분포:True
[2026-03-16 18:16:59]  [205/1007] [성공] Joseph Cattin Pinot Gris ... | 분포:True
[2026-03-16 18:17:00]  [210/1007] [성공] Egon Müller - Scharzhof R... | 분포:True
[2026-03-16 18:17:00]  [209/1007] [성공] Felton Road Dry Riesling ... | 분포:True
[2026-03-16 18:17:01] --- 중간 저장: 누적 2774건 ---
[2026-03-16 18:17:13]  [217/1007] [성공] Weingut Pöckl Admiral 202... | 분포:True
[2026-03-16 18:17:13]  [212/1007] [성공] Rutini Malbec 2013... | 분포:True
[2026-03-16 18:17:14]  [211/1007] [성공] Cavalleri Franciacorta Pa... | 분포:True
[2026-03-16 18:17:14]  [220/1007] [성공] Quinta do Noval 20 Year O... | 분포:True
[2026-03-16 18:17:14]  [215/1007] [성공] Folding Hill Chardonnay 2... | 분포:True
[2026-03-16 18:17:14]  [219/1007] [성공] La Ferme du Mont Les Marn... | 분포:True
[2026-03-16 18:17:14]  [214/1007] [성공] Arnaldo-Caprai Montefalco... | 분포:True
[2026-03-16 18:17:14]  [221/1007] [성공] Destiny Bay Vineyards Mag... | 분포:True
[2026-03-16 18:17:14]  [216/1007] [성공] Michele Chiarlo Barbaresc... | 분포:True
[2026-03-16 18:17:14]  [223/1007] [!] 데이터 없음: https://www.vivino.com/en/firesteed-cellars-cayalla-rtw/w/1242485?year=2005&price_id=14650530
[2026-03-16 18:17:14]  [224/1007] [!] 데이터 없음: https://www.vivino.com/en/hans-herzog-hans-family-estate-spirit-of-marlborough-merlot-cabernet/w/1362057?year=2017&price_id=38262014
[2026-03-16 18:17:14]  [222/1007] [성공] Fürst Pur Mineral Rieslin... | 분포:True
[2026-03-16 18:17:14]  [225/1007] [!] 데이터 없음: https://www.vivino.com/en/schafer-frohlich-vulkangestein-riesling-trocken/w/1873211?year=2022&price_id=37843841
[2026-03-16 18:17:14]  [226/1007] [!] 데이터 없음: https://www.vivino.com/en/brookfields-ohiti-estate-cabernet-sauvignon-hawkes-bay-red-wine/w/2540209?year=2021&price_id=34767992
[2026-03-16 18:17:14]  [227/1007] [!] 데이터 없음: https://www.vivino.com/en/weingut-josef-pockl-mystique/w/1117104?year=2020&price_id=37843803
[2026-03-16 18:17:14]  [228/1007] [!] 데이터 없음: https://www.vivino.com/en/tony-bish-zen-chardonnay/w/7203338?year=2020&price_id=31198173
[2026-03-16 18:17:14]  [229/1007] [!] 데이터 없음: https://www.vivino.com/en/veuve-clicquot-brut-rose-champagne/w/23051?price_id=5299132
[2026-03-16 18:17:15]  [230/1007] [!] 데이터 없음: https://www.vivino.com/en/alto-wine-estate-mphs/w/4830045?year=2011&price_id=14650560
[2026-03-16 18:17:15]  [231/1007] [!] 데이터 없음: https://www.vivino.com/en/von-winning-pechstein-gg/w/1834194?year=2022&price_id=37843943
[2026-03-16 18:17:15]  [232/1007] [!] 데이터 없음: https://www.vivino.com/en/chateau-petit-bocq-saint-estephe/w/1170491?year=2002&price_id=7944080
[2026-03-16 18:17:15]  [233/1007] [!] 데이터 없음: https://www.vivino.com/en/san-pedro-central-valley-cabo-de-hornos-special-reserve/w/1222251?year=2000&price_id=2804838
[2026-03-16 18:17:15]  [213/1007] [성공] Domaine Anne et Herve Sig... | 분포:True
[2026-03-16 18:17:15]  [234/1007] [!] 데이터 없음: https://www.vivino.com/en/casa-mayor-old-vines-chardonnay/w/2231146?year=2019&price_id=24449273
[2026-03-16 18:17:15]  [235/1007] [!] 데이터 없음: https://www.vivino.com/en/sato-l-atypique-pinot-gris/w/4896082?year=2023&price_id=39484243
[2026-03-16 18:17:15]  [236/1007] [!] 데이터 없음: https://www.vivino.com/en/stephane-montez-la-syrah-a-papa/w/1162582?year=2024&price_id=41140142
[2026-03-16 18:17:15]  [237/1007] [!] 데이터 없음: https://www.vivino.com/en/terra-sancta-estate-pinot-noir/w/5278823?year=2024&price_id=40564078
[2026-03-16 18:17:15]  [238/1007] [!] 데이터 없음: https://www.vivino.com/en/tramier-l-and-fils-julienas/w/1108468?year=2017&price_id=21625806
[2026-03-16 18:17:15]  [239/1007] [!] 데이터 없음: https://www.vivino.com/en/bellene-savigny-les-beaune/w/1555203?year=2020&price_id=33035113
[2026-03-16 18:17:15]  [240/1007] [!] 데이터 없음: https://www.vivino.com/en/didier-morion-cranilles-saint-joseph/w/2172007?year=2024&price_id=40914469
[2026-03-16 18:17:15]  [218/1007] [성공] Domaine de Leyre-Loup Rés... | 분포:True
[2026-03-16 18:17:16] --- 중간 저장: 누적 2786건 ---
[2026-03-16 18:17:26]  [241/1007] [!] 데이터 없음: https://www.vivino.com/en/veyder-malberg-bruck-riesling/w/1174570?year=2022&price_id=37843746
[2026-03-16 18:17:26]  [242/1007] [!] 데이터 없음: https://www.vivino.com/en/kendall-jackson-jackson-estate-outland-ridge-pinot-noir-anderson-valley/w/5402563?year=2017&price_id=24839154
[2026-03-16 18:17:26]  [244/1007] [!] 데이터 없음: https://www.vivino.com/en/torre-cenaia-dolce-peccato/w/1248440?year=2005&price_id=13579432
[2026-03-16 18:17:26]  [243/1007] [!] 데이터 없음: https://www.vivino.com/en/kaiken-malbec-reserva/w/1152375?year=2005&price_id=2895313
[2026-03-16 18:17:26]  [246/1007] [!] 데이터 없음: https://www.vivino.com/en/lapostolle-cuvee-alexandre-cabernet-sauvignon/w/13751?year=2005&price_id=2895237
[2026-03-16 18:17:26]  [245/1007] [!] 데이터 없음: https://www.vivino.com/en/pol-roger-reserve-brut-champagne/w/1884610?price_id=275343
[2026-03-16 18:17:26]  [247/1007] [!] 데이터 없음: https://www.vivino.com/en/bodegas-tintoralba-higueruela-crianza/w/1383464?year=2010&price_id=7953650
[2026-03-16 18:17:26]  [249/1007] [!] 데이터 없음: https://www.vivino.com/en/st-michael-eppan-pinot-grigio/w/10086?year=2017&price_id=36485649
[2026-03-16 18:17:26]  [251/1007] [!] 데이터 없음: https://www.vivino.com/en/pj-valckenberg-gmbh-madonna-liebfraumilch/w/1735621?year=2010&price_id=14650415
[2026-03-16 18:17:26]  [250/1007] [!] 데이터 없음: https://www.vivino.com/en/two-paddocks-pinot-noir-rose/w/7002989?year=2025&price_id=40561257
[2026-03-16 18:17:26]  [248/1007] [!] 데이터 없음: https://www.vivino.com/en/michel-fonne-tradition-pinot-blanc/w/1991936?year=2011&price_id=14650531
[2026-03-16 18:17:26]  [252/1007] [!] 데이터 없음: https://www.vivino.com/en/a-et-p-de-villaine-les-montots-mercurey/w/80283?year=2023&price_id=38344204
[2026-03-16 18:17:26]  [253/1007] [!] 데이터 없음: https://www.vivino.com/en/vietti-moscato-d-asti-moscato-dasti/w/1172215?year=2018&price_id=19011284
[2026-03-16 18:17:26]  [254/1007] [!] 데이터 없음: https://www.vivino.com/en/glaetzer-anaperenna/w/1165293?year=2006&price_id=2895006
[2026-03-16 18:17:27]  [255/1007] [!] 데이터 없음: https://www.vivino.com/en/lascar-merlot-classic/w/2739098?year=2009&price_id=15466485
[2026-03-16 18:17:27]  [256/1007] [!] 데이터 없음: https://www.vivino.com/en/weingut-richard-ostreicher-rossbach-chardonnay/w/6878678?year=2022&price_id=37843802
[2026-03-16 18:17:27]  [258/1007] [!] 데이터 없음: https://www.vivino.com/en/a-et-p-de-villaine-rully-1er-cru-rabource/w/9544858?year=2023&price_id=41141494
[2026-03-16 18:17:27]  [257/1007] [!] 데이터 없음: https://www.vivino.com/en/san-pedro-central-valley-gato-blanco-sauvignon-blanc-lontue-valley/w/4384769?year=2005&price_id=15291849
[2026-03-16 18:17:27]  [259/1007] [!] 데이터 없음: https://www.vivino.com/en/craggy-range-gimblett-gravels-vineyard-te-kahu/w/1917632?year=2023&price_id=40802958
[2026-03-16 18:17:27]  [260/1007] [!] 데이터 없음: https://www.vivino.com/en/biondi-santi-brunello-di-montalcino/w/1558589?year=2017&price_id=36738527
[2026-03-16 18:17:27]  [262/1007] [!] 데이터 없음: https://www.vivino.com/en/albinea-canali-ottocentonero-lambrusco/w/2063574?price_id=275529
[2026-03-16 18:17:27]  [261/1007] [!] 데이터 없음: https://www.vivino.com/en/robert-weil-riesling-kabinett/w/1476551?year=2005&price_id=16156677
[2026-03-16 18:17:27]  [263/1007] [!] 데이터 없음: https://www.vivino.com/en/chateau-poujeaux-moulis-en-medoc/w/86373?year=2018&price_id=37843846
[2026-03-16 18:17:27]  [264/1007] [!] 데이터 없음: https://www.vivino.com/en/starmont-cabernet-sauvignon/w/3082?year=2001&price_id=2894939
[2026-03-16 18:17:27]  [265/1007] [!] 데이터 없음: https://www.vivino.com/en/villa-sandi-prosecco-il-fresco-spumante/w/1136903?price_id=1570733
[2026-03-16 18:17:27]  [266/1007] [!] 데이터 없음: https://www.vivino.com/en/jean-marc-brocard-domaine-sainte-claire-chablis/w/1180709?year=2013&price_id=7944026
[2026-03-16 18:17:27]  [267/1007] [!] 데이터 없음: https://www.vivino.com/en/carlo-hauner-malvasia-delle-lipari-passito/w/92949?year=2021&price_id=38314783
[2026-03-16 18:17:27]  [268/1007] [!] 데이터 없음: https://www.vivino.com/en/f-x-pichler-ried-kellerberg-riesling-smaragd-wachau/w/6266434?year=2022&price_id=37843999
[2026-03-16 18:17:27]  [270/1007] [!] 데이터 없음: https://www.vivino.com/en/fortyseven-anno-domini-sottovoce-pinot-nero/w/6518647?year=2015&price_id=40053394
[2026-03-16 18:17:27]  [269/1007] [!] 데이터 없음: https://www.vivino.com/en/bouchard-aine-et-fils-beaujolais-villages-primeur/w/1584239?year=2013&price_id=7953670
[2026-03-16 18:17:28] --- 중간 저장: 누적 2786건 ---
[2026-03-16 18:26:16] [*] 기존 데이터 2786건 로드됨.
[2026-03-16 18:26:16] [*] 울트라 패스트 수집 시작: 대상 788건 (병렬:12)
[2026-03-16 18:26:18]  [1/788] [!] 데이터 없음: https://www.vivino.com/en/barefoot-moscato/w/1201651?price_id=7943990
[2026-03-16 18:26:18]  [3/788] [!] 데이터 없음: https://www.vivino.com/en/masi-veneto-fresco-di-masi-organic-bianco-verona/w/9445166?price_id=36904704
[2026-03-16 18:26:18]  [2/788] [!] 데이터 없음: https://www.vivino.com/en/contadi-castaldi-franciacorta-rose/w/1309984?price_id=3433419
[2026-03-16 18:26:19]  [6/788] [성공] Schäfer-Fröhlich Vulkange... | 분포:True
[2026-03-16 18:26:19]  [5/788] [성공] Hans Herzog - Hans Family... | 분포:True
[2026-03-16 18:26:19]  [10/788] [성공] Veuve Clicquot Brut Rosé ... | 분포:True
[2026-03-16 18:26:19]  [9/788] [성공] Tony Bish Zen Chardonnay ... | 분포:True
[2026-03-16 18:26:19]  [12/788] [성공] Von Winning Pechstein GG ... | 분포:True
[2026-03-16 18:26:20]  [4/788] [성공] Firesteed Cayalla RTW 200... | 분포:True
[2026-03-16 18:26:20]  [8/788] [성공] Weingut Pöckl Mystique 20... | 분포:True
[2026-03-16 18:26:20]  [7/788] [성공] Brookfields Ohiti Estate ... | 분포:True
[2026-03-16 18:26:20]  [13/788] [성공] Château Petit Bocq Saint-... | 분포:True
[2026-03-16 18:26:20]  [11/788] [성공] Alto Wine Estate MPHS 201... | 분포:True
[2026-03-16 18:26:21]  [14/788] [성공] San Pedro Cabo de Hornos ... | 분포:True
[2026-03-16 18:26:22]  [18/788] [성공] Terra Sancta Estate Pinot... | 분포:True
[2026-03-16 18:26:22]  [17/788] [성공] Stephane Montez - Domaine... | 분포:False
[2026-03-16 18:26:22]  [20/788] [성공] Domaine de Bellène Savign... | 분포:True
[2026-03-16 18:26:22]  [15/788] [성공] Casa Mayor Old Vines Char... | 분포:True
[2026-03-16 18:26:22]  [16/788] [성공] Sato l’Atypique Pinot Gri... | 분포:True
[2026-03-16 18:26:22]  [23/788] [성공] Kendall-Jackson Jackson E... | 분포:True
[2026-03-16 18:26:22]  [19/788] [성공] L . Tramier & Fils Julién... | 분포:True
[2026-03-16 18:26:22]  [22/788] [성공] Veyder-Malberg Bruck Ries... | 분포:True
[2026-03-16 18:26:23]  [24/788] [성공] Kaiken Malbec Reserva 200... | 분포:True
[2026-03-16 18:26:23]  [21/788] [성공] Didier Morion Cranilles S... | 분포:False
[2026-03-16 18:26:23]  [28/788] [성공] Bodegas Tintoralba Higuer... | 분포:True
[2026-03-16 18:26:23]  [30/788] [성공] St. Michael-Eppan Pinot G... | 분포:True
[2026-03-16 18:26:24]  [25/788] [성공] Torre a Cenaia Dolce Pecc... | 분포:False
[2026-03-16 18:26:24]  [26/788] [성공] Pol Roger Réserve Brut Ch... | 분포:True
[2026-03-16 18:26:24]  [29/788] [성공] Michel Fonné Tradition Pi... | 분포:True
[2026-03-16 18:26:25]  [27/788] [성공] Lapostolle Cuvée Alexandr... | 분포:True
[2026-03-16 18:26:25] --- 중간 저장: 누적 2813건 ---
[2026-03-16 18:26:34]  [35/788] [성공] Glaetzer Anaperenna 2006... | 분포:True
[2026-03-16 18:26:34]  [38/788] [성공] San Pedro Gato Blanco Sau... | 분포:False
[2026-03-16 18:26:34]  [34/788] [성공] Vietti Moscato d'Asti 201... | 분포:True
[2026-03-16 18:26:34]  [39/788] [성공] Domaine A. et P. de Villa... | 분포:True
[2026-03-16 18:26:34]  [33/788] [성공] Domaine A. et P. de Villa... | 분포:True
[2026-03-16 18:26:34]  [37/788] [성공] Weingut Richard Östreiche... | 분포:True
[2026-03-16 18:26:34]  [32/788] [성공] P. J. Valckenberg Madonna... | 분포:True
[2026-03-16 18:26:34]  [40/788] [성공] Craggy Range Gimblett Gra... | 분포:True
[2026-03-16 18:26:34]  [42/788] [성공] Robert Weil Riesling Kabi... | 분포:True
[2026-03-16 18:26:35]  [36/788] [성공] Lascar Classic Merlot 200... | 분포:False
[2026-03-16 18:26:35]  [31/788] [성공] Two Paddocks Pinot Noir R... | 분포:False
[2026-03-16 18:26:35]  [41/788] [성공] Biondi-Santi Brunello di ... | 분포:True
[2026-03-16 18:26:36]  [43/788] [성공] Albinea Canali Ottocenton... | 분포:True
[2026-03-16 18:26:36]  [46/788] [성공] Villa Sandi Prosecco Il F... | 분포:True
[2026-03-16 18:26:37]  [44/788] [성공] Château Poujeaux Moulis-e... | 분포:True
[2026-03-16 18:26:37]  [49/788] [성공] F.X. Pichler Ried Kellerb... | 분포:True
[2026-03-16 18:26:37]  [47/788] [성공] Jean-Marc Brocard Domaine... | 분포:True
[2026-03-16 18:26:37]  [52/788] [성공] Weingut Knoll Ried Kreutl... | 분포:True
[2026-03-16 18:26:37]  [45/788] [성공] Starmont Cabernet Sauvign... | 분포:True
[2026-03-16 18:26:37]  [53/788] [성공] Von Winning Ozyetra 2020... | 분포:True
[2026-03-16 18:26:37]  [48/788] [성공] Hauner Malvasia delle Lip... | 분포:True
[2026-03-16 18:26:37]  [51/788] [성공] 47 Anno Domini Sottovoce ... | 분포:True
[2026-03-16 18:26:37]  [50/788] [성공] Bouchard Aîné & Fils Beau... | 분포:True
[2026-03-16 18:26:38]  [55/788] [성공] EPC Champagne Blanc de No... | 분포:True
[2026-03-16 18:26:38]  [56/788] [성공] Royal Oporto White Porto... | 분포:True
[2026-03-16 18:26:38]  [54/788] [성공] Jaffelin Rully Rouge 2009... | 분포:False
[2026-03-16 18:26:38]  [57/788] [성공] Dourthe Grands Terroirs S... | 분포:True
[2026-03-16 18:26:39]  [60/788] [성공] Chard Farm Closeburn Char... | 분포:True
[2026-03-16 18:26:39]  [58/788] [성공] Dönnhoff Kahlenberg Riesl... | 분포:True
[2026-03-16 18:26:39]  [59/788] [성공] Château Clarke Listrac-Mé... | 분포:True
[2026-03-16 18:26:39] --- 중간 저장: 누적 2843건 ---
[2026-03-16 18:26:51]  [67/788] [성공] Dorigo Refosco dal Pedunc... | 분포:True
[2026-03-16 18:26:51]  [65/788] [성공] Ornellaia Le Serre Nuove ... | 분포:True
[2026-03-16 18:26:51]  [63/788] [성공] Carchelo Altico (A) 2008... | 분포:True
[2026-03-16 18:26:51]  [70/788] [성공] Domaine Comte Georges de ... | 분포:True
[2026-03-16 18:26:51]  [69/788] [성공] La Taille Aux Loups Montl... | 분포:True
[2026-03-16 18:26:52]  [61/788] [성공] Zonin Chianti Classico 20... | 분포:False
[2026-03-16 18:26:52]  [66/788] [성공] Donnafugata Sul Vulcano E... | 분포:True
[2026-03-16 18:26:52]  [72/788] [성공] Fallbrook Chardonnay 2008... | 분포:False
[2026-03-16 18:26:52]  [62/788] [성공] Nederburg Manor House Shi... | 분포:True
[2026-03-16 18:26:52]  [71/788] [성공] Aromo Reserva Privada Syr... | 분포:True
[2026-03-16 18:26:52]  [64/788] [성공] Aromo Cabernet Sauvignon ... | 분포:True
[2026-03-16 18:26:52]  [68/788] [성공] Doña Paula El Alto Parcel... | 분포:True
[2026-03-16 18:26:53]  [73/788] [성공] Huguenot Marsannay Blanc ... | 분포:True
[2026-03-16 18:26:54]  [77/788] [성공] Ruca Malen Malbec 2005... | 분포:True
[2026-03-16 18:26:54]  [76/788] [성공] Becker Landgraf J² Musche... | 분포:True
[2026-03-16 18:26:54]  [81/788] [성공] Domaine Marquis d'Angervi... | 분포:True
[2026-03-16 18:26:54]  [82/788] [성공] Château Sainte-Marie Rése... | 분포:False
[2026-03-16 18:26:55]  [79/788] [성공] Stephane Vedeau J. Boutin... | 분포:True
[2026-03-16 18:26:55]  [84/788] [성공] Parés Baltà Indigena Garn... | 분포:True
[2026-03-16 18:26:55]  [78/788] [성공] Dulong Bordeaux Blanc Sec... | 분포:False
[2026-03-16 18:26:55]  [83/788] [성공] Black Stallion Cabernet S... | 분포:True
[2026-03-16 18:26:55]  [74/788] [성공] Carobbio Leone Sangiovese... | 분포:True
[2026-03-16 18:26:55]  [80/788] [성공] O. Fournier Spiga Ribera ... | 분포:True
[2026-03-16 18:26:56]  [86/788] [성공] Domaine des Malandes Chab... | 분포:True
[2026-03-16 18:26:56]  [87/788] [성공] Gibbston Valley GV Collec... | 분포:True
[2026-03-16 18:26:56]  [89/788] [성공] Poliziano Asinone Vino No... | 분포:True
[2026-03-16 18:26:56]  [88/788] [성공] Taittinger Comtes de Cham... | 분포:True
[2026-03-16 18:26:56]  [85/788] [성공] Clearview Estate Reserve ... | 분포:True
[2026-03-16 18:26:57]  [75/788] [성공] Terrazas de los Andes Res... | 분포:True
[2026-03-16 18:26:57]  [90/788] [성공] Oldenburg Vineyards Caber... | 분포:True
[2026-03-16 18:26:58] --- 중간 저장: 누적 2873건 ---
[2026-03-16 18:27:07]  [95/788] [성공] Château Sociando-Mallet L... | 분포:True
[2026-03-16 18:27:07]  [92/788] [성공] Mas de Daumas Gassac Haut... | 분포:True
[2026-03-16 18:27:08]  [94/788] [성공] Pecchenino San Luigi Dogl... | 분포:True
[2026-03-16 18:27:08]  [98/788] [성공] Bruno Paillard Première C... | 분포:True
[2026-03-16 18:27:08]  [93/788] [성공] Taittinger Comtes de Cham... | 분포:True
[2026-03-16 18:27:08]  [99/788] [성공] Errazuriz Max Reserva Car... | 분포:True
[2026-03-16 18:27:08]  [96/788] [성공] Château Montrose Saint-Es... | 분포:True
[2026-03-16 18:27:08]  [97/788] [성공] Casa Silva Chardonnay - S... | 분포:True
[2026-03-16 18:27:08]  [91/788] [성공] Pilandro Terecrèa 2023... | 분포:True
[2026-03-16 18:27:08]  [100/788] [성공] Oremus Tokaji Aszú 5 Putt... | 분포:True
[2026-03-16 18:27:09]  [101/788] [성공] J. Lohr Vineyards & Wines... | 분포:True
[2026-03-16 18:27:09]  [102/788] [성공] Eos Estate Zinfandel Port... | 분포:True
[2026-03-16 18:27:09]  [103/788] [성공] Domaine du Pelican Arbois... | 분포:True
[2026-03-16 18:27:09]  [104/788] [성공] Château la Pirouette Médo... | 분포:True
[2026-03-16 18:27:10]  [106/788] [성공] Domaine Boris Champy Alti... | 분포:True
[2026-03-16 18:27:11]  [109/788] [성공] Michele Chiarlo Barbaresc... | 분포:True
[2026-03-16 18:27:11]  [111/788] [성공] Jean Buscher Spätburgunde... | 분포:True
[2026-03-16 18:27:11]  [108/788] [성공] Mantellassi Querciolaia M... | 분포:False
[2026-03-16 18:27:11]  [112/788] [성공] Casa de Uco El Salvaje Ma... | 분포:True
[2026-03-16 18:27:11]  [105/788] [성공] Prunotto Dolcetto d'Alba ... | 분포:True
[2026-03-16 18:27:12]  [110/788] [성공] Gibbston Valley Pinot Noi... | 분포:True
[2026-03-16 18:27:12]  [113/788] [성공] Bethany GR Reserve Shiraz... | 분포:True
[2026-03-16 18:27:12]  [116/788] [성공] Valli Gibbston Vineyard P... | 분포:True
[2026-03-16 18:27:12]  [107/788] [성공] Château Sociando-Mallet H... | 분포:True
[2026-03-16 18:27:12]  [115/788] [성공] Xanadu Dragon Shiraz 2010... | 분포:True
[2026-03-16 18:27:13]  [117/788] [성공] Kakhetian Traditional Win... | 분포:False
[2026-03-16 18:27:13]  [114/788] [성공] El Descanso Estate Cabern... | 분포:True
[2026-03-16 18:27:13]  [118/788] [성공] Tommasi Crearo della Conc... | 분포:True
[2026-03-16 18:27:13]  [120/788] [성공] Tua Rita Keir 2017... | 분포:True
[2026-03-16 18:27:13]  [119/788] [성공] ARPEPE Rosso di Valtellin... | 분포:True
[2026-03-16 18:27:14] --- 중간 저장: 누적 2903건 ---
[2026-03-16 18:27:25]  [126/788] [성공] Two Paddocks Riesling 202... | 분포:True
[2026-03-16 18:27:25]  [132/788] [성공] Craggy Range Aroha Te Mun... | 분포:True
[2026-03-16 18:27:25]  [129/788] [성공] Maximin Grünhaus Maximin ... | 분포:True
[2026-03-16 18:27:25]  [122/788] [성공] Casa Vinicola Bennati Cěr... | 분포:True
[2026-03-16 18:27:25]  [121/788] [성공] Montes Classic Series / R... | 분포:True
[2026-03-16 18:27:25]  [125/788] [성공] Casa Silva Cabernet Sauvi... | 분포:True
[2026-03-16 18:27:25]  [130/788] [성공] Casa Mayor Old Vines Cabe... | 분포:True
[2026-03-16 18:27:25]  [127/788] [성공] Domaine la Colombette Plu... | 분포:True
[2026-03-16 18:27:26]  [128/788] [성공] Domaine Bonnardot Bourgog... | 분포:True
[2026-03-16 18:27:26]  [124/788] [성공] Catabbo Petriera Rosso 20... | 분포:True
[2026-03-16 18:27:26]  [123/788] [성공] Avignonesi Vino Nobile di... | 분포:True
[2026-03-16 18:27:26]  [131/788] [성공] Domaine Marc Morey & Fils... | 분포:True
[2026-03-16 18:27:27]  [134/788] [성공] Esk Valley The Terraces R... | 분포:True
[2026-03-16 18:27:28]  [133/788] [성공] Saxenburg Select Shiraz 2... | 분포:True
[2026-03-16 18:27:28]  [136/788] [성공] Dönnhoff Felsenberg GG 20... | 분포:True
[2026-03-16 18:27:28]  [135/788] [성공] Domaine A. et P. de Villa... | 분포:True
[2026-03-16 18:27:29]  [137/788] [성공] Rippon 'Tinker's Field' M... | 분포:True
[2026-03-16 18:27:29]  [138/788] [성공] Perez Cruz Liguai 2005... | 분포:True
[2026-03-16 18:27:29]  [140/788] [성공] Domaine Les Aurelles Sole... | 분포:True
[2026-03-16 18:27:29]  [141/788] [성공] Alexandre Bain Spring Pou... | 분포:False
[2026-03-16 18:27:29]  [143/788] [성공] Paul Bara Millesimé Brut ... | 분포:True
[2026-03-16 18:27:29]  [142/788] [성공] Schloss Gobelsburg Domaen... | 분포:True
[2026-03-16 18:27:29]  [144/788] [성공] Kollwentz Gloria 2023... | 분포:True
[2026-03-16 18:27:30]  [139/788] [성공] Domaine de Piéblanc La Tu... | 분포:True
[2026-03-16 18:27:30]  [145/788] [!] 데이터 없음: https://www.vivino.com/en/the-big-top-white-zinfandel/w/1173261?price_id=25740254
[2026-03-16 18:27:31]  [146/788] [성공] Egon Müller - Scharzhof S... | 분포:True
[2026-03-16 18:27:31]  [147/788] [성공] Schloss Johannisberg Silb... | 분포:True
[2026-03-16 18:27:31]  [150/788] [성공] Schäfer-Fröhlich Felsenec... | 분포:True
[2026-03-16 18:27:31]  [149/788] [성공] Tenuta Ulisse Pecorino (U... | 분포:True
[2026-03-16 18:27:32]  [148/788] [성공] Tement Kalk & Kreide Sauv... | 분포:True
[2026-03-16 18:27:32] --- 중간 저장: 누적 2932건 ---
[2026-03-16 18:27:44]  [151/788] [성공] Domaine Michelas St Jemms... | 분포:True
[2026-03-16 18:27:44]  [154/788] [성공] Banfi Cum Laude 2009... | 분포:True
[2026-03-16 18:27:44]  [156/788] [성공] Avignonesi Rosso di Monte... | 분포:True
[2026-03-16 18:27:44]  [158/788] [성공] TerraMater Paso del Sol C... | 분포:True
[2026-03-16 18:27:45]  [155/788] [성공] Castello di Ama Chianti C... | 분포:True
[2026-03-16 18:27:45]  [153/788] [성공] Egon Müller - Scharzhof S... | 분포:True
[2026-03-16 18:27:45]  [157/788] [성공] Château La Marzelle Châte... | 분포:True
[2026-03-16 18:27:45]  [152/788] [성공] Beau-Rivage Rouge 2005... | 분포:True
[2026-03-16 18:27:45]  [159/788] [성공] Stone Cellars Cabernet Sa... | 분포:True
[2026-03-16 18:27:45]  [162/788] [성공] Penfolds Bin 51 Riesling ... | 분포:True
[2026-03-16 18:27:46]  [161/788] [성공] Barkan Classic Cabernet S... | 분포:True
[2026-03-16 18:27:46]  [160/788] [성공] Moulin de Gassac Elise 20... | 분포:True
[2026-03-16 18:27:46]  [165/788] [성공] Warre's King's Tawny Port... | 분포:True
[2026-03-16 18:27:47]  [166/788] [성공] Banfi Belnero (Proprietor... | 분포:True
[2026-03-16 18:27:47]  [163/788] [성공] Weinbau Uwe Schiefer Cuvé... | 분포:False
[2026-03-16 18:27:47]  [164/788] [성공] Porta Sauvignon Blanc 200... | 분포:True
[2026-03-16 18:27:47]  [168/788] [성공] I Gadi Valpolicella Class... | 분포:True
[2026-03-16 18:27:47]  [169/788] [성공] Planeta Burdese 2016... | 분포:True
[2026-03-16 18:27:48]  [170/788] [성공] Domaine Tempier Bandol Cu... | 분포:True
[2026-03-16 18:27:48]  [167/788] [성공] Beringer White Zinfandel ... | 분포:True
[2026-03-16 18:27:48]  [171/788] [성공] Santa Rita Medalla Real (... | 분포:True
[2026-03-16 18:27:48]  [173/788] [성공] Chalk Hill Cabernet Sauvi... | 분포:True
[2026-03-16 18:27:48]  [174/788] [성공] Jean Foillard Morgon 2023... | 분포:True
[2026-03-16 18:27:49]  [172/788] [성공] Stellenzicht Merlot Golde... | 분포:True
[2026-03-16 18:27:49]  [175/788] [성공] Prats & Symington (P+S) P... | 분포:True
[2026-03-16 18:27:49]  [178/788] [성공] Paulus Reserva Selección ... | 분포:False
[2026-03-16 18:27:49]  [177/788] [성공] Mitchelton Preece Caberne... | 분포:True
[2026-03-16 18:27:49]  [179/788] [성공] Best's Bin No 0 Shiraz 20... | 분포:True
[2026-03-16 18:27:50]  [180/788] [성공] Kopke Colheita Port 1978... | 분포:True
[2026-03-16 18:27:50]  [176/788] [성공] Ferrari Perlé Nero Riserv... | 분포:True
[2026-03-16 18:27:51] --- 중간 저장: 누적 2962건 ---
[2026-03-16 18:28:01]  [181/788] [성공] Prunotto Occhetti Nebbiol... | 분포:True
[2026-03-16 18:28:01]  [187/788] [성공] Nautilus The Paper Nautil... | 분포:True
[2026-03-16 18:28:01]  [186/788] [성공] Glaetzer Wallace (Shiraz ... | 분포:True
[2026-03-16 18:28:01]  [183/788] [성공] St. Michael-Eppan Müller ... | 분포:True
[2026-03-16 18:28:01]  [192/788] [성공] Le Petit Chat - Malin Ros... | 분포:True
[2026-03-16 18:28:01]  [189/788] [성공] J. Bouchon Mingre Assembl... | 분포:True
[2026-03-16 18:28:01]  [188/788] [성공] Bisquertt Family Vineyard... | 분포:True
[2026-03-16 18:28:02]  [190/788] [성공] Domaine Weinbach Clos des... | 분포:True
[2026-03-16 18:28:02]  [185/788] [성공] Bodegas Marqués de Cácere... | 분포:True
[2026-03-16 18:28:02]  [191/788] [성공] Carrick Chardonnay 2022... | 분포:True
[2026-03-16 18:28:02]  [184/788] [성공] Château Vartely Merlot Se... | 분포:True
[2026-03-16 18:28:02]  [182/788] [성공] Bernhard Ott Ried Spiegel... | 분포:True
[2026-03-16 18:28:03]  [197/788] [성공] Rupert & Rothschild Baron... | 분포:True
[2026-03-16 18:28:04]  [201/788] [성공] Kressmann Grande Réserve ... | 분포:True
[2026-03-16 18:28:04]  [200/788] [성공] Domaine Weinbach Clos des... | 분포:True
[2026-03-16 18:28:05]  [194/788] [성공] Cloudy Bay Sauvignon Blan... | 분포:True
[2026-03-16 18:28:05]  [198/788] [성공] Protea Chenin Blanc 2018... | 분포:True
[2026-03-16 18:28:05]  [193/788] [성공] Domaine Comte Georges de ... | 분포:True
[2026-03-16 18:28:05]  [195/788] [성공] Bethany Steinbruch Riesli... | 분포:True
[2026-03-16 18:28:06]  [204/788] [성공] Kollwentz Zweigelt Leitha... | 분포:True
[2026-03-16 18:28:06]  [205/788] [성공] Paritua 21-12 2021... | 분포:True
[2026-03-16 18:28:06]  [202/788] [성공] Domeniile Alexandrion Rhe... | 분포:True
[2026-03-16 18:28:06]  [199/788] [성공] Kopke Fine White Port... | 분포:True
[2026-03-16 18:28:06]  [196/788] [성공] Markowitsch Alte Reben Gr... | 분포:True
[2026-03-16 18:28:07]  [203/788] [성공] Remy Nodin Les Eygas Corn... | 분포:True
[2026-03-16 18:28:07]  [206/788] [성공] Carrick Josephine Rieslin... | 분포:True
[2026-03-16 18:28:07]  [207/788] [성공] Domaine Dujardin Monthéli... | 분포:True
[2026-03-16 18:28:07]  [209/788] [성공] Viña Aquitania Lazuli Cab... | 분포:True
[2026-03-16 18:28:07]  [208/788] [성공] Joseph Pascal Volnay 2023... | 분포:True
[2026-03-16 18:28:07]  [210/788] [성공] Tenuta San Guido Sassicai... | 분포:True
[2026-03-16 18:28:08] --- 중간 저장: 누적 2992건 ---
[2026-03-16 18:28:16]  [216/788] [성공] Weingut Knoll Loibner Rie... | 분포:True
[2026-03-16 18:28:17]  [218/788] [성공] Michele Chiarlo Faset Bar... | 분포:True
[2026-03-16 18:28:17]  [212/788] [성공] Errazuriz Max Reserva Cha... | 분포:True
[2026-03-16 18:28:17]  [217/788] [성공] St. Michael-Eppan Lagrein... | 분포:True
[2026-03-16 18:28:17]  [215/788] [성공] St. Michael-Eppan Sanct V... | 분포:True
[2026-03-16 18:28:17]  [223/788] [!] 데이터 없음: https://www.vivino.com/en/grand-esprit-la-mysteriale-chateauneuf-du-pape/w/6202556?year=2016&price_id=22366943
[2026-03-16 18:28:18]  [213/788] [성공] Egon Müller - Scharzhof R... | 분포:True
[2026-03-16 18:28:18]  [214/788] [성공] Errazuriz Max Reserva Sau... | 분포:True
[2026-03-16 18:28:18]  [224/788] [!] 데이터 없음: https://www.vivino.com/en/pignier-trousseau-cotes-du-jura/w/1209690?year=2023&price_id=38189714
[2026-03-16 18:28:18]  [225/788] [!] 데이터 없음: https://www.vivino.com/en/thymiopoulos-naoussa-alta/w/6311994?year=2022&price_id=38774118
[2026-03-16 18:28:18]  [226/788] [!] 데이터 없음: https://www.vivino.com/en/nz-huia-vineyards-blanc-de-blancs/w/1117201?year=2019&price_id=39388056
[2026-03-16 18:28:18]  [227/788] [!] 데이터 없음: https://www.vivino.com/en/chateau-guiraud-le-g-de-guiraud-bordeaux-blanc-sec/w/1173607?year=2023&price_id=39224383
[2026-03-16 18:28:18]  [211/788] [성공] Bodega Tandem Inmácula 20... | 분포:True
[2026-03-16 18:28:18]  [229/788] [!] 데이터 없음: https://www.vivino.com/en/gancia-pinot-grigio-delle-venezie/w/8953002?year=2005&price_id=37018566
[2026-03-16 18:28:18]  [228/788] [!] 데이터 없음: https://www.vivino.com/en/el-emperador-cabernet-sauvignon-premium/w/2386766?year=2006&price_id=2873801
[2026-03-16 18:28:18]  [230/788] [!] 데이터 없음: https://www.vivino.com/en/gato-negro-merlot/w/5951?year=2004&price_id=15275961
[2026-03-16 18:28:18]  [231/788] [!] 데이터 없음: https://www.vivino.com/en/it-monte-rossa-p-r-brut/w/1377468?price_id=3973211
[2026-03-16 18:28:18]  [219/788] [성공] Hans Herzog - Hans Family... | 분포:True
[2026-03-16 18:28:18]  [220/788] [성공] Beelgara Estate Cabernet ... | 분포:False
[2026-03-16 18:28:18]  [232/788] [!] 데이터 없음: https://www.vivino.com/en/domaine-a-f-gros-vosne-romanee-maizieres/w/1100242?year=2023&price_id=40825914
[2026-03-16 18:28:19]  [233/788] [!] 데이터 없음: https://www.vivino.com/en/joseph-pascal-puligny-montrachet-blanc/w/3979819?year=2023&price_id=39375456
[2026-03-16 18:28:19]  [234/788] [!] 데이터 없음: https://www.vivino.com/en/royal-oporto-vintage-port/w/81161?year=2005&price_id=22322649
[2026-03-16 18:28:19]  [221/788] [성공] Badger Mountain Merlot (N... | 분포:True
[2026-03-16 18:28:19]  [222/788] [성공] Viu Manent Secreto Pinot ... | 분포:True
[2026-03-16 18:28:19]  [235/788] [!] 데이터 없음: https://www.vivino.com/en/maculan-torcolato/w/81726?year=2018&price_id=36736909
[2026-03-16 18:28:19]  [236/788] [!] 데이터 없음: https://www.vivino.com/en/weingut-knoll-ried-kreutles-loibner-gruner-veltliner-smaragd/w/1102931?year=2022&price_id=40814050
[2026-03-16 18:28:19]  [237/788] [!] 데이터 없음: https://www.vivino.com/en/porto-cruz-ruby-port/w/1779582?price_id=38979663
[2026-03-16 18:28:19]  [238/788] [!] 데이터 없음: https://www.vivino.com/en/toasted-head-chardonnay/w/1138765?year=2002&price_id=2895035
[2026-03-16 18:28:19]  [239/788] [!] 데이터 없음: https://www.vivino.com/en/chateau-clarke-listrac-medoc/w/1148646?year=1990&price_id=38183104
[2026-03-16 18:28:19]  [240/788] [!] 데이터 없음: https://www.vivino.com/en/sa-prum-graacher-himmelreich-riesling-spatlese/w/88365?year=2022&price_id=37843889
[2026-03-16 18:28:19] --- 중간 저장: 누적 3004건 ---
[2026-03-16 18:28:26]  [241/788] [!] 데이터 없음: https://www.vivino.com/en/di-majo-norante-don-luigi-riserva/w/1194843?year=2019&price_id=38554975
[2026-03-16 18:28:26]  [243/788] [!] 데이터 없음: https://www.vivino.com/en/little-beauty-sauvignon-blanc/w/1758778?year=2013&price_id=15466425
[2026-03-16 18:28:26]  [242/788] [!] 데이터 없음: https://www.vivino.com/en/felton-road-macmuir-pinot-noir/w/10746241?year=2024&price_id=39388054
[2026-03-16 18:28:26]  [244/788] [!] 데이터 없음: https://www.vivino.com/en/valli-bannockburn-vineyard-pinot-noir/w/86089?year=2023&price_id=39388043
[2026-03-16 18:28:26]  [245/788] [!] 데이터 없음: https://www.vivino.com/en/peter-mertes-platinum-riesling/w/1148807?year=2016&price_id=14650490
[2026-03-16 18:28:26]  [246/788] [!] 데이터 없음: https://www.vivino.com/en/oller-del-mas-bernat-oller/w/1143677?year=2008&price_id=14650478
[2026-03-16 18:28:26]  [247/788] [!] 데이터 없음: https://www.vivino.com/en/jacob-s-creek-chardonnay/w/2706?year=2017&price_id=16375730
[2026-03-16 18:28:26]  [248/788] [!] 데이터 없음: https://www.vivino.com/en/von-winning-sauvignon-blanc-500/w/2041250?year=2022&price_id=40908358
[2026-03-16 18:28:26]  [249/788] [!] 데이터 없음: https://www.vivino.com/en/alain-graillot-crozes-hermitage-rouge/w/1708022?year=2023&price_id=40532725
[2026-03-16 18:28:26]  [250/788] [!] 데이터 없음: https://www.vivino.com/en/erbaluna-vigna-rocche-barolo/w/1177136?year=2003&price_id=2894967
[2026-03-16 18:28:26]  [251/788] [!] 데이터 없음: https://www.vivino.com/en/graci-arcuria-etna-bianco/w/2486745?year=2016&price_id=19070158
[2026-03-16 18:28:26]  [252/788] [!] 데이터 없음: https://www.vivino.com/en/bonneau-du-martray-corton-charlemagne-grand-cru/w/82779?year=2010&price_id=40828597
[2026-03-16 18:28:26]  [253/788] [!] 데이터 없음: https://www.vivino.com/en/barranco-oscuro-el-pino-rojo/w/1660603?year=2022&price_id=38505554
[2026-03-16 18:28:27]  [254/788] [!] 데이터 없음: https://www.vivino.com/en/domaine-francois-villard-saint-joseph-poivre-et-sol/w/1178083?year=2022&price_id=39190043
[2026-03-16 18:28:27]  [255/788] [!] 데이터 없음: https://www.vivino.com/en/domaine-roger-belland-criots-batard-montrachet-grand-cru/w/98163?year=2018&price_id=33035207
[2026-03-16 18:28:27]  [256/788] [!] 데이터 없음: https://www.vivino.com/en/chateau-musar-rouge-gaston-hochar/w/75190?year=2018&price_id=38662721
[2026-03-16 18:28:27]  [257/788] [!] 데이터 없음: https://www.vivino.com/en/olivier-pithon-mon-p-tit-pithon-blanc/w/2249336?year=2023&price_id=38520530
[2026-03-16 18:28:27]  [258/788] [!] 데이터 없음: https://www.vivino.com/en/paul-jaboulet-aine-parallele-45-cotes-du-rhone-rouge-bio/w/1838039?year=1945&price_id=7944209
[2026-03-16 18:28:27]  [261/788] [!] 데이터 없음: https://www.vivino.com/en/bisquertt-la-joya-reserve-merlot/w/1196721?year=2004&price_id=14650431
[2026-03-16 18:28:27]  [262/788] [!] 데이터 없음: https://www.vivino.com/en/warres-heritage-ruby-port/w/1718142?price_id=2873635
[2026-03-16 18:28:27]  [263/788] [!] 데이터 없음: https://www.vivino.com/en/terra-sancta-single-block-slapjack-block-pinot-noir/w/1902965?year=2021&price_id=33629527
[2026-03-16 18:28:27]  [264/788] [!] 데이터 없음: https://www.vivino.com/en/penfolds-koonunga-hill-shiraz/w/1992?year=2017&price_id=19327056
[2026-03-16 18:28:27]  [265/788] [!] 데이터 없음: https://www.vivino.com/en/bernhard-ott-der-ott/w/92158?year=2023&price_id=37843984
[2026-03-16 18:28:27]  [266/788] [!] 데이터 없음: https://www.vivino.com/en/robert-mondavi-winery-twin-oaks-zinfandel/w/1145414?year=2004&price_id=14541111
[2026-03-16 18:28:27]  [267/788] [!] 데이터 없음: https://www.vivino.com/en/domdechant-wernersches-weingut-hochheim-riesling-classic/w/1163767?year=2010&price_id=14650394
[2026-03-16 18:28:27]  [260/788] [!] 데이터 없음: https://www.vivino.com/en/joh-jos-prum-wehlener-sonnenuhr-riesling-kabinett/w/1208450?year=2023&price_id=37843606
[2026-03-16 18:28:27]  [259/788] [!] 데이터 없음: https://www.vivino.com/en/michele-chiarlo-barolo-cannubi/w/86573?year=2001&price_id=2895075
[2026-03-16 18:28:27]  [268/788] [!] 데이터 없음: https://www.vivino.com/en/saint-clair-family-estate-origin-sauvignon-blanc-marlborough/w/1884747?year=2013&price_id=2873865
[2026-03-16 18:28:27]  [269/788] [!] 데이터 없음: https://www.vivino.com/en/fr-domaine-les-aurelles-solen/w/1470329?year=2012&price_id=40390098
[2026-03-16 18:28:27]  [270/788] [!] 데이터 없음: https://www.vivino.com/en/jean-charles-kieffer-pinot-blanc/w/2528098?year=2024&price_id=40601459
[2026-03-16 18:28:28] --- 중간 저장: 누적 3004건 ---
[2026-03-17 08:47:43] [*] 기존 데이터 3004건 로드됨.
[2026-03-17 08:47:43] [*] 울트라 패스트 수집 시작: 대상 570건 (병렬:12)
[2026-03-17 08:47:54]  [4/570] [!] 데이터 없음: https://www.vivino.com/en/the-big-top-white-zinfandel/w/1173261?price_id=25740254
[2026-03-17 08:47:55]  [6/570] [성공] Pignier Trousseau Côtes d... | 분포:True
[2026-03-17 08:47:55]  [9/570] [성공] Château Guiraud Le G de G... | 분포:True
[2026-03-17 08:47:55]  [3/570] [!] 데이터 없음: https://www.vivino.com/en/masi-veneto-fresco-di-masi-organic-bianco-verona/w/9445166?price_id=36904704
[2026-03-17 08:47:55]  [1/570] [!] 데이터 없음: https://www.vivino.com/en/barefoot-moscato/w/1201651?price_id=7943990
[2026-03-17 08:47:55]  [2/570] [!] 데이터 없음: https://www.vivino.com/en/contadi-castaldi-franciacorta-rose/w/1309984?price_id=3433419
[2026-03-17 08:47:55]  [11/570] [성공] Gancia Pinot Grigio delle... | 분포:True
[2026-03-17 08:47:56]  [5/570] [성공] Maison de Grand Esprit La... | 분포:True
[2026-03-17 08:47:56]  [7/570] [성공] Thymiopoulos Naoussa Alta... | 분포:True
[2026-03-17 08:47:56]  [8/570] [성공] Huia Blanc de Blancs 2019... | 분포:True
[2026-03-17 08:47:56]  [10/570] [성공] El Emperador Cabernet Sau... | 분포:True
[2026-03-17 08:47:56]  [12/570] [성공] Gato Negro Merlot 2004... | 분포:True
[2026-03-17 08:47:57]  [13/570] [성공] Monte Rossa P.R. Brut... | 분포:True
[2026-03-17 08:47:57]  [16/570] [성공] Royal Oporto Vintage Port... | 분포:True
[2026-03-17 08:47:58]  [15/570] [성공] Joseph Pascal Puligny-Mon... | 분포:True
[2026-03-17 08:47:58]  [17/570] [성공] Maculan Torcolato 2018... | 분포:True
[2026-03-17 08:47:58]  [18/570] [성공] Weingut Knoll Ried Kreutl... | 분포:True
[2026-03-17 08:47:58]  [19/570] [성공] Porto Cruz Ruby Port... | 분포:True
[2026-03-17 08:47:58]  [20/570] [성공] Toasted Head Chardonnay 2... | 분포:True
[2026-03-17 08:47:58]  [14/570] [성공] A.F. Gros Vosne-Romanée M... | 분포:True
[2026-03-17 08:47:58]  [21/570] [성공] Château Clarke Listrac-Mé... | 분포:True
[2026-03-17 08:47:58]  [22/570] [성공] S.A. Prüm Graacher Himmel... | 분포:False
[2026-03-17 08:47:58]  [24/570] [성공] Felton Road MacMuir Pinot... | 분포:True
[2026-03-17 08:47:59]  [23/570] [성공] Di Majo Norante Don Luigi... | 분포:True
[2026-03-17 08:47:59]  [26/570] [성공] Valli Bannockburn Vineyar... | 분포:True
[2026-03-17 08:47:59]  [27/570] [성공] Peter Mertes Platinum Rie... | 분포:True
[2026-03-17 08:47:59]  [30/570] [성공] Von Winning Sauvignon Bla... | 분포:True
[2026-03-17 08:48:00]  [29/570] [성공] Jacob's Creek Chardonnay ... | 분포:True
[2026-03-17 08:48:00]  [25/570] [성공] Little Beauty Sauvignon B... | 분포:True
[2026-03-17 08:48:00]  [28/570] [성공] Oller del Mas Bernat Olle... | 분포:True
[2026-03-17 08:48:01] --- 중간 저장: 누적 3030건 ---
[2026-03-17 08:48:12]  [34/570] [성공] Bonneau du Martray Corton... | 분포:True
[2026-03-17 08:48:12]  [35/570] [성공] Barranco Oscuro El Pino R... | 분포:True
[2026-03-17 08:48:12]  [37/570] [성공] Domaine Roger Belland Cri... | 분포:True
[2026-03-17 08:48:12]  [32/570] [성공] Erbaluna Vigna Rocche Bar... | 분포:True
[2026-03-17 08:48:12]  [31/570] [성공] Alain Graillot Crozes-Her... | 분포:True
[2026-03-17 08:48:12]  [38/570] [성공] Château Musar Rouge (Gast... | 분포:True
[2026-03-17 08:48:12]  [41/570] [성공] Michele Chiarlo Barolo Ca... | 분포:True
[2026-03-17 08:48:12]  [42/570] [성공] Joh. Jos. Prüm Wehlener S... | 분포:True
[2026-03-17 08:48:12]  [36/570] [성공] Francois Villard Saint Jo... | 분포:True
[2026-03-17 08:48:12]  [39/570] [성공] Olivier Pithon Mon P'tit ... | 분포:True
[2026-03-17 08:48:12]  [33/570] [성공] Graci Arcurìa Etna Bianco... | 분포:True
[2026-03-17 08:48:12]  [40/570] [성공] Paul Jaboulet Aîné Parall... | 분포:True
[2026-03-17 08:48:14]  [43/570] [성공] Bisquertt Family Vineyard... | 분포:True
[2026-03-17 08:48:14]  [44/570] [성공] Warre's Heritage Ruby Por... | 분포:True
[2026-03-17 08:48:14]  [48/570] [성공] Robert Mondavi Winery Twi... | 분포:True
[2026-03-17 08:48:14]  [53/570] [성공] Alpha Domus The Batten Ch... | 분포:True
[2026-03-17 08:48:14]  [50/570] [성공] Saint Clair Family Estate... | 분포:True
[2026-03-17 08:48:14]  [51/570] [성공] Domaine Les Aurelles Sole... | 분포:True
[2026-03-17 08:48:14]  [54/570] [성공] Les Héritiers du Comte La... | 분포:True
[2026-03-17 08:48:14]  [47/570] [성공] Bernhard Ott Der Ott 2023... | 분포:True
[2026-03-17 08:48:14]  [49/570] [성공] Domdechant Werner Hochhei... | 분포:True
[2026-03-17 08:48:15]  [46/570] [성공] Penfolds Koonunga Hill Sh... | 분포:True
[2026-03-17 08:48:15]  [52/570] [성공] Maison Kieffer Jean-Charl... | 분포:False
[2026-03-17 08:48:15]  [45/570] [성공] Terra Sancta Single Block... | 분포:True
[2026-03-17 08:48:16]  [59/570] [성공] Château Montus Madiran 20... | 분포:True
[2026-03-17 08:48:16]  [60/570] [성공] Château La Roque Pic-Sain... | 분포:True
[2026-03-17 08:48:16]  [55/570] [성공] Beau-Rivage Rouge 2004... | 분포:True
[2026-03-17 08:48:16]  [58/570] [성공] San Marzano NACA Bio 2024... | 분포:True
[2026-03-17 08:48:16]  [56/570] [성공] Penfolds Bin 8 Cabernet -... | 분포:True
[2026-03-17 08:48:16]  [57/570] [성공] Elena Walch Sauvignon (Se... | 분포:True
[2026-03-17 08:48:17] --- 중간 저장: 누적 3060건 ---
[2026-03-17 08:48:28]  [62/570] [성공] Domaine Les Aurelles Sole... | 분포:True
[2026-03-17 08:48:28]  [68/570] [성공] Mt Rosa Pinot Blanc 2024... | 분포:True
[2026-03-17 08:48:28]  [69/570] [성공] Domaine de Bellène Hommag... | 분포:True
[2026-03-17 08:48:29]  [72/570] [성공] Arnozan Réserve des Chart... | 분포:False
[2026-03-17 08:48:29]  [64/570] [성공] Wente Family Vineyards Be... | 분포:True
[2026-03-17 08:48:29]  [65/570] [성공] Montalbera Il Fondatore R... | 분포:True
[2026-03-17 08:48:29]  [70/570] [성공] Joh. Jos. Prüm Graacher H... | 분포:True
[2026-03-17 08:48:29]  [67/570] [성공] Planeta Cometa 2022... | 분포:True
[2026-03-17 08:48:29]  [63/570] [성공] Casale del Giglio Mater M... | 분포:True
[2026-03-17 08:48:29]  [61/570] [성공] Ogier Châteauneuf-du-Pape... | 분포:True
[2026-03-17 08:48:30]  [71/570] [성공] Mount Edward Morrison Vin... | 분포:True
[2026-03-17 08:48:30]  [66/570] [성공] Shaw + Smith Shiraz 2005... | 분포:True
[2026-03-17 08:48:30]  [74/570] [성공] Conterno Fantino Barolo S... | 분포:True
[2026-03-17 08:48:31]  [73/570] [성공] Weingut Knoll Loibner Gel... | 분포:True
[2026-03-17 08:48:31]  [80/570] [성공] Terra Sancta Mysterious D... | 분포:False
[2026-03-17 08:48:31]  [81/570] [성공] Umathum Pinot Gris 2022... | 분포:True
[2026-03-17 08:48:31]  [78/570] [성공] Jacob's Creek Reserve Shi... | 분포:True
[2026-03-17 08:48:31]  [77/570] [성공] Les Grandes Serres Le Jas... | 분포:True
[2026-03-17 08:48:31]  [76/570] [성공] Ernest & Julio Gallo Coas... | 분포:True
[2026-03-17 08:48:31]  [79/570] [성공] Domaine Comte Georges de ... | 분포:True
[2026-03-17 08:48:32]  [75/570] [성공] Domaine de la Jaufrette C... | 분포:True
[2026-03-17 08:48:32]  [83/570] [성공] Saint Clair Family Estate... | 분포:True
[2026-03-17 08:48:32]  [84/570] [성공] Egon Müller - Scharzhof S... | 분포:False
[2026-03-17 08:48:32]  [85/570] [성공] Felton Road Block 3 Pinot... | 분포:True
[2026-03-17 08:48:32]  [82/570] [성공] Carson's Cabernet Sauvign... | 분포:True
[2026-03-17 08:48:32]  [87/570] [성공] Felton Road MacMuir Pinot... | 분포:True
[2026-03-17 08:48:33]  [86/570] [성공] Schloss Johannisberg Gelb... | 분포:True
[2026-03-17 08:48:33]  [89/570] [성공] Argiolas Iselis Rosso 201... | 분포:True
[2026-03-17 08:48:33]  [88/570] [성공] Pegasus Bay Sauvignon Bla... | 분포:True
[2026-03-17 08:48:33]  [90/570] [성공] Les Vins de Vienne - Cuil... | 분포:True
[2026-03-17 08:48:34] --- 중간 저장: 누적 3090건 ---
[2026-03-17 08:48:44]  [91/570] [성공] Duckhorn Estate Grown Mer... | 분포:True
[2026-03-17 08:48:44]  [93/570] [성공] Darling Cellars Chocoholi... | 분포:True
[2026-03-17 08:48:45]  [100/570] [성공] Domaine Arnaud et Sophie ... | 분포:True
[2026-03-17 08:48:45]  [97/570] [성공] Château Clinet Ronan by C... | 분포:True
[2026-03-17 08:48:45]  [96/570] [성공] Jermann Chardonnay 2023... | 분포:True
[2026-03-17 08:48:45]  [101/570] [성공] Merryvale Pinot Noir 2001... | 분포:True
[2026-03-17 08:48:45]  [99/570] [성공] Château de Saint Cosme Li... | 분포:True
[2026-03-17 08:48:45]  [95/570] [성공] Weinbau Uwe Schiefer Reih... | 분포:True
[2026-03-17 08:48:45]  [94/570] [성공] Rotari Brut... | 분포:True
[2026-03-17 08:48:45]  [92/570] [성공] Bethany Old Vine Grenache... | 분포:True
[2026-03-17 08:48:45]  [98/570] [성공] Paraduxx X2 2020... | 분포:True
[2026-03-17 08:48:45]  [102/570] [성공] Cloudy Bay Pinot Noir 200... | 분포:True
[2026-03-17 08:48:46]  [103/570] [성공] Tabali Talinay Pinot Noir... | 분포:True
[2026-03-17 08:48:47]  [104/570] [성공] Château de Ferrand Le Dif... | 분포:True
[2026-03-17 08:48:47]  [106/570] [성공] Joh. Jos. Prüm Wehlener S... | 분포:True
[2026-03-17 08:48:47]  [110/570] [성공] Alto Wine Estate Shiraz 2... | 분포:True
[2026-03-17 08:48:48]  [111/570] [성공] Rancho Zabaco Zinfandel S... | 분포:True
[2026-03-17 08:48:48]  [108/570] [성공] Stephane Montez - Domaine... | 분포:True
[2026-03-17 08:48:48]  [112/570] [성공] Domaine A. et P. de Villa... | 분포:True
[2026-03-17 08:48:48]  [105/570] [성공] Domaine du Pelican Arbois... | 분포:True
[2026-03-17 08:48:48]  [113/570] [성공] Lan Crianza Rioja 2012... | 분포:True
[2026-03-17 08:48:48]  [114/570] [성공] St. Michael-Eppan Sanct V... | 분포:True
[2026-03-17 08:48:49]  [116/570] [성공] Gibbston Valley Rosé 2023... | 분포:True
[2026-03-17 08:48:49]  [107/570] [성공] Nederburg Foundation Shir... | 분포:True
[2026-03-17 08:48:49]  [109/570] [성공] Argyle Minus Five Rieslin... | 분포:True
[2026-03-17 08:48:49]  [115/570] [성공] Bernhard Ott Qvevre 2023... | 분포:False
[2026-03-17 08:48:49]  [117/570] [성공] Château Léoville Las Case... | 분포:True
[2026-03-17 08:48:49]  [119/570] [성공] Skyside Claret 2005... | 분포:True
[2026-03-17 08:48:49]  [118/570] [성공] Rockburn Pinot Noir 2023... | 분포:True
[2026-03-17 08:48:50]  [120/570] [성공] Mascarello Giuseppe e Fig... | 분포:True
[2026-03-17 08:48:50] --- 중간 저장: 누적 3120건 ---
[2026-03-17 08:49:00]  [123/570] [성공] Domaine de la Vougeraie G... | 분포:True
[2026-03-17 08:49:00]  [125/570] [성공] Monte Rossa Sansevè Satèn... | 분포:True
[2026-03-17 08:49:00]  [121/570] [성공] Smith Sheth Cru Heretaung... | 분포:True
[2026-03-17 08:49:00]  [128/570] [성공] Quartz Reef Pinot Gris 20... | 분포:True
[2026-03-17 08:49:00]  [124/570] [성공] Warre's Otima 20 Year Old... | 분포:True
[2026-03-17 08:49:00]  [131/570] [성공] Terra Sancta Single Block... | 분포:True
[2026-03-17 08:49:00]  [130/570] [성공] Château Poujeaux Moulis-e... | 분포:True
[2026-03-17 08:49:01]  [127/570] [성공] Dönnhoff Felsenberg GG 20... | 분포:True
[2026-03-17 08:49:01]  [132/570] [성공] Ruffino Riserva Ducale Ch... | 분포:True
[2026-03-17 08:49:01]  [122/570] [성공] Clos Culombu Storia Di Ec... | 분포:True
[2026-03-17 08:49:01]  [126/570] [성공] Two Paddocks Picnic Riesl... | 분포:True
[2026-03-17 08:49:01]  [129/570] [성공] Alpha Domus The Barnstorm... | 분포:True
[2026-03-17 08:49:03]  [139/570] [성공] Chateau Purcari 1827 Pino... | 분포:True
[2026-03-17 08:49:03]  [135/570] [성공] Rippon Gewurztraminer 202... | 분포:True
[2026-03-17 08:49:03]  [142/570] [성공] Von Winning Sauvignon Bla... | 분포:True
[2026-03-17 08:49:03]  [141/570] [성공] San Pedro Castillo de Mol... | 분포:True
[2026-03-17 08:49:03]  [134/570] [성공] Powers Syrah 2010... | 분포:True
[2026-03-17 08:49:03]  [133/570] [성공] Livio Felluga Refosco dal... | 분포:True
[2026-03-17 08:49:03]  [144/570] [성공] Citation Pinot Noir 2000... | 분포:True
[2026-03-17 08:49:04]  [137/570] [성공] Rivera Castel del Monte R... | 분포:True
[2026-03-17 08:49:04]  [136/570] [성공] Penfolds Bin 311 Chardonn... | 분포:True
[2026-03-17 08:49:04]  [143/570] [성공] Paraduxx Candlestick 2021... | 분포:True
[2026-03-17 08:49:04]  [140/570] [성공] Hans Herzog - Hans Family... | 분포:True
[2026-03-17 08:49:04]  [138/570] [성공] Man O' War Gravestone 201... | 분포:True
[2026-03-17 08:49:05]  [147/570] [성공] Montes Purple Angel 2006... | 분포:True
[2026-03-17 08:49:05]  [150/570] [성공] Coal Pit Proprietor's Res... | 분포:True
[2026-03-17 08:49:05]  [146/570] [성공] Weingut Knoll Ried Schütt... | 분포:True
[2026-03-17 08:49:05]  [148/570] [성공] Starmont Merlot 2002... | 분포:True
[2026-03-17 08:49:06]  [149/570] [성공] Ippolito 1845 Mabilia Cir... | 분포:True
[2026-03-17 08:49:06]  [145/570] [성공] Jidvei Tradițional Feteas... | 분포:True
[2026-03-17 08:49:06] --- 중간 저장: 누적 3150건 ---
[2026-03-17 08:49:14]  [155/570] [성공] Markowitsch Rubin Carnunt... | 분포:True
[2026-03-17 08:49:14]  [152/570] [성공] Greystone Organic Chardon... | 분포:True
[2026-03-17 08:49:14]  [158/570] [성공] Coltibuono Chianti Classi... | 분포:True
[2026-03-17 08:49:14]  [161/570] [성공] Viña Maipo Vitral Reserva... | 분포:True
[2026-03-17 08:49:14]  [160/570] [성공] Argiano Solengo 2018... | 분포:True
[2026-03-17 08:49:15]  [151/570] [성공] Domaine Martin Clerc Cond... | 분포:True
[2026-03-17 08:49:15]  [162/570] [성공] Nederburg Pinotage 2003... | 분포:True
[2026-03-17 08:49:15]  [159/570] [성공] Weingut Richard Östreiche... | 분포:True
[2026-03-17 08:49:15]  [154/570] [성공] Erwin Sabathi Sauvignon B... | 분포:False
[2026-03-17 08:49:15]  [153/570] [성공] Weninger Horitschoner Bla... | 분포:True
[2026-03-17 08:49:15]  [157/570] [성공] Folonari Chianti 2015... | 분포:True
[2026-03-17 08:49:16]  [156/570] [성공] Domeniile Alexandrion Rhe... | 분포:True
[2026-03-17 08:49:16]  [165/570] [성공] Brokenwood Graveyard Vine... | 분포:True
[2026-03-17 08:49:16]  [167/570] [성공] Château d'Yquem Y 1985... | 분포:True
[2026-03-17 08:49:17]  [166/570] [성공] Badger Mountain Cabernet ... | 분포:True
[2026-03-17 08:49:17]  [172/570] [성공] Michel Redde Barre A Mine... | 분포:True
[2026-03-17 08:49:17]  [168/570] [성공] Saint Clair Family Estate... | 분포:True
[2026-03-17 08:49:17]  [163/570] [성공] Gibbston Valley Reserve P... | 분포:True
[2026-03-17 08:49:17]  [169/570] [성공] Pignier Vin Jaune Côtes d... | 분포:True
[2026-03-17 08:49:18]  [173/570] [성공] Fonterutoli Chianti Class... | 분포:True
[2026-03-17 08:49:18]  [171/570] [성공] Bodegas Ximénez-Spínola O... | 분포:True
[2026-03-17 08:49:18]  [175/570] [성공] Markowitsch Chardonnay 20... | 분포:True
[2026-03-17 08:49:18]  [164/570] [성공] Kalleske Old Vine Grenach... | 분포:True
[2026-03-17 08:49:19]  [176/570] [성공] Hans Herzog - Hans Family... | 분포:True
[2026-03-17 08:49:19]  [170/570] [성공] Salentein Primus Pinot No... | 분포:True
[2026-03-17 08:49:19]  [174/570] [성공] Doctors Flat Pinot Noir 2... | 분포:True
[2026-03-17 08:49:19]  [177/570] [성공] Abtei Himmerod Feinherb R... | 분포:True
[2026-03-17 08:49:19]  [180/570] [성공] Sterling Vineyards Napa V... | 분포:True
[2026-03-17 08:49:19]  [179/570] [성공] Egon Müller - Scharzhof S... | 분포:True
[2026-03-17 08:49:20]  [178/570] [성공] Skyside Chardonnay 2005... | 분포:True
[2026-03-17 08:49:20] --- 중간 저장: 누적 3180건 ---
[2026-03-17 08:49:28]  [184/570] [성공] Gonzalez-Byass Elegante S... | 분포:True
[2026-03-17 08:49:29]  [191/570] [성공] F.X. Pichler Ried Steiner... | 분포:True
[2026-03-17 08:49:29]  [190/570] [성공] Domeniile Alexandrion Rhe... | 분포:True
[2026-03-17 08:49:29]  [183/570] [성공] Mt Rosa Pinot Gris 2024... | 분포:True
[2026-03-17 08:49:29]  [189/570] [성공] Wolf Blass Gold Label Coo... | 분포:True
[2026-03-17 08:49:29]  [185/570] [성공] Prunotto Barolo Bussia 20... | 분포:True
[2026-03-17 08:49:29]  [187/570] [성공] Out of Africa Pinotage 20... | 분포:True
[2026-03-17 08:49:29]  [192/570] [성공] Monkey Puzzle Cabernet Sa... | 분포:False
[2026-03-17 08:49:29]  [186/570] [성공] Aldo Conterno Barbera d'A... | 분포:True
[2026-03-17 08:49:30]  [182/570] [성공] Umathum Sauvignon Blanc 2... | 분포:False
[2026-03-17 08:49:30]  [181/570] [성공] Château Vartely Feteasca ... | 분포:True
[2026-03-17 08:49:30]  [188/570] [성공] Frus Bianco 2016... | 분포:True
[2026-03-17 08:49:31]  [194/570] [성공] Alpha Domus The Navigator... | 분포:True
[2026-03-17 08:49:31]  [196/570] [성공] Egon Müller - Scharzhof R... | 분포:True
[2026-03-17 08:49:31]  [193/570] [성공] Cliff Lede Stags Leap Dis... | 분포:True
[2026-03-17 08:49:31]  [195/570] [성공] Mon Cheval LeChar Pinot N... | 분포:True
[2026-03-17 08:49:32]  [199/570] [성공] Baron de Ley Rosado de Lá... | 분포:True
[2026-03-17 08:49:32]  [200/570] [성공] A.F. Gros Richebourg Gran... | 분포:True
[2026-03-17 08:49:32]  [198/570] [성공] Bodegas Muga Selección Es... | 분포:True
[2026-03-17 08:49:32]  [201/570] [성공] Schäfer-Fröhlich Frühling... | 분포:True
[2026-03-17 08:49:32]  [202/570] [성공] Château de Brégançon La R... | 분포:True
[2026-03-17 08:49:32]  [197/570] [성공] Rosemount Bright & Fresh ... | 분포:False
[2026-03-17 08:49:33]  [204/570] [성공] Cave de Turckheim Rieslin... | 분포:True
[2026-03-17 08:49:33]  [205/570] [성공] Bodega Cauzón Iradei 2023... | 분포:True
[2026-03-17 08:49:33]  [203/570] [성공] Gallo Family Vineyards So... | 분포:True
[2026-03-17 08:49:33]  [210/570] [성공] Escudo Rojo Carménère Res... | 분포:True
[2026-03-17 08:49:34]  [206/570] [성공] Taylors / Wakefield St. A... | 분포:True
[2026-03-17 08:49:34]  [207/570] [성공] Domaine Giachino Monfarin... | 분포:True
[2026-03-17 08:49:34]  [208/570] [성공] Vinyes d'En Gabriel L'Her... | 분포:True
[2026-03-17 08:49:34]  [209/570] [성공] TerraNoble CA2 Costa Carm... | 분포:True
[2026-03-17 08:49:35] --- 중간 저장: 누적 3210건 ---
[2026-03-17 08:49:43]  [212/570] [성공] Heron's Flight Sangiovese... | 분포:False
[2026-03-17 08:49:44]  [214/570] [성공] Moritz Kissinger Chardonn... | 분포:True
[2026-03-17 08:49:44]  [213/570] [성공] Billecart-Salmon Brut Rés... | 분포:True
[2026-03-17 08:49:44]  [221/570] [성공] Leeuwin Estate Art Series... | 분포:True
[2026-03-17 08:49:44]  [220/570] [성공] Passage Rock Reserve Char... | 분포:True
[2026-03-17 08:49:44]  [219/570] [성공] Georges Duboeuf Prestige ... | 분포:True
[2026-03-17 08:49:44]  [218/570] [성공] Weinert Carrascal 2000... | 분포:True
[2026-03-17 08:49:44]  [223/570] [!] 데이터 없음: https://www.vivino.com/en/jean-foillard-morgon-cote-du-py/w/1105335?year=2023&price_id=40577452
[2026-03-17 08:49:45]  [224/570] [!] 데이터 없음: https://www.vivino.com/en/aromo-barrel-selection-cabernet-sauvignon-carmenere-petit-verdot-maule-valley-red-wine/w/42194?year=2009&price_id=2873769
[2026-03-17 08:49:45]  [215/570] [성공] Casa Mayor Old Vines Char... | 분포:True
[2026-03-17 08:49:45]  [225/570] [!] 데이터 없음: https://www.vivino.com/en/bellingham-homestead-series-pinotage/w/5087615?year=2014&price_id=9901657
[2026-03-17 08:49:45]  [226/570] [!] 데이터 없음: https://www.vivino.com/en/cantina-tollo-cagiolo-montepulciano-d-abruzzo-riserva/w/1506003?year=2015&price_id=26506328
[2026-03-17 08:49:45]  [227/570] [!] 데이터 없음: https://www.vivino.com/en/la-chablisienne-grande-cuvee-chablis-1er-cru/w/1711342?year=2003&price_id=7953588
[2026-03-17 08:49:45]  [228/570] [!] 데이터 없음: https://www.vivino.com/en/tenuta-regaleali-lamuri-nero-d-avola-sicilia/w/1516856?year=2014&price_id=20945507
[2026-03-17 08:49:45]  [229/570] [!] 데이터 없음: https://www.vivino.com/en/cest-la-vie-beaujolais-nouveau/w/1988045?year=2013&price_id=7953608
[2026-03-17 08:49:45]  [230/570] [!] 데이터 없음: https://www.vivino.com/en/velich-welschriesling/w/3102458?year=2024&price_id=40393520
[2026-03-17 08:49:45]  [211/570] [성공] Weingut Pöckl Pinot Noir ... | 분포:True
[2026-03-17 08:49:45]  [217/570] [성공] Peregrine Pinot Gris 2025... | 분포:True
[2026-03-17 08:49:45]  [216/570] [성공] Domaine Vico Le Bois du C... | 분포:True
[2026-03-17 08:49:45]  [231/570] [!] 데이터 없음: https://www.vivino.com/en/terra-andina-carmenere-carignan-altos/w/1135903?year=2007&price_id=2754445
[2026-03-17 08:49:45]  [232/570] [!] 데이터 없음: https://www.vivino.com/en/valli-waitaki-vineyard-pinot-noir/w/2474333?year=2022&price_id=34771426
[2026-03-17 08:49:45]  [233/570] [!] 데이터 없음: https://www.vivino.com/en/chateau-clement-pichon-haut-medoc/w/1555890?year=1998&price_id=39993488
[2026-03-17 08:49:45]  [222/570] [성공] Callia Magna Terroir Sele... | 분포:True
[2026-03-17 08:49:45]  [234/570] [!] 데이터 없음: https://www.vivino.com/en/luigi-bosca-malbec-mendoza-red-wine/w/2141966?year=2013&price_id=14650410
[2026-03-17 08:49:45]  [235/570] [!] 데이터 없음: https://www.vivino.com/en/mas-de-daumas-gassac-blanc/w/1772933?year=2024&price_id=38620780
[2026-03-17 08:49:45]  [237/570] [!] 데이터 없음: https://www.vivino.com/en/feudi-bizantini-il-rabdomante-montepulciano-d-abruzzo/w/4500470?year=2022&price_id=40301843
[2026-03-17 08:49:45]  [236/570] [!] 데이터 없음: https://www.vivino.com/en/paraduxx-proprietary-red-napa-valley-red-wine-v-qdy2y/w/3960216?year=2022&price_id=40412272
[2026-03-17 08:49:45]  [238/570] [!] 데이터 없음: https://www.vivino.com/en/henry-pelle-menetou-salon-morogues-blanc/w/1195860?year=2014&price_id=39273199
[2026-03-17 08:49:45]  [239/570] [!] 데이터 없음: https://www.vivino.com/en/prunotto-barbera-d-alba/w/2364791?year=2022&price_id=36485651
[2026-03-17 08:49:45]  [240/570] [!] 데이터 없음: https://www.vivino.com/en/gibbston-valley-diamond-pinot-noir/w/8890590?year=2024&price_id=39913998
[2026-03-17 08:49:46] --- 중간 저장: 누적 3222건 ---
[2026-03-17 08:49:54]  [241/570] [!] 데이터 없음: https://www.vivino.com/en/georges-duboeuf-beaujolais-nouveau-rose/w/1910220?year=2013&price_id=7953645
[2026-03-17 08:49:55]  [242/570] [!] 데이터 없음: https://www.vivino.com/en/perez-cruz-carmenere-limited-edition/w/1258079?year=2005&price_id=2804901
[2026-03-17 08:49:55]  [243/570] [!] 데이터 없음: https://www.vivino.com/en/chateau-clarke-le-merle-blanc-de-chateau-clarke-bordeaux-blanc/w/2140736?year=2013&price_id=2754609
[2026-03-17 08:49:55]  [244/570] [!] 데이터 없음: https://www.vivino.com/en/bodega-y-cavas-de-weinert-malbec/w/2472?year=1997&price_id=2895210
[2026-03-17 08:49:55]  [245/570] [!] 데이터 없음: https://www.vivino.com/en/eos-estate-winery-petite-sirah/w/1632435?year=2004&price_id=2894930
[2026-03-17 08:49:55]  [246/570] [!] 데이터 없음: https://www.vivino.com/en/san-marzano-il-pumo-negroamaro/w/1973766?year=2023&price_id=38546954
[2026-03-17 08:49:55]  [247/570] [!] 데이터 없음: https://www.vivino.com/en/winegut-karthauserhof-eitelsbacher-karthauserhofberg-riesling/w/1170888?year=2014&price_id=40825909
[2026-03-17 08:49:55]  [248/570] [!] 데이터 없음: https://www.vivino.com/en/crabitey-graves-rouge/w/1286327?year=2012&price_id=24742563
[2026-03-17 08:49:55]  [249/570] [!] 데이터 없음: https://www.vivino.com/en/hawk-crest-by-slwc-chardonnay/w/1100550?year=2007&price_id=14540944
[2026-03-17 08:49:55]  [251/570] [!] 데이터 없음: https://www.vivino.com/en/a-et-p-de-villaine-les-saint-jacques-rully/w/80280?year=2024&price_id=41141497
[2026-03-17 08:49:55]  [250/570] [!] 데이터 없음: https://www.vivino.com/en/bernard-gripa-saint-joseph-rouge/w/1141532?year=2023&price_id=40577450
[2026-03-17 08:49:55]  [252/570] [!] 데이터 없음: https://www.vivino.com/en/p-ferraud-and-fils-macon-villages-nouveau/w/1987947?year=2003&price_id=14539951
[2026-03-17 08:49:55]  [253/570] [!] 데이터 없음: https://www.vivino.com/en/bellavista-franciacorta-franciacorta-pas-opere/w/2279028?year=2012&price_id=37435927
[2026-03-17 08:49:55]  [254/570] [!] 데이터 없음: https://www.vivino.com/en/louis-roederer-blanc-de-blancs-brut-champagne-vintage/w/74300?year=2017&price_id=39897694
[2026-03-17 08:49:55]  [255/570] [!] 데이터 없음: https://www.vivino.com/en/domaine-a-f-gros-gevrey-chambertin/w/8464709?year=2021&price_id=37843695
[2026-03-17 08:49:55]  [256/570] [!] 데이터 없음: https://www.vivino.com/en/greywacke-kevin-judd-pinot-gris/w/1130872?year=2024&price_id=39913979
[2026-03-17 08:49:55]  [257/570] [!] 데이터 없음: https://www.vivino.com/en/domaine-heritiers-louis-jadot-corton-pougets-grand-cru-rouge-corton-les-pougets/w/5958361?year=1991&price_id=38161860
[2026-03-17 08:49:55]  [258/570] [!] 데이터 없음: https://www.vivino.com/en/la-buxynoise-reserve-bourgogne-pinot-noir/w/1217960?year=2004&price_id=14549992
[2026-03-17 08:49:55]  [259/570] [!] 데이터 없음: https://www.vivino.com/en/chateau-mouton-rothschild-pauillac-premier-grand-cru-classe/w/1684223?year=2002&price_id=37844035
[2026-03-17 08:49:55]  [262/570] [!] 데이터 없음: https://www.vivino.com/en/chateau-marojallia-chateau-marojallia-margaux/w/1900635?year=2000&price_id=4206392
[2026-03-17 08:49:55]  [263/570] [!] 데이터 없음: https://www.vivino.com/en/jean-bererd-domaine-de-la-madone-beaujolais-villages-nouveau-beaujolais-villages/w/1411480?year=2013&price_id=7943965
[2026-03-17 08:49:55]  [265/570] [!] 데이터 없음: https://www.vivino.com/en/deinhard-riesling-beerenauslese-rheinhessen/w/2298118?year=2004&price_id=13579431
[2026-03-17 08:49:55]  [266/570] [!] 데이터 없음: https://www.vivino.com/en/jean-buscher-rheinhessen-spatburgunder-rose/w/1610516?year=2010&price_id=14650356
[2026-03-17 08:49:55]  [267/570] [!] 데이터 없음: https://www.vivino.com/en/francoise-chauvenet-chablis-ha589/w/2048652?year=2019&price_id=26506377
[2026-03-17 08:49:55]  [268/570] [!] 데이터 없음: https://www.vivino.com/en/famille-perrin-vinsobres-vinsobres-red-wine/w/6013048?year=2022&price_id=38834139
[2026-03-17 08:49:55]  [269/570] [!] 데이터 없음: https://www.vivino.com/en/lunae-liguria-vermentino-etichetta-grigia-grey-label/w/1145850?year=2022&price_id=36485616
[2026-03-17 08:49:55]  [260/570] [!] 데이터 없음: https://www.vivino.com/en/von-buhl-riesling-kabinett-armand/w/1403793?year=2004&price_id=2895103
[2026-03-17 08:49:55]  [261/570] [!] 데이터 없음: https://www.vivino.com/en/il-carmel-carmel-ridge-white-bshrtsqk-rng-q-ynq-zvryt/w/1474776?year=2012&price_id=14650464
[2026-03-17 08:49:55]  [270/570] [!] 데이터 없음: https://www.vivino.com/en/errazuriz-max-reserva-cabernet-sauvignon/w/1990?year=2018&price_id=28411466
[2026-03-17 08:49:55]  [264/570] [!] 데이터 없음: https://www.vivino.com/en/scea-chateau-la-marzelle-saint-emilion-grand-cru-grand-cru-classe/w/1172667?year=2015&price_id=22871468
[2026-03-17 08:49:56] --- 중간 저장: 누적 3222건 ---
[2026-03-17 09:01:29] [*] 기존 데이터 3222건 로드됨.
[2026-03-17 09:01:29] [*] 울트라 패스트 수집 시작: 대상 352건 (병렬:12)
[2026-03-17 09:01:34]  [9/352] [성공] La Chablisienne Grande Cu... | 분포:True
[2026-03-17 09:01:34]  [5/352] [성공] Jean Foillard Morgon Côte... | 분포:True
[2026-03-17 09:01:34]  [4/352] [!] 데이터 없음: https://www.vivino.com/en/the-big-top-white-zinfandel/w/1173261?price_id=25740254
[2026-03-17 09:01:34]  [11/352] [성공] C'est La Vie Beaujolais N... | 분포:True
[2026-03-17 09:01:35]  [2/352] [!] 데이터 없음: https://www.vivino.com/en/contadi-castaldi-franciacorta-rose/w/1309984?price_id=3433419
[2026-03-17 09:01:35]  [6/352] [성공] Aromo Barrel Selection Ca... | 분포:True
[2026-03-17 09:01:35]  [8/352] [성공] Cantina Tollo Cagiòlo Mon... | 분포:True
[2026-03-17 09:01:35]  [7/352] [성공] Bellingham Homestead Seri... | 분포:True
[2026-03-17 09:01:35]  [1/352] [!] 데이터 없음: https://www.vivino.com/en/barefoot-moscato/w/1201651?price_id=7943990
[2026-03-17 09:01:35]  [3/352] [!] 데이터 없음: https://www.vivino.com/en/masi-veneto-fresco-di-masi-organic-bianco-verona/w/9445166?price_id=36904704
[2026-03-17 09:01:35]  [10/352] [성공] Tenuta Regaleali Lamùri N... | 분포:True
[2026-03-17 09:01:35]  [12/352] [성공] Velich Welschriesling 202... | 분포:True
[2026-03-17 09:01:36]  [14/352] [성공] Valli Waitaki Vineyard Pi... | 분포:True
[2026-03-17 09:01:36]  [15/352] [성공] Château Clement-Pichon Ha... | 분포:True
[2026-03-17 09:01:37]  [17/352] [성공] Mas de Daumas Gassac Blan... | 분포:True
[2026-03-17 09:01:37]  [18/352] [성공] Paraduxx Proprietary Red ... | 분포:True
[2026-03-17 09:01:37]  [13/352] [성공] Terra Andina Carmenère - ... | 분포:True
[2026-03-17 09:01:37]  [20/352] [성공] Henry Pellé Menetou-Salon... | 분포:True
[2026-03-17 09:01:37]  [21/352] [성공] Prunotto Barbera d'Alba 2... | 분포:True
[2026-03-17 09:01:37]  [16/352] [성공] Luigi Bosca Malbec 2013... | 분포:True
[2026-03-17 09:01:38]  [24/352] [성공] Perez Cruz Carmenère Limi... | 분포:True
[2026-03-17 09:01:38]  [19/352] [성공] Feudi Bizantini Il Rabdom... | 분포:True
[2026-03-17 09:01:38]  [22/352] [성공] Gibbston Valley Diamond P... | 분포:True
[2026-03-17 09:01:39]  [23/352] [성공] Georges Duboeuf Beaujolai... | 분포:True
[2026-03-17 09:01:39]  [26/352] [성공] Weinert Malbec 1997... | 분포:True
[2026-03-17 09:01:39]  [25/352] [성공] Château Clarke Le Merle B... | 분포:True
[2026-03-17 09:01:39]  [27/352] [성공] Eos Estate Petite Sirah 2... | 분포:True
[2026-03-17 09:01:39]  [28/352] [성공] San Marzano Il Pumo Negro... | 분포:True
[2026-03-17 09:01:40]  [29/352] [성공] Karthäuserhof Eitelsbache... | 분포:True
[2026-03-17 09:01:41]  [30/352] [성공] Château Crabitey Graves R... | 분포:True
[2026-03-17 09:01:41] --- 중간 저장: 누적 3248건 ---
[2026-03-17 09:01:52]  [33/352] [성공] Domaine A. et P. de Villa... | 분포:True
[2026-03-17 09:01:52]  [32/352] [성공] Bernard Gripa Saint-Josep... | 분포:True
[2026-03-17 09:01:52]  [34/352] [성공] Pierre Ferraud & Fils Mâc... | 분포:False
[2026-03-17 09:01:53]  [36/352] [성공] Louis Roederer Blanc de B... | 분포:True
[2026-03-17 09:01:53]  [38/352] [성공] Greywacke Pinot Gris 2024... | 분포:True
[2026-03-17 09:01:53]  [37/352] [성공] A.F. Gros Gevrey-Chambert... | 분포:True
[2026-03-17 09:01:53]  [39/352] [성공] Domaine des Héritiers Lou... | 분포:True
[2026-03-17 09:01:53]  [35/352] [성공] Bellavista Franciacorta P... | 분포:True
[2026-03-17 09:01:53]  [31/352] [성공] Hawk Crest by SLWC Chardo... | 분포:True
[2026-03-17 09:01:53]  [41/352] [성공] Château Mouton Rothschild... | 분포:True
[2026-03-17 09:01:54]  [40/352] [성공] La Buxynoise Réserve Bour... | 분포:True
[2026-03-17 09:01:54]  [42/352] [성공] Reichsrat von Buhl Riesli... | 분포:True
[2026-03-17 09:01:55]  [48/352] [성공] Jean Buscher Spätburgunde... | 분포:True
[2026-03-17 09:01:55]  [44/352] [성공] Domaines Philippe Porcher... | 분포:True
[2026-03-17 09:01:55]  [50/352] [성공] Famille Perrin Vinsobres ... | 분포:False
[2026-03-17 09:01:55]  [46/352] [성공] Château La Marzelle Saint... | 분포:True
[2026-03-17 09:01:55]  [43/352] [성공] Carmel (יקבי כרמל) Carmel... | 분포:True
[2026-03-17 09:01:55]  [47/352] [성공] Deinhard Riesling Beerena... | 분포:True
[2026-03-17 09:01:55]  [45/352] [성공] Jean Bererd Domaine de La... | 분포:True
[2026-03-17 09:01:56]  [52/352] [성공] Errazuriz Max Reserva Cab... | 분포:True
[2026-03-17 09:01:56]  [51/352] [성공] Lunae Vermentino (Etichet... | 분포:True
[2026-03-17 09:01:56]  [53/352] [성공] Hugel Classic Riesling 20... | 분포:True
[2026-03-17 09:01:56]  [49/352] [성공] Françoise Chauvenet Chabl... | 분포:True
[2026-03-17 09:01:56]  [54/352] [성공] Domaine A. et P. de Villa... | 분포:False
[2026-03-17 09:01:57]  [57/352] [성공] Domaine Chante Cigale Vie... | 분포:True
[2026-03-17 09:01:57]  [56/352] [성공] Destiny Bay Vineyards Mys... | 분포:True
[2026-03-17 09:01:57]  [60/352] [성공] Domaine des Beaumont Char... | 분포:True
[2026-03-17 09:01:57]  [58/352] [성공] Louis Roederer Collection... | 분포:True
[2026-03-17 09:01:58]  [55/352] [성공] Markowitsch Schüttenberg ... | 분포:True
[2026-03-17 09:01:58]  [59/352] [성공] Nautilus Pinot Gris 2025... | 분포:True
[2026-03-17 09:01:59] --- 중간 저장: 누적 3278건 ---
[2026-03-17 09:02:11]  [66/352] [성공] Clos Bellane Urgonien 1.1... | 분포:True
[2026-03-17 09:02:11]  [62/352] [성공] Wilhelm Bergmann Eiswein ... | 분포:False
[2026-03-17 09:02:11]  [65/352] [성공] F.X. Pichler Grüner Veltl... | 분포:False
[2026-03-17 09:02:12]  [67/352] [성공] Fratelli Cella Lambrusco ... | 분포:True
[2026-03-17 09:02:12]  [61/352] [성공] Ubertas Project D Shiraz ... | 분포:True
[2026-03-17 09:02:12]  [64/352] [성공] Bernhard Ott Am Berg 2024... | 분포:True
[2026-03-17 09:02:12]  [71/352] [성공] Mills Reef Elspeth Syrah ... | 분포:True
[2026-03-17 09:02:13]  [63/352] [성공] Domaine de Chevalier Pess... | 분포:True
[2026-03-17 09:02:13]  [68/352] [성공] Luca Laborde Double Selec... | 분포:True
[2026-03-17 09:02:13]  [72/352] [성공] Kaiken Ultra Malbec 2005... | 분포:True
[2026-03-17 09:02:14]  [69/352] [성공] Venica & Venica Ronco del... | 분포:True
[2026-03-17 09:02:14]  [70/352] [성공] Casas Patronales Syrah Re... | 분포:True
[2026-03-17 09:02:14]  [74/352] [성공] Hugo Casanova Carmenère R... | 분포:True
[2026-03-17 09:02:15]  [76/352] [성공] Domain Road Vineyard Symp... | 분포:True
[2026-03-17 09:02:15]  [73/352] [성공] Bernhard Ott Cuvée Spectr... | 분포:True
[2026-03-17 09:02:16]  [82/352] [성공] Paraduxx Winemakers Serie... | 분포:True
[2026-03-17 09:02:16]  [80/352] [성공] Argiolas S'Elegas Nuragus... | 분포:True
[2026-03-17 09:02:16]  [79/352] [성공] Cooper Mountain Reserve P... | 분포:True
[2026-03-17 09:02:16]  [81/352] [성공] Seghesio Old Vine Zinfand... | 분포:True
[2026-03-17 09:02:16]  [78/352] [성공] Bernard Gripa Les Pins Sa... | 분포:True
[2026-03-17 09:02:17]  [75/352] [성공] F.X. Pichler Ried Kellerb... | 분포:False
[2026-03-17 09:02:17]  [77/352] [성공] Luigi Bosca Malbec 2014... | 분포:True
[2026-03-17 09:02:17]  [84/352] [성공] Egon Müller - Scharzhof R... | 분포:True
[2026-03-17 09:02:17]  [83/352] [성공] Torre a Cenaia Cenaja Ver... | 분포:False
[2026-03-17 09:02:17]  [85/352] [성공] Schloss Gobelsburg Domaen... | 분포:True
[2026-03-17 09:02:17]  [86/352] [성공] Peregrine Hill Pinot Noir... | 분포:False
[2026-03-17 09:02:18]  [87/352] [성공] Ruggeri Argeo Prosecco Br... | 분포:True
[2026-03-17 09:02:18]  [89/352] [성공] Armas de Guerra Mencía 20... | 분포:True
[2026-03-17 09:02:18]  [88/352] [성공] San Marzano 11 Filari Pri... | 분포:True
[2026-03-17 09:02:19]  [90/352] [성공] Rosemount Show Reserve Ch... | 분포:True
[2026-03-17 09:02:21] --- 중간 저장: 누적 3308건 ---
[2026-03-17 09:02:31]  [93/352] [성공] Tantalus Voilé Reserve 20... | 분포:True
[2026-03-17 09:02:31]  [91/352] [성공] Lamberti Chardonnay 2016... | 분포:False
[2026-03-17 09:02:32]  [92/352] [성공] Franz Hirtzberger Singerr... | 분포:True
[2026-03-17 09:02:32]  [94/352] [성공] Pio Cesare Nebbiolo 2015... | 분포:True
[2026-03-17 09:02:32]  [97/352] [성공] Poliziano Lohsa Morellino... | 분포:True
[2026-03-17 09:02:32]  [102/352] [성공] Tenuta di Trinoro Toscana... | 분포:True
[2026-03-17 09:02:32]  [96/352] [성공] Quartz Reef Pinot Noir 20... | 분포:True
[2026-03-17 09:02:32]  [98/352] [성공] Jean-Louis Trocard Chatea... | 분포:True
[2026-03-17 09:02:32]  [101/352] [성공] Marcel Deiss Alsace Rouge... | 분포:True
[2026-03-17 09:02:33]  [99/352] [성공] Markowitsch Chardonnay 20... | 분포:True
[2026-03-17 09:02:33]  [100/352] [성공] Domaine de Bellène Vieill... | 분포:True
[2026-03-17 09:02:33]  [95/352] [성공] Château Tronquoy Tronquoy... | 분포:True
[2026-03-17 09:02:34]  [103/352] [성공] Robert Mondavi Winery Pin... | 분포:True
[2026-03-17 09:02:34]  [104/352] [성공] Mitchelton Blackwood Park... | 분포:False
[2026-03-17 09:02:34]  [105/352] [성공] Moët & Chandon Grand Vint... | 분포:True
[2026-03-17 09:02:35]  [107/352] [성공] Krug Grande Cuvée... | 분포:True
[2026-03-17 09:02:35]  [108/352] [성공] Vasse Felix Cabernet Sauv... | 분포:True
[2026-03-17 09:02:36]  [106/352] [성공] Bodega Tandem Ars In Vitr... | 분포:True
[2026-03-17 09:02:36]  [110/352] [성공] Felton Road Bannockburn P... | 분포:True
[2026-03-17 09:02:36]  [112/352] [성공] Veyder-Malberg Elsarner R... | 분포:True
[2026-03-17 09:02:36]  [114/352] [성공] Domeniile Alexandrion Rhe... | 분포:True
[2026-03-17 09:02:36]  [111/352] [성공] Clos Bellane Urgonien 1.1... | 분포:True
[2026-03-17 09:02:36]  [109/352] [성공] Oriol Rossell Xino-Xano B... | 분포:True
[2026-03-17 09:02:37]  [113/352] [성공] Beaulieu Vineyard (BV) Na... | 분포:True
[2026-03-17 09:02:37]  [115/352] [성공] Saint Clair Family Estate... | 분포:True
[2026-03-17 09:02:37]  [118/352] [성공] Akarua Chardonnay 2024... | 분포:True
[2026-03-17 09:02:37]  [116/352] [성공] Rosemount Blue Mountain M... | 분포:True
[2026-03-17 09:02:38]  [119/352] [성공] Maori Point Pinot Gris 20... | 분포:True
[2026-03-17 09:02:38]  [117/352] [성공] Domaine Giachino Altesse ... | 분포:True
[2026-03-17 09:02:39]  [120/352] [성공] Robert Mondavi Winery Cha... | 분포:True
[2026-03-17 09:02:40] --- 중간 저장: 누적 3338건 ---
[2026-03-17 09:02:51]  [125/352] [성공] Joh. Jos. Prüm Wehlener S... | 분포:True
[2026-03-17 09:02:51]  [128/352] [성공] Domaine A. et P. de Villa... | 분포:True
[2026-03-17 09:02:52]  [132/352] [성공] Schäfer-Fröhlich Weisser ... | 분포:True
[2026-03-17 09:02:52]  [123/352] [성공] Villa Maria Private Bin S... | 분포:True
[2026-03-17 09:02:53]  [131/352] [성공] Felton Road Calvert Pinot... | 분포:True
[2026-03-17 09:02:53]  [124/352] [성공] Domaine du Coulet - Matth... | 분포:True
[2026-03-17 09:02:53]  [122/352] [성공] Domaine Rapet Beaune Les ... | 분포:True
[2026-03-17 09:02:54]  [130/352] [성공] Domaine Lafage Miraflors ... | 분포:True
[2026-03-17 09:02:54]  [127/352] [성공] Cloudy Bay Sauvignon Blan... | 분포:True
[2026-03-17 09:02:54]  [126/352] [성공] Trénel Beaujolais Nouveau... | 분포:True
[2026-03-17 09:02:55]  [121/352] [성공] Prunotto Bric Turot Barba... | 분포:True
[2026-03-17 09:02:55]  [129/352] [성공] Florio Fine Marsala Sweet... | 분포:True
[2026-03-17 09:02:56]  [136/352] [성공] Royal Tokaji Essencia 200... | 분포:True
[2026-03-17 09:02:56]  [135/352] [성공] Tatachilla Foundation Shi... | 분포:True
[2026-03-17 09:02:56]  [134/352] [성공] Château Langoa Barton Sai... | 분포:True
[2026-03-17 09:02:56]  [137/352] [성공] De Faveri Valdobbiadene S... | 분포:True
[2026-03-17 09:02:56]  [138/352] [성공] A.F. Gros Échezeaux Grand... | 분포:True
[2026-03-17 09:02:56]  [133/352] [성공] La Grange Aux Belles La R... | 분포:True
[2026-03-17 09:02:57]  [142/352] [성공] Pyramid Valley Vineyards ... | 분포:True
[2026-03-17 09:02:57]  [141/352] [성공] l'Octavin Sly Vin 2021... | 분포:True
[2026-03-17 09:02:57]  [139/352] [성공] Tussock Jumper Carménère ... | 분포:True
[2026-03-17 09:02:57]  [140/352] [성공] Château Branaire-Ducru Sa... | 분포:True
[2026-03-17 09:02:58]  [145/352] [성공] Pierre Ferraud & Fils Cot... | 분포:False
[2026-03-17 09:02:58]  [147/352] [성공] F.X. Pichler Ried Steiner... | 분포:True
[2026-03-17 09:02:58]  [146/352] [성공] Domaine de la Vougeraie V... | 분포:True
[2026-03-17 09:02:58]  [148/352] [성공] Domaine Lagarde Montagny ... | 분포:True
[2026-03-17 09:02:59]  [144/352] [성공] Bodega Piedra Negra Malbe... | 분포:True
[2026-03-17 09:02:59]  [143/352] [성공] Oriol Rossell Xino-Xano T... | 분포:True
[2026-03-17 09:02:59]  [150/352] [성공] Mirafiore Barbaresco 2002... | 분포:True
[2026-03-17 09:02:59]  [149/352] [성공] Destiny Bay Vineyards Mag... | 분포:True
[2026-03-17 09:03:00] --- 중간 저장: 누적 3368건 ---
[2026-03-17 09:03:11]  [151/352] [성공] Roc d'Anglade Rouge 2021... | 분포:True
[2026-03-17 09:03:11]  [153/352] [성공] Wolf Blass Bilyara Shiraz... | 분포:True
[2026-03-17 09:03:11]  [152/352] [성공] Domaine du Coulet - Matth... | 분포:True
[2026-03-17 09:03:12]  [155/352] [성공] Jean-Louis Trocard Châtea... | 분포:True
[2026-03-17 09:03:12]  [158/352] [성공] Joh. Jos. Prüm Graacher H... | 분포:True
[2026-03-17 09:03:13]  [154/352] [성공] Badger Mountain Chardonna... | 분포:True
[2026-03-17 09:03:13]  [159/352] [성공] Terra Andina Cabernet Sau... | 분포:True
[2026-03-17 09:03:13]  [160/352] [성공] Domaine Lagarde Montagny ... | 분포:True
[2026-03-17 09:03:13]  [156/352] [성공] Stone Cellars Chardonnay ... | 분포:True
[2026-03-17 09:03:13]  [157/352] [성공] Yealands Single Vineyard ... | 분포:True
[2026-03-17 09:03:13]  [161/352] [성공] Kollwentz Eichkogel 2021... | 분포:True
[2026-03-17 09:03:14]  [162/352] [성공] Argiano NC (Non Confundit... | 분포:True
[2026-03-17 09:03:15]  [165/352] [성공] Lindeman's Bin 50 Shiraz ... | 분포:True
[2026-03-17 09:03:15]  [163/352] [성공] Graffigna Limited Release... | 분포:True
[2026-03-17 09:03:15]  [164/352] [성공] Sebestyén Bikavér 2011... | 분포:False
[2026-03-17 09:03:16]  [169/352] [성공] Santa Rita 120 Reserva Es... | 분포:True
[2026-03-17 09:03:16]  [166/352] [성공] Domaine de Chevalier Pess... | 분포:True
[2026-03-17 09:03:17]  [172/352] [성공] Tenuta San Guido Sassicai... | 분포:True
[2026-03-17 09:03:17]  [173/352] [성공] F.X. Pichler Ried Kloster... | 분포:True
[2026-03-17 09:03:17]  [167/352] [성공] Domaine Vacheron Sancerre... | 분포:True
[2026-03-17 09:03:17]  [170/352] [성공] Banfi Fumaio (Sauvignon B... | 분포:True
[2026-03-17 09:03:17]  [168/352] [성공] Balbas Crianza 2016... | 분포:True
[2026-03-17 09:03:17]  [171/352] [성공] Croix Saint-Martin Bordea... | 분포:True
[2026-03-17 09:03:18]  [175/352] [성공] Tio Pepe Palomino Fino Sh... | 분포:True
[2026-03-17 09:03:18]  [174/352] [성공] Man O' War Kulta Tytti 20... | 분포:True
[2026-03-17 09:03:18]  [179/352] [성공] Sanfeletto Conegliano Val... | 분포:True
[2026-03-17 09:03:19]  [176/352] [성공] La Buxynoise Bourgogne Ch... | 분포:False
[2026-03-17 09:03:19]  [180/352] [성공] Villa Maria Reserve Caber... | 분포:True
[2026-03-17 09:03:19]  [177/352] [성공] P. J. Valckenberg Pinot B... | 분포:False
[2026-03-17 09:03:19]  [178/352] [성공] Chalk Hill Luna Cabernet ... | 분포:True
[2026-03-17 09:03:20] --- 중간 저장: 누적 3398건 ---
[2026-03-17 09:03:32]  [183/352] [성공] Mastroberardino Taurasi R... | 분포:True
[2026-03-17 09:03:32]  [184/352] [성공] Two Paddocks The Last Cha... | 분포:True
[2026-03-17 09:03:33]  [181/352] [성공] St. Michael-Eppan Goldmus... | 분포:True
[2026-03-17 09:03:33]  [182/352] [성공] Mitchelton Airstrip White... | 분포:True
[2026-03-17 09:03:33]  [192/352] [성공] Misha's Vineyard The Cade... | 분포:True
[2026-03-17 09:03:33]  [190/352] [성공] Fond Cyprès Cyprès de Toi... | 분포:True
[2026-03-17 09:03:33]  [187/352] [성공] Te Motu Tipua 2019... | 분포:True
[2026-03-17 09:03:34]  [186/352] [성공] Château La Louvière Pessa... | 분포:True
[2026-03-17 09:03:34]  [188/352] [성공] Domaine du Pelican Arbois... | 분포:True
[2026-03-17 09:03:34]  [185/352] [성공] Domaine du Tariquet Côtes... | 분포:True
[2026-03-17 09:03:34]  [191/352] [성공] Wolf Blass Yellow Label S... | 분포:True
[2026-03-17 09:03:34]  [189/352] [성공] Pfaffenheim Gewürztramine... | 분포:False
[2026-03-17 09:03:35]  [193/352] [성공] Domaine Tortochot Cuvée F... | 분포:True
[2026-03-17 09:03:35]  [194/352] [성공] Castello di Ama Chianti C... | 분포:True
[2026-03-17 09:03:37]  [198/352] [성공] Remy Nodin Le Mazel Croze... | 분포:True
[2026-03-17 09:03:37]  [197/352] [성공] O. Fournier B Crux Blend ... | 분포:True
[2026-03-17 09:03:37]  [195/352] [성공] Destiny Bay Vineyards Mys... | 분포:True
[2026-03-17 09:03:37]  [204/352] [성공] Cooper Mountain Mountain ... | 분포:True
[2026-03-17 09:03:37]  [202/352] [성공] Marina Cvetić Riserva Tre... | 분포:True
[2026-03-17 09:03:37]  [196/352] [성공] Château du Breuil Crémant... | 분포:True
[2026-03-17 09:03:38]  [201/352] [성공] Egon Müller - Scharzhof S... | 분포:True
[2026-03-17 09:03:38]  [200/352] [성공] Argiolas Turriga Isola de... | 분포:True
[2026-03-17 09:03:38]  [199/352] [성공] Seghesio Marian's Reserve... | 분포:True
[2026-03-17 09:03:38]  [206/352] [성공] Domaine Leflaive Leflaive... | 분포:True
[2026-03-17 09:03:38]  [205/352] [성공] Domaine Comte Georges de ... | 분포:True
[2026-03-17 09:03:38]  [203/352] [성공] Hans Herzog - Hans Family... | 분포:True
[2026-03-17 09:03:39]  [208/352] [성공] Les Arbillons Saint-Véran... | 분포:False
[2026-03-17 09:03:40]  [210/352] [성공] Cloudy Bay Sauvignon Blan... | 분포:True
[2026-03-17 09:03:40]  [207/352] [성공] Nanny Goat Chardonnay 202... | 분포:False
[2026-03-17 09:03:40]  [209/352] [성공] Solar de Urbezo Garnacha ... | 분포:True
[2026-03-17 09:03:42] --- 중간 저장: 누적 3428건 ---
[2026-03-17 09:03:50]  [212/352] [성공] Bodega Cauzón Duende 2022... | 분포:True
[2026-03-17 09:03:50]  [211/352] [성공] Cycles Gladiator Cabernet... | 분포:True
[2026-03-17 09:03:50]  [216/352] [성공] Craggy Range Marlborough ... | 분포:True
[2026-03-17 09:03:50]  [218/352] [성공] Veyder-Malberg Weitenberg... | 분포:True
[2026-03-17 09:03:51]  [213/352] [성공] Mudbrick Vineyard Reserve... | 분포:True
[2026-03-17 09:03:51]  [219/352] [성공] Parés Baltà Cabernet Fran... | 분포:True
[2026-03-17 09:03:51]  [214/352] [성공] Aromo Casa Lo Matta Caber... | 분포:True
[2026-03-17 09:03:51]  [215/352] [성공] Filliatreau Château Fouqu... | 분포:True
[2026-03-17 09:03:51]  [221/352] [성공] Domaine Bernard-Bonin Meu... | 분포:True
[2026-03-17 09:03:52]  [217/352] [성공] Rings Spätburgunder 2022... | 분포:True
[2026-03-17 09:03:52]  [222/352] [성공] Château Maison Noble Sain... | 분포:True
[2026-03-17 09:03:52]  [226/352] [!] 데이터 없음: https://www.vivino.com/en/frus-bianco/w/6560191?year=2018&price_id=28572008
[2026-03-17 09:03:52]  [227/352] [!] 데이터 없음: https://www.vivino.com/en/tabali-reserva-viognier/w/1676503?year=2014&price_id=7944071
[2026-03-17 09:03:52]  [220/352] [성공] Domaine Tempier Pour Lulu... | 분포:True
[2026-03-17 09:03:52]  [228/352] [!] 데이터 없음: https://www.vivino.com/en/ferrari-trento-brut/w/1367887?price_id=21996687
[2026-03-17 09:03:52]  [230/352] [!] 데이터 없음: https://www.vivino.com/en/escudo-rojo-origine/w/8183449?year=2018&price_id=25610483
[2026-03-17 09:03:52]  [229/352] [!] 데이터 없음: https://www.vivino.com/en/cantina-zaccagnini-il-vino-dal-tralcetto-montepulciano-d-abruzzo/w/1633194?year=2008&price_id=2895320
[2026-03-17 09:03:52]  [231/352] [!] 데이터 없음: https://www.vivino.com/en/domaine-roger-belland-criots-batard-montrachet-grand-cru/w/98163?year=2021&price_id=34663028
[2026-03-17 09:03:53]  [232/352] [!] 데이터 없음: https://www.vivino.com/en/gibbston-valley-le-maitre-pinot-noir/w/1145544?year=2023&price_id=40673704
[2026-03-17 09:03:53]  [223/352] [성공] Oremus Tokaji Late Harves... | 분포:True
[2026-03-17 09:03:53]  [224/352] [성공] Domaine Weinbach Clos des... | 분포:True
[2026-03-17 09:03:53]  [233/352] [!] 데이터 없음: https://www.vivino.com/en/balbas-ancestral-ribera-del-duero/w/8890662?year=2015&price_id=34370288
[2026-03-17 09:03:53]  [234/352] [!] 데이터 없음: https://www.vivino.com/en/jermann-pinot-grigio/w/1989135?year=2024&price_id=41216003
[2026-03-17 09:03:53]  [235/352] [!] 데이터 없음: https://www.vivino.com/en/crios-torrontes/w/1161922?year=2017&price_id=16829991
[2026-03-17 09:03:53]  [236/352] [!] 데이터 없음: https://www.vivino.com/en/brookfields-sun-dried-malbec/w/1555978?year=2024&price_id=40582571
[2026-03-17 09:03:53]  [237/352] [!] 데이터 없음: https://www.vivino.com/en/ruffino-aziano-chianti-classico/w/2184?year=2014&price_id=8524769
[2026-03-17 09:03:53]  [238/352] [!] 데이터 없음: https://www.vivino.com/en/f-x-pichler-ried-loibenberg-riesling-smaragd/w/6659537?year=2022&price_id=37843971
[2026-03-17 09:03:53]  [239/352] [!] 데이터 없음: https://www.vivino.com/en/marina-cvetic-chardonnay/w/93051?year=2011&price_id=14541509
[2026-03-17 09:03:53]  [240/352] [!] 데이터 없음: https://www.vivino.com/en/fernando-pighin-pinot-grigio-friuli-grave/w/22558?year=2005&price_id=2873851
[2026-03-17 09:03:54]  [225/352] [성공] Protea Pinot Grigio 2017... | 분포:True
[2026-03-17 09:03:55] --- 중간 저장: 누적 3443건 ---
[2026-03-17 09:04:05]  [241/352] [!] 데이터 없음: https://www.vivino.com/en/francis-ford-coppola-winery-diamond-collection-claret/w/1307035?year=2004&price_id=2873840
[2026-03-17 09:04:05]  [242/352] [!] 데이터 없음: https://www.vivino.com/en/santa-carolina-barrica-selection-gran-reserva-cabernet-sauvignon/w/8238?year=2004&price_id=14650483
[2026-03-17 09:04:05]  [243/352] [!] 데이터 없음: https://www.vivino.com/en/saxenburg-private-collection-cabernet-sauvignon/w/15588?year=2003&price_id=2754271
[2026-03-17 09:04:05]  [244/352] [!] 데이터 없음: https://www.vivino.com/en/von-winning-sauvignon-blanc-ii/w/2412168?year=2022&price_id=38459368
[2026-03-17 09:04:05]  [245/352] [!] 데이터 없음: https://www.vivino.com/en/quintodecimo-giallo-d-arles-greco-di-tufo/w/1211299?year=2017&price_id=24839149
[2026-03-17 09:04:05]  [246/352] [!] 데이터 없음: https://www.vivino.com/en/puriri-hills-estate/w/1369553?year=2021&price_id=39677271
[2026-03-17 09:04:05]  [247/352] [!] 데이터 없음: https://www.vivino.com/en/wolf-blass-gold-label-president-s-selection-chardonnay/w/2516344?year=2005&price_id=2754482
[2026-03-17 09:04:05]  [248/352] [!] 데이터 없음: https://www.vivino.com/en/louis-roederer-collection-243-champagne/w/10283576?price_id=38708521
[2026-03-17 09:04:05]  [249/352] [!] 데이터 없음: https://www.vivino.com/en/antinori-tuscany-castello-della-sala-bramito-chardonnay/w/1692?year=2017&price_id=36485513
[2026-03-17 09:04:05]  [251/352] [!] 데이터 없음: https://www.vivino.com/en/domaine-a-f-gros-vosne-romanee-les-chalandins/w/7130066?year=2021&price_id=37843578
[2026-03-17 09:04:05]  [250/352] [!] 데이터 없음: https://www.vivino.com/en/vega-sicilia-valbuena-5o-reserva/w/1175427?year=2017&price_id=40641058
[2026-03-17 09:04:05]  [252/352] [!] 데이터 없음: https://www.vivino.com/en/mitchelton-print-shiraz/w/26514?year=2001&price_id=2754568
[2026-03-17 09:04:05]  [253/352] [!] 데이터 없음: https://www.vivino.com/en/markowitsch-carnuntum-cuvee/w/96889?year=2024&price_id=40237222
[2026-03-17 09:04:05]  [254/352] [!] 데이터 없음: https://www.vivino.com/en/prophet-s-rock-pinot-gris/w/2426675?year=2024&price_id=40582562
[2026-03-17 09:04:05]  [255/352] [!] 데이터 없음: https://www.vivino.com/en/amisfield-rkv-reserve-pinot-noir/w/2001541?year=2018&price_id=34079249
[2026-03-17 09:04:06]  [256/352] [!] 데이터 없음: https://www.vivino.com/en/von-winning-ruppertsberger-reiterpfad-riesling/w/1577058?year=2015&price_id=14539674
[2026-03-17 09:04:06]  [257/352] [!] 데이터 없음: https://www.vivino.com/en/di-giulia-rebecca-marche-rosato/w/2737929?year=2018&price_id=23244040
[2026-03-17 09:04:06]  [258/352] [!] 데이터 없음: https://www.vivino.com/en/kalleske-moppa-shiraz/w/16366?year=2015&price_id=21687581
[2026-03-17 09:04:06]  [259/352] [!] 데이터 없음: https://www.vivino.com/en/veuve-clicquot-la-grande-dame-brut-champagne/w/79836?year=2015&price_id=34900887
[2026-03-17 09:04:06]  [260/352] [!] 데이터 없음: https://www.vivino.com/en/coffinet-duvernay-chassagne-montrachet/w/5054476?year=2022&price_id=37464720
[2026-03-17 09:04:06]  [261/352] [!] 데이터 없음: https://www.vivino.com/en/laurent-perrier-la-cuvee-brut-champagne/w/5552281?price_id=26581209
[2026-03-17 09:04:06]  [263/352] [!] 데이터 없음: https://www.vivino.com/en/wolf-blass-bilyara-shiraz/w/1130064?year=2017&price_id=21750617
[2026-03-17 09:04:06]  [262/352] [!] 데이터 없음: https://www.vivino.com/en/pomal-reserva/w/1126214?year=2012&price_id=19327052
[2026-03-17 09:04:06]  [264/352] [!] 데이터 없음: https://www.vivino.com/en/gibbston-valley-china-terrace-chardonnay/w/2620722?year=2024&price_id=40673703
[2026-03-17 09:04:06]  [265/352] [!] 데이터 없음: https://www.vivino.com/en/stonyridge-vineyard-larose-red-blend/w/1631901?year=2009&price_id=20358447
[2026-03-17 09:04:06]  [266/352] [!] 데이터 없음: https://www.vivino.com/en/coopers-creek-sauvignon-blanc/w/36814?year=2008&price_id=14539894
[2026-03-17 09:04:06]  [268/352] [!] 데이터 없음: https://www.vivino.com/en/jermann-vinnae-servus-cella-ribolla-gialla/w/79495?year=2022&price_id=36485515
[2026-03-17 09:04:06]  [270/352] [!] 데이터 없음: https://www.vivino.com/en/us-croze-cabernet-sauvignon/w/1530459?year=2005&price_id=2754248
[2026-03-17 09:04:06]  [267/352] [!] 데이터 없음: https://www.vivino.com/en/when-in-rome-primitivo/w/10570105?price_id=38896638
[2026-03-17 09:04:06]  [269/352] [!] 데이터 없음: https://www.vivino.com/en/mitchelton-central-victoria-blackwood-park-botrytis-riesling/w/2410810?year=2006&price_id=13579494
[2026-03-17 09:04:08] --- 중간 저장: 누적 3443건 ---
[2026-03-17 09:04:19]  [271/352] [!] 데이터 없음: https://www.vivino.com/en/santa-carolina-reserva-de-familia-carmenere/w/8231?year=2010&price_id=2804591
[2026-03-17 09:04:19]  [272/352] [!] 데이터 없음: https://www.vivino.com/en/san-pedro-central-valley-altair/w/1108065?year=2004&price_id=14650403
[2026-03-17 09:04:19]  [273/352] [!] 데이터 없음: https://www.vivino.com/en/francois-martenot-bourgogne-chardonnay-va767/w/6481137?year=2013&price_id=33409680
[2026-03-17 09:04:19]  [274/352] [!] 데이터 없음: https://www.vivino.com/en/astoria-cuvee-lounge-brut/w/1594356?price_id=6227871
[2026-03-17 09:04:19]  [275/352] [!] 데이터 없음: https://www.vivino.com/en/takler-bartina/w/2196362?year=2009&price_id=9156575
[2026-03-17 09:04:19]  [276/352] [!] 데이터 없음: https://www.vivino.com/en/cloof-cab-cult/w/1449930?year=2009&price_id=2754161
[2026-03-17 09:04:19]  [277/352] [!] 데이터 없음: https://www.vivino.com/en/jean-francois-ganevat-mon-rouge-vin-de-pays-vignobles-de-france/w/10479814?year=2023&price_id=40809744
[2026-03-17 09:04:19]  [278/352] [!] 데이터 없음: https://www.vivino.com/en/duckhorn-napa-valley-sauvignon-blanc/w/1128386?year=2004&price_id=2754285
[2026-03-17 09:04:19]  [279/352] [!] 데이터 없음: https://www.vivino.com/en/de-ladoucette-baron-de-l-pouilly-fume/w/74360?year=1989&price_id=38190387
[2026-03-17 09:04:19]  [280/352] [!] 데이터 없음: https://www.vivino.com/en/claude-val-rouge/w/1207933?year=2018&price_id=23660424
[2026-03-17 09:04:19]  [281/352] [!] 데이터 없음: https://www.vivino.com/en/alexandre-bain-terre-d-obus-pouilly-fume/w/4887209?year=2022&price_id=39532756
[2026-03-17 09:04:19]  [282/352] [!] 데이터 없음: https://www.vivino.com/en/dobogo-tokaji-aszu-5-puttonyos/w/3961263?year=2003&price_id=28072535
[2026-03-17 09:04:19]  [286/352] [!] 데이터 없음: https://www.vivino.com/en/dos-lusiadas-pinteivera-tinto/w/1230458?year=2012&price_id=10023571
[2026-03-17 09:04:19]  [287/352] [!] 데이터 없음: https://www.vivino.com/en/dry-river-wines-limited-lovat-vineyard-gewurztraminer/w/1651985?year=2024&price_id=40060724
[2026-03-17 09:04:20]  [283/352] [!] 데이터 없음: https://www.vivino.com/en/bethany-gr-reserve-shiraz/w/32884?year=2008&price_id=2895074
[2026-03-17 09:04:20]  [284/352] [!] 데이터 없음: https://www.vivino.com/en/vina-maipo-vitral-reserva-cabernet-sauvignon/w/68034?year=2016&price_id=15888849
[2026-03-17 09:04:20]  [285/352] [!] 데이터 없음: https://www.vivino.com/en/pecchenino-siri-d-jermu-dogliani-superiore/w/1109278?year=2019&price_id=36736910
[2026-03-17 09:04:20]  [288/352] [!] 데이터 없음: https://www.vivino.com/en/bethany-riesling/w/33144?year=2011&price_id=2895065
[2026-03-17 09:04:20]  [289/352] [!] 데이터 없음: https://www.vivino.com/en/rutini-trumpeter-sauvignon-blanc/w/1690107?year=2015&price_id=8392664
[2026-03-17 09:04:20]  [290/352] [!] 데이터 없음: https://www.vivino.com/en/becker-landgraf-muschelkalk-spatburgunder/w/1232367?year=2018&price_id=38459357
[2026-03-17 09:04:20]  [291/352] [!] 데이터 없음: https://www.vivino.com/en/domaine-comte-georges-de-vogue-bonnes-mares-grand-cru/w/83444?year=2023&price_id=40237674
[2026-03-17 09:04:20]  [292/352] [!] 데이터 없음: https://www.vivino.com/en/weinbau-christoph-polz-ried-hochgrassnitzberg-morillon/w/12114301?year=2022&price_id=39897706
[2026-03-17 09:04:20]  [294/352] [!] 데이터 없음: https://www.vivino.com/en/casa-silva-gran-terroir-de-los-andes-los-lingues-cabernet-sauvignon/w/1144477?year=2014&price_id=16730304
[2026-03-17 09:04:20]  [293/352] [!] 데이터 없음: https://www.vivino.com/en/bernard-bonin-meursault-les-tillets/w/1194314?year=2020&price_id=33689899
[2026-03-17 09:04:20]  [295/352] [!] 데이터 없음: https://www.vivino.com/en/daylight-wine-spirits-the-marlborist-pinot-noir/w/11265059?year=2021&price_id=38147181
[2026-03-17 09:04:20]  [296/352] [!] 데이터 없음: https://www.vivino.com/en/egon-muller-scharzhof-riesling-scharzhof/w/86690?year=2024&price_id=39781022
[2026-03-17 09:04:20]  [300/352] [!] 데이터 없음: https://www.vivino.com/en/mucyn-cornas-hypsos/w/10617154?year=2022&price_id=36700329
[2026-03-17 09:04:20]  [297/352] [!] 데이터 없음: https://www.vivino.com/en/beltran-duo-tempranillo-malbec/w/1157715?year=2009&price_id=14650420
[2026-03-17 09:04:20]  [298/352] [!] 데이터 없음: https://www.vivino.com/en/saint-clair-family-estate-pioneer-block-10-twin-hills-chardonnay/w/1100184?year=2022&price_id=39388051
[2026-03-17 09:04:20]  [299/352] [!] 데이터 없음: https://www.vivino.com/en/louis-m-martini-napa-valley-cabernet-sauvignon/w/83357?year=2016&price_id=24485777
[2026-03-17 09:04:22] --- 중간 저장: 누적 3443건 ---
[2026-03-17 09:04:30]  [301/352] [!] 데이터 없음: https://www.vivino.com/en/folding-hill-orchard-block-pinot-noir/w/4807163?year=2022&price_id=39388066
[2026-03-17 09:04:31]  [302/352] [!] 데이터 없음: https://www.vivino.com/en/chateau-de-rouffiac-cahors-la-passion/w/1713016?year=2009&price_id=7944168
[2026-03-17 09:04:31]  [304/352] [!] 데이터 없음: https://www.vivino.com/en/santalba-organic-viticulture/w/5713933?year=2013&price_id=14650472
[2026-03-17 09:04:31]  [303/352] [!] 데이터 없음: https://www.vivino.com/en/jacob-s-creek-merlot/w/2703?year=2006&price_id=2804842
[2026-03-17 09:04:31]  [305/352] [!] 데이터 없음: https://www.vivino.com/en/gibbston-valley-red-shed-riesling/w/8098367?year=2022&price_id=34233511
[2026-03-17 09:04:31]  [306/352] [!] 데이터 없음: https://www.vivino.com/en/fattoria-dei-barbi-brunello-di-montalcino/w/54214?year=2001&price_id=2754481
[2026-03-17 09:04:31]  [307/352] [!] 데이터 없음: https://www.vivino.com/en/porto-cruz-white-port/w/1596715?price_id=38979671
[2026-03-17 09:04:31]  [308/352] [!] 데이터 없음: https://www.vivino.com/en/donnhoff-riesling-feinherb/w/1141289?year=2023&price_id=37843978
[2026-03-17 09:04:31]  [310/352] [!] 데이터 없음: https://www.vivino.com/en/domaine-leflaive-batard-montrachet-grand-cru/w/84899?year=2021&price_id=37844065
[2026-03-17 09:04:31]  [309/352] [!] 데이터 없음: https://www.vivino.com/en/collefrisio-confronto/w/3865177?year=2014&price_id=18069293
[2026-03-17 09:04:31]  [311/352] [!] 데이터 없음: https://www.vivino.com/en/domaine-tortochot-gevrey-chambertin-les-jeunes-rois/w/1223487?year=2022&price_id=37062882
[2026-03-17 09:04:31]  [312/352] [!] 데이터 없음: https://www.vivino.com/en/chateau-lafite-monteil-bordeaux-superieur/w/1521022?year=2009&price_id=15148035
[2026-03-17 09:04:31]  [313/352] [!] 데이터 없음: https://www.vivino.com/en/casar-de-burbia-tebaida-nemesio-mencia/w/2448869?year=2015&price_id=23983636
[2026-03-17 09:04:31]  [314/352] [!] 데이터 없음: https://www.vivino.com/en/markowitsch-carnuntum-cuvee/w/96889?year=2023&price_id=40237220
[2026-03-17 09:04:31]  [317/352] [!] 데이터 없음: https://www.vivino.com/en/mitolo-reiver-shiraz/w/79012?year=2005&price_id=2804570
[2026-03-17 09:04:31]  [318/352] [!] 데이터 없음: https://www.vivino.com/en/chard-farm-the-tiger-lowburn-pinot-noir/w/2414322?year=2022&price_id=38262018
[2026-03-17 09:04:31]  [319/352] [!] 데이터 없음: https://www.vivino.com/en/stonyridge-vineyard-larose-red-blend/w/1631901?year=2014&price_id=5137385
[2026-03-17 09:04:31]  [323/352] [!] 데이터 없음: https://www.vivino.com/en/umani-ronchi-casal-di-serra-verdicchio-dei-castelli-di-jesi-classico-superiore/w/3743?year=2009&price_id=21591930
[2026-03-17 09:04:31]  [315/352] [!] 데이터 없음: https://www.vivino.com/en/la-forge-estate-cabernet-sauvignon/w/1206644?year=2017&price_id=23660420
[2026-03-17 09:04:31]  [316/352] [!] 데이터 없음: https://www.vivino.com/en/umberto-cesari-tauleto-sangiovese/w/78759?year=2001&price_id=2894958
[2026-03-17 09:04:31]  [320/352] [!] 데이터 없음: https://www.vivino.com/en/chateau-de-saint-martin-grande-reserve-cotes-de-provence-rose/w/1159137?year=2022&price_id=35442864
[2026-03-17 09:04:31]  [321/352] [!] 데이터 없음: https://www.vivino.com/en/saint-clair-family-estate-origin-pinot-noir-marlborough/w/1718504?year=2011&price_id=14650372
[2026-03-17 09:04:32]  [322/352] [!] 데이터 없음: https://www.vivino.com/en/schafer-frohlich-felseneck-riesling-gg/w/1204826?year=2020&price_id=37843956
[2026-03-17 09:04:32]  [324/352] [!] 데이터 없음: https://www.vivino.com/en/domeniile-alexandrion-rhein-1892-prahova-valley-reserve-feteasca-alba/w/1277635?year=2011&price_id=14650438
[2026-03-17 09:04:32]  [325/352] [!] 데이터 없음: https://www.vivino.com/en/gut-oggau-mechthild-weiss/w/1805818?year=2020&price_id=38505527
[2026-03-17 09:04:32]  [326/352] [!] 데이터 없음: https://www.vivino.com/en/mucyn-saint-joseph-les-carats/w/5013941?year=2023&price_id=38118369
[2026-03-17 09:04:32]  [327/352] [!] 데이터 없음: https://www.vivino.com/en/kollwentz-zweigelt-leithakalk/w/8028758?year=2021&price_id=37844100
[2026-03-17 09:04:32]  [328/352] [!] 데이터 없음: https://www.vivino.com/en/robert-mondavi-winery-cabernet-sauvignon/w/2425?year=2004&price_id=15198810
[2026-03-17 09:04:32]  [329/352] [!] 데이터 없음: https://www.vivino.com/en/trenel-fils-beaujolais-villages-nouveau/w/78489?year=2013&price_id=7943966
[2026-03-17 09:04:32]  [330/352] [!] 데이터 없음: https://www.vivino.com/en/fr-chateau-beaumont-haut-medoc/w/1099296?year=2003&price_id=7944074
[2026-03-17 09:04:33] --- 중간 저장: 누적 3443건 ---
[2026-03-17 09:13:48] [*] 기존 데이터 3443건 로드됨.
[2026-03-17 09:13:48] [*] 울트라 패스트 수집 시작: 대상 131건 (병렬:12)
[2026-03-17 09:13:51]  [3/131] [!] 데이터 없음: https://www.vivino.com/en/masi-veneto-fresco-di-masi-organic-bianco-verona/w/9445166?price_id=36904704
[2026-03-17 09:13:51]  [2/131] [!] 데이터 없음: https://www.vivino.com/en/contadi-castaldi-franciacorta-rose/w/1309984?price_id=3433419
[2026-03-17 09:13:51]  [1/131] [!] 데이터 없음: https://www.vivino.com/en/barefoot-moscato/w/1201651?price_id=7943990
[2026-03-17 09:13:51]  [4/131] [!] 데이터 없음: https://www.vivino.com/en/the-big-top-white-zinfandel/w/1173261?price_id=25740254
[2026-03-17 09:13:52]  [10/131] [성공] Domaine Roger Belland Cri... | 분포:True
[2026-03-17 09:13:52]  [11/131] [성공] Gibbston Valley Le Maitre... | 분포:True
[2026-03-17 09:13:52]  [5/131] [성공] Frus Bianco 2018... | 분포:True
[2026-03-17 09:13:52]  [8/131] [성공] Cantina Zaccagnini Il Vin... | 분포:True
[2026-03-17 09:13:52]  [9/131] [성공] Escudo Rojo Origine 2018... | 분포:True
[2026-03-17 09:13:52]  [12/131] [성공] Balbas Ancestral 2015... | 분포:True
[2026-03-17 09:13:52]  [7/131] [성공] Ferrari Trento Brut... | 분포:True
[2026-03-17 09:13:53]  [6/131] [성공] Tabali Reserva Viognier 2... | 분포:True
[2026-03-17 09:13:54]  [17/131] [성공] F.X. Pichler Ried Loibenb... | 분포:True
[2026-03-17 09:13:54]  [18/131] [성공] Marina Cvetić Chardonnay ... | 분포:True
[2026-03-17 09:13:54]  [14/131] [성공] Crios Torrontes 2017... | 분포:True
[2026-03-17 09:13:54]  [15/131] [성공] Brookfields Sun Dried Mal... | 분포:True
[2026-03-17 09:13:54]  [13/131] [성공] Jermann Pinot Grigio 2024... | 분포:True
[2026-03-17 09:13:54]  [16/131] [성공] Ruffino Aziano Chianti Cl... | 분포:True
[2026-03-17 09:13:55]  [19/131] [성공] Pighin Pinot Grigio Friul... | 분포:True
[2026-03-17 09:13:55]  [23/131] [성공] Von Winning Sauvignon Bla... | 분포:True
[2026-03-17 09:13:55]  [21/131] [성공] Santa Carolina Barrica Se... | 분포:True
[2026-03-17 09:13:55]  [20/131] [성공] Francis Ford Coppola Wine... | 분포:True
[2026-03-17 09:13:55]  [24/131] [성공] Quintodecimo Giallo d'Arl... | 분포:True
[2026-03-17 09:13:55]  [26/131] [성공] Wolf Blass Gold Label Pre... | 분포:False
[2026-03-17 09:13:56]  [22/131] [성공] Saxenburg Private Collect... | 분포:True
[2026-03-17 09:13:56]  [25/131] [성공] Puriri Hills Estate 2021... | 분포:True
[2026-03-17 09:13:57]  [27/131] [성공] Louis Roederer Collection... | 분포:True
[2026-03-17 09:13:57]  [29/131] [성공] Vega Sicilia Valbuena 5º ... | 분포:True
[2026-03-17 09:13:57]  [28/131] [성공] Antinori Castello della S... | 분포:True
[2026-03-17 09:13:57]  [30/131] [성공] A.F. Gros Vosne-Romanée '... | 분포:True
[2026-03-17 09:13:58] --- 중간 저장: 누적 3469건 ---
[2026-03-17 09:14:08]  [35/131] [성공] Von Winning Ruppertsberge... | 분포:True
[2026-03-17 09:14:08]  [42/131] [성공] Wolf Blass Bilyara Shiraz... | 분포:True
[2026-03-17 09:14:08]  [41/131] [성공] Viña Pomal Reserva 2012... | 분포:True
[2026-03-17 09:14:09]  [34/131] [성공] Amisfield RKV Reserve Pin... | 분포:True
[2026-03-17 09:14:09]  [32/131] [성공] Markowitsch Carnuntum Cuv... | 분포:True
[2026-03-17 09:14:09]  [38/131] [성공] Veuve Clicquot La Grande ... | 분포:True
[2026-03-17 09:14:09]  [39/131] [성공] Domaine Coffinet-Duvernay... | 분포:True
[2026-03-17 09:14:09]  [37/131] [성공] Kalleske Moppa Shiraz 201... | 분포:True
[2026-03-17 09:14:09]  [33/131] [성공] Prophet's Rock Pinot Gris... | 분포:True
[2026-03-17 09:14:09]  [31/131] [성공] Mitchelton Print Shiraz 2... | 분포:True
[2026-03-17 09:14:09]  [40/131] [성공] Laurent-Perrier La Cuvée ... | 분포:True
[2026-03-17 09:14:09]  [36/131] [성공] Di Giulia Rebecca Marche ... | 분포:True
[2026-03-17 09:14:10]  [43/131] [성공] Gibbston Valley China Ter... | 분포:True
[2026-03-17 09:14:11]  [45/131] [성공] Coopers Creek Sauvignon B... | 분포:True
[2026-03-17 09:14:11]  [46/131] [!] 데이터 없음: https://www.vivino.com/en/when-in-rome-primitivo/w/10570105?price_id=38896638
[2026-03-17 09:14:11]  [44/131] [성공] Stonyridge Vineyard Laros... | 분포:True
[2026-03-17 09:14:11]  [50/131] [성공] Santa Carolina Reserva de... | 분포:True
[2026-03-17 09:14:12]  [51/131] [성공] San Pedro Altair 2004... | 분포:True
[2026-03-17 09:14:12]  [52/131] [성공] Francois Martenot Bourgog... | 분포:False
[2026-03-17 09:14:12]  [47/131] [성공] Jermann Vinnae (Servus Ce... | 분포:True
[2026-03-17 09:14:12]  [53/131] [성공] Astoria Cuvée Lounge Brut... | 분포:True
[2026-03-17 09:14:12]  [49/131] [성공] Croze Cabernet Sauvignon ... | 분포:False
[2026-03-17 09:14:12]  [48/131] [성공] Mitchelton Blackwood Park... | 분포:True
[2026-03-17 09:14:13]  [58/131] [성공] de Ladoucette Baron de L ... | 분포:True
[2026-03-17 09:14:13]  [54/131] [성공] Takler Bartina 2009... | 분포:True
[2026-03-17 09:14:14]  [56/131] [성공] Jean François Ganevat Mon... | 분포:True
[2026-03-17 09:14:14]  [60/131] [성공] Alexandre Bain Terre d'Ob... | 분포:True
[2026-03-17 09:14:14]  [57/131] [성공] Duckhorn Napa Valley Sauv... | 분포:True
[2026-03-17 09:14:14]  [59/131] [성공] Claude Val Rouge 2018... | 분포:True
[2026-03-17 09:14:15]  [55/131] [성공] Cloof Cab Cult 2009... | 분포:True
[2026-03-17 09:14:15] --- 중간 저장: 누적 3498건 ---
[2026-03-17 09:14:26]  [62/131] [성공] Bethany GR Reserve Shiraz... | 분포:True
[2026-03-17 09:14:27]  [63/131] [성공] Viña Maipo Vitral Reserva... | 분포:True
[2026-03-17 09:14:27]  [64/131] [성공] Pecchenino Sirì d'Jermu D... | 분포:True
[2026-03-17 09:14:28]  [61/131] [성공] Dobogó Tokaji Aszú 5 Putt... | 분포:True
[2026-03-17 09:14:29]  [71/131] [성공] Weinbau Christoph Polz Ri... | 분포:True
[2026-03-17 09:14:29]  [69/131] [성공] Becker Landgraf J² Musche... | 분포:True
[2026-03-17 09:14:29]  [70/131] [성공] Domaine Comte Georges de ... | 분포:True
[2026-03-17 09:14:29]  [68/131] [성공] Rutini Trumpeter Sauvigno... | 분포:True
[2026-03-17 09:14:29]  [72/131] [성공] Domaine Bernard-Bonin Meu... | 분포:True
[2026-03-17 09:14:30]  [67/131] [성공] Bethany Riesling 2011... | 분포:True
[2026-03-17 09:14:30]  [65/131] [성공] Dos Lusíadas Pinteivera T... | 분포:True
[2026-03-17 09:14:30]  [66/131] [성공] Dry River Lovat Vineyard ... | 분포:True
[2026-03-17 09:14:30]  [73/131] [성공] Casa Silva Gran Terroir d... | 분포:True
[2026-03-17 09:14:31]  [75/131] [성공] Egon Müller - Scharzhof R... | 분포:True
[2026-03-17 09:14:31]  [77/131] [성공] Saint Clair Family Estate... | 분포:True
[2026-03-17 09:14:32]  [74/131] [성공] Daylight Wine & Spirits T... | 분포:True
[2026-03-17 09:14:32]  [76/131] [성공] Beltran Duo Tempranillo -... | 분포:True
[2026-03-17 09:14:32]  [80/131] [성공] Folding Hill Orchard Bloc... | 분포:False
[2026-03-17 09:14:32]  [78/131] [성공] Louis M. Martini Napa Val... | 분포:True
[2026-03-17 09:14:33]  [79/131] [성공] Domaine Mucyn Cornas Hyps... | 분포:True
[2026-03-17 09:14:33]  [84/131] [성공] Gibbston Valley Red Shed ... | 분포:True
[2026-03-17 09:14:33]  [85/131] [성공] Fattoria dei Barbi Brunel... | 분포:True
[2026-03-17 09:14:33]  [81/131] [성공] Château de Rouffiac Cahor... | 분포:True
[2026-03-17 09:14:34]  [87/131] [성공] Dönnhoff Riesling Feinher... | 분포:True
[2026-03-17 09:14:34]  [83/131] [성공] Santalba Organic Viticult... | 분포:True
[2026-03-17 09:14:34]  [88/131] [성공] Collefrisio Confronto 201... | 분포:True
[2026-03-17 09:14:34]  [82/131] [성공] Jacob's Creek Merlot 2006... | 분포:True
[2026-03-17 09:14:34]  [89/131] [성공] Domaine Leflaive Bâtard-M... | 분포:True
[2026-03-17 09:14:34]  [86/131] [성공] Porto Cruz White Port... | 분포:True
[2026-03-17 09:14:34]  [90/131] [성공] Domaine Tortochot Gevrey-... | 분포:True
[2026-03-17 09:14:35] --- 중간 저장: 누적 3528건 ---
[2026-03-17 09:14:44]  [97/131] [성공] Chard Farm The Tiger Lowb... | 분포:True
[2026-03-17 09:14:44]  [91/131] [성공] Château Lafite Monteil Bo... | 분포:True
[2026-03-17 09:14:44]  [96/131] [성공] Mitolo Reiver Shiraz 2005... | 분포:True
[2026-03-17 09:14:44]  [95/131] [성공] Umberto Cesari Tauleto Sa... | 분포:True
[2026-03-17 09:14:44]  [99/131] [성공] Château de Saint Martin G... | 분포:True
[2026-03-17 09:14:44]  [94/131] [성공] La Forge Estate Cabernet ... | 분포:True
[2026-03-17 09:14:44]  [101/131] [성공] Schäfer-Fröhlich Felsenec... | 분포:True
[2026-03-17 09:14:44]  [93/131] [성공] Markowitsch Carnuntum Cuv... | 분포:True
[2026-03-17 09:14:45]  [102/131] [성공] Umani Ronchi Casal di Ser... | 분포:True
[2026-03-17 09:14:45]  [98/131] [성공] Stonyridge Vineyard Laros... | 분포:True
[2026-03-17 09:14:45]  [100/131] [성공] Saint Clair Family Estate... | 분포:True
[2026-03-17 09:14:45]  [92/131] [성공] Casar de Burbia Tebaida N... | 분포:True
[2026-03-17 09:14:46]  [106/131] [성공] Kollwentz Zweigelt Leitha... | 분포:True
[2026-03-17 09:14:46]  [103/131] [성공] Domeniile Alexandrion Rhe... | 분포:True
[2026-03-17 09:14:47]  [110/131] [성공] Mills Reef Elspeth Cabern... | 분포:False
[2026-03-17 09:14:47]  [104/131] [성공] Gut Oggau Mechthild Weiss... | 분포:True
[2026-03-17 09:14:47]  [108/131] [성공] Trénel Beaujolais-Village... | 분포:True
[2026-03-17 09:14:47]  [113/131] [성공] Fattoria dei Barbi Morell... | 분포:True
[2026-03-17 09:14:47]  [105/131] [성공] Domaine Mucyn Saint-Josep... | 분포:True
[2026-03-17 09:14:47]  [111/131] [성공] Amisfield Sauvignon Blanc... | 분포:True
[2026-03-17 09:14:47]  [107/131] [성공] Robert Mondavi Winery Cab... | 분포:True
[2026-03-17 09:14:47]  [109/131] [성공] Château Beaumont Haut-Méd... | 분포:True
[2026-03-17 09:14:47]  [112/131] [성공] Michele Chiarlo Tortonian... | 분포:True
[2026-03-17 09:14:48]  [114/131] [성공] De Bortoli DB Family Sele... | 분포:True
[2026-03-17 09:14:49]  [119/131] [성공] Montes Alpha M 2006... | 분포:True
[2026-03-17 09:14:49]  [117/131] [성공] Bellavista Alma Gran Cuvé... | 분포:True
[2026-03-17 09:14:49]  [120/131] [성공] J. Bouchon Cabernet Sauvi... | 분포:False
[2026-03-17 09:14:49]  [115/131] [성공] Maison de Grand Esprit Gr... | 분포:True
[2026-03-17 09:14:49]  [116/131] [성공] Eos Estate Tears of Dew L... | 분포:True
[2026-03-17 09:14:50]  [118/131] [성공] Garofoli Antica Osteria R... | 분포:False
[2026-03-17 09:14:51] --- 중간 저장: 누적 3558건 ---
[2026-03-17 09:14:59]  [121/131] [성공] Château Villenouvette Cuv... | 분포:True
[2026-03-17 09:15:00]  [122/131] [성공] Anselmi Capitel Foscarino... | 분포:True
[2026-03-17 09:15:00]  [128/131] [성공] Ramos Pinto Ruby Port... | 분포:True
[2026-03-17 09:15:00]  [123/131] [성공] Michel Sarrazin Givry 'Le... | 분포:True
[2026-03-17 09:15:00]  [131/131] [성공] Brookfields Sun Dried Mal... | 분포:True
[2026-03-17 09:15:00]  [127/131] [성공] Familia Torres Viña Esmer... | 분포:True
[2026-03-17 09:15:00]  [130/131] [성공] O. Fournier Centauri Red ... | 분포:True
[2026-03-17 09:15:00]  [125/131] [성공] Pelee Island Winery Cotta... | 분포:True
[2026-03-17 09:15:00]  [126/131] [성공] Bodega Elias Mora Toro 2V... | 분포:True
[2026-03-17 09:15:00]  [124/131] [성공] Pighin Chardonnay Friuli ... | 분포:False
[2026-03-17 09:15:01]  [129/131] [성공] Mills Reef Elspeth Cabern... | 분포:True
[2026-03-17 09:15:01] --- 중간 저장: 누적 3569건 ---
[2026-03-17 09:15:17] [*] 기존 데이터 3569건 로드됨.
[2026-03-17 09:15:17] [*] 울트라 패스트 수집 시작: 대상 5건 (병렬:12)
[2026-03-17 09:15:19]  [5/5] [!] 데이터 없음: https://www.vivino.com/en/when-in-rome-primitivo/w/10570105?price_id=38896638
[2026-03-17 09:15:19]  [4/5] [!] 데이터 없음: https://www.vivino.com/en/the-big-top-white-zinfandel/w/1173261?price_id=25740254
[2026-03-17 09:15:20]  [3/5] [!] 데이터 없음: https://www.vivino.com/en/masi-veneto-fresco-di-masi-organic-bianco-verona/w/9445166?price_id=36904704
[2026-03-17 09:15:20]  [1/5] [!] 데이터 없음: https://www.vivino.com/en/barefoot-moscato/w/1201651?price_id=7943990
[2026-03-17 09:15:20]  [2/5] [!] 데이터 없음: https://www.vivino.com/en/contadi-castaldi-franciacorta-rose/w/1309984?price_id=3433419
[2026-03-17 09:15:21] --- 중간 저장: 누적 3569건 ---
[2026-03-17 09:18:56] [*] 기존 데이터 3569건 로드됨.
[2026-03-17 09:18:56] [*] 울트라 패스트(보강판) 수집 시작: 대상 5건 (병렬:10)
[2026-03-17 09:19:57]  [1/5] [!] 실패 (https://www.vivino.com/en/barefoot-moscato/w/1201651?price_id=7943990): Page.goto: Timeout 60000ms exceeded.
[2026-03-17 09:19:57]  [2/5] [!] 실패 (https://www.vivino.com/en/contadi-castaldi-franciacorta-rose/w/1309984?price_id=3433419): Page.goto: Timeout 60000ms exceeded.
[2026-03-17 09:19:57]  [3/5] [!] 실패 (https://www.vivino.com/en/masi-veneto-fresco-di-masi-organic-bianco-verona/w/9445166?price_id=36904704): Page.goto: Timeout 60000ms exceeded.
[2026-03-17 09:19:57]  [4/5] [!] 실패 (https://www.vivino.com/en/the-big-top-white-zinfandel/w/1173261?price_id=25740254): Page.goto: Timeout 60000ms exceeded.
[2026-03-17 09:19:57]  [5/5] [!] 실패 (https://www.vivino.com/en/when-in-rome-primitivo/w/10570105?price_id=38896638): Page.goto: Timeout 60000ms exceeded.
[2026-03-17 09:19:58] --- 중간 저장: 누적 3569건 ---
[2026-03-17 09:25:04] [*] 기존 데이터 3569건 로드됨.
[2026-03-17 09:25:04] [*] 울트라 패스트(안정화버전) 수집 시작: 대상 5건 (병렬:10)
[2026-03-17 09:25:05]  [1/5] 수집 시작: https://www.vivino.com/en/barefoot-moscato/w/1201651?price_id=7943990
[2026-03-17 09:25:05]  [2/5] 수집 시작: https://www.vivino.com/en/contadi-castaldi-franciacorta-rose/w/1309984?price_id=3433419
[2026-03-17 09:25:05]  [3/5] 수집 시작: https://www.vivino.com/en/masi-veneto-fresco-di-masi-organic-bianco-verona/w/9445166?price_id=36904704
[2026-03-17 09:25:05]  [4/5] 수집 시작: https://www.vivino.com/en/the-big-top-white-zinfandel/w/1173261?price_id=25740254
[2026-03-17 09:25:05]  [5/5] 수집 시작: https://www.vivino.com/en/when-in-rome-primitivo/w/10570105?price_id=38896638
[2026-03-17 09:25:08]  [3/5] [!] 데이터 수집 실패: https://www.vivino.com/en/masi-veneto-fresco-di-masi-organic-bianco-verona/w/9445166?price_id=36904704
[2026-03-17 09:25:09]  [5/5] [!] 데이터 수집 실패: https://www.vivino.com/en/when-in-rome-primitivo/w/10570105?price_id=38896638
[2026-03-17 09:25:09]  [1/5] [!] 데이터 수집 실패: https://www.vivino.com/en/barefoot-moscato/w/1201651?price_id=7943990
[2026-03-17 09:25:09]  [2/5] [!] 데이터 수집 실패: https://www.vivino.com/en/contadi-castaldi-franciacorta-rose/w/1309984?price_id=3433419
[2026-03-17 09:25:09]  [4/5] [!] 데이터 수집 실패: https://www.vivino.com/en/the-big-top-white-zinfandel/w/1173261?price_id=25740254
[2026-03-17 09:25:10] --- 중간 저장: 누적 3569건 ---
[2026-03-17 09:25:37] [*] 기존 데이터 3569건 로드됨.
[2026-03-17 09:25:37] [*] 울트라 패스트(타임아웃보강) 수집 시작: 대상 5건 (병렬:8)
[2026-03-17 09:25:37]  [1/5] 수집 시작: https://www.vivino.com/en/barefoot-moscato/w/1201651?price_id=7943990
[2026-03-17 09:25:37]  [2/5] 수집 시작: https://www.vivino.com/en/contadi-castaldi-franciacorta-rose/w/1309984?price_id=3433419
[2026-03-17 09:25:37]  [3/5] 수집 시작: https://www.vivino.com/en/masi-veneto-fresco-di-masi-organic-bianco-verona/w/9445166?price_id=36904704
[2026-03-17 09:25:37]  [4/5] 수집 시작: https://www.vivino.com/en/the-big-top-white-zinfandel/w/1173261?price_id=25740254
[2026-03-17 09:25:37]  [5/5] 수집 시작: https://www.vivino.com/en/when-in-rome-primitivo/w/10570105?price_id=38896638
[2026-03-17 09:25:41]  [3/5] [!] 데이터 수집 실패 (재시도 필요): https://www.vivino.com/en/masi-veneto-fresco-di-masi-organic-bianco-verona/w/9445166?price_id=36904704
[2026-03-17 09:25:41]  [5/5] [!] 데이터 수집 실패 (재시도 필요): https://www.vivino.com/en/when-in-rome-primitivo/w/10570105?price_id=38896638
[2026-03-17 09:25:41]  [2/5] [!] 데이터 수집 실패 (재시도 필요): https://www.vivino.com/en/contadi-castaldi-franciacorta-rose/w/1309984?price_id=3433419
[2026-03-17 09:25:41]  [1/5] [!] 데이터 수집 실패 (재시도 필요): https://www.vivino.com/en/barefoot-moscato/w/1201651?price_id=7943990
[2026-03-17 09:25:41]  [4/5] [!] 데이터 수집 실패 (재시도 필요): https://www.vivino.com/en/the-big-top-white-zinfandel/w/1173261?price_id=25740254
[2026-03-17 09:25:42] --- 중간 저장: 누적 3569건 ---
[2026-03-17 09:25:46] [*] 기존 데이터 3569건 로드됨.
[2026-03-17 09:25:46] [*] 울트라 패스트(타임아웃보강) 수집 시작: 대상 5건 (병렬:8)
[2026-03-17 09:25:47]  [1/5] 수집 시작: https://www.vivino.com/en/barefoot-moscato/w/1201651?price_id=7943990
[2026-03-17 09:25:47]  [2/5] 수집 시작: https://www.vivino.com/en/contadi-castaldi-franciacorta-rose/w/1309984?price_id=3433419
[2026-03-17 09:25:47]  [3/5] 수집 시작: https://www.vivino.com/en/masi-veneto-fresco-di-masi-organic-bianco-verona/w/9445166?price_id=36904704
[2026-03-17 09:25:47]  [4/5] 수집 시작: https://www.vivino.com/en/the-big-top-white-zinfandel/w/1173261?price_id=25740254
[2026-03-17 09:25:47]  [5/5] 수집 시작: https://www.vivino.com/en/when-in-rome-primitivo/w/10570105?price_id=38896638
[2026-03-17 09:25:50]  [5/5] [!] 데이터 수집 실패 (재시도 필요): https://www.vivino.com/en/when-in-rome-primitivo/w/10570105?price_id=38896638
[2026-03-17 09:25:50]  [3/5] [!] 데이터 수집 실패 (재시도 필요): https://www.vivino.com/en/masi-veneto-fresco-di-masi-organic-bianco-verona/w/9445166?price_id=36904704
[2026-03-17 09:25:50]  [1/5] [!] 데이터 수집 실패 (재시도 필요): https://www.vivino.com/en/barefoot-moscato/w/1201651?price_id=7943990
[2026-03-17 09:25:50]  [2/5] [!] 데이터 수집 실패 (재시도 필요): https://www.vivino.com/en/contadi-castaldi-franciacorta-rose/w/1309984?price_id=3433419
[2026-03-17 09:25:50]  [4/5] [!] 데이터 수집 실패 (재시도 필요): https://www.vivino.com/en/the-big-top-white-zinfandel/w/1173261?price_id=25740254
[2026-03-17 09:25:51] --- 중간 저장: 누적 3569건 ---
